{
  "accuracy": 0.5872170439414115,
  "balanced_accuracy": 0.4931645991671326,
  "n_classes": 80,
  "n_samples": 1502,
  "top_k_accuracy": {
    "1": 0.5872170439414115,
    "3": 0.8302263648468708,
    "5": 0.9094540612516645,
    "10": 0.9873501997336884
  }
}