{
  "accuracy": 0.6024844720496895,
  "balanced_accuracy": 0.5086713202562505,
  "n_classes": 80,
  "n_samples": 1127,
  "top_k_accuracy": {
    "1": 0.6024844720496895,
    "3": 0.8322981366459627,
    "5": 0.9112688553682342,
    "10": 0.9911268855368234
  }
}