account_code,description,reference,remarks,credit,debit,posting_date
612000,PRLVT SEPA EURL BERNARD,,PRLV SEPA NBE:EURL BERNARD<br />LIB:CREDIT-BAIL,0,1009.22,2024-12-01
445660,PRLVT SEPA EURL BERNARD,,PRLV SEPA NBE:EURL BERNARD<br />LIB:CREDIT-BAIL,0,201.84,2024-12-01
411002,VIREMENT RECU SA GARNIER TRANSPO,,,27008.75,0,2025-11-08
627000,PRELEVEMENT SEPA BOUYGUES TELECO,,,0,89.76,2025-11-26
411001,VIR RECU SCI HENRY SECURITE,,VIR SEPA NPY:SCI HENRY SECURITE IBE:DE79571492966369656769 BIC:DEUTDEFF PDO:DE<br />LIB:REGLEMENT CLIENT FAC2024912,20342.51,0,2024-07-28
512000,VIR INTERNE,,,0,2489.78,2025-03-26
706000,VIREMENT RECU SA BTP CONSTRUCTIO,REF357120,,14580.00,0,2025-05-26
411002,VIR RECU SA GARNIER TRANSPORTS,,,855.58,0,2024-02-27
601100,PRLVT SEPA SA GROUPE LEGRAND,,,0,5750.61,2025-04-28
445660,PRLVT SEPA SA GROUPE LEGRAND,,,0,1150.12,2025-04-28
580000,VIR INTERNE,REF141654,VIR INTERNE<br />LIB:VIREMENT INTERNE,0,28589.77,2025-11-26
628000,CB SARL CONSULTANT RH,,,0,154.33,2024-02-23
623000,CARTE SAS DUPONT,,CB SAS DUPONT<br />LIB:PUBLICITE ANNONCES,0,1097.84,2025-12-26
445660,CARTE SAS DUPONT,,CB SAS DUPONT<br />LIB:PUBLICITE ANNONCES,0,219.57,2025-12-26
701000,VIR RECU SAS CONSEIL RH,,,27428.21,0,2024-08-24
641000,VIR SEPA SALAIRE OCTOBRE,,VIR SEPA<br />LIB:REMUNERATION OCTOBRE,0,2884.88,2024-10-27
601100,PRELEVEMENT SEPA MAIF,,,0,6494.33,2024-09-29
445660,PRELEVEMENT SEPA MAIF,,,0,1298.87,2024-09-29
621000,PRLV SEPA SAS DUPONT,,,0,1319.16,2025-02-04
445660,PRLV SEPA SAS DUPONT,,,0,263.83,2025-02-04
601100,PRLVT SEPA EDF,REF732789,,0,833.33,2024-04-26
445660,PRLVT SEPA EDF,REF732789,,0,166.67,2024-04-26
613200,PRLVT SEPA EURL BERNARD,,,0,2396.72,2025-09-03
445660,PRLVT SEPA EURL BERNARD,,,0,479.35,2025-09-03
411006,VIRRECU SARL LEFEVRE CONSEIL,,VIR SEPA NPY:SARL LEFEVRE CONSEIL IBE:FR9254472416792007230350052 BIC:BNPAFRPP PDO:FR<br />LIB:REGLEMENT CLIENT FAC2024886,20822.03,0,2025-01-04
758700,VIREMENT RECU AXA ASSURANCES,,VIR SEPA NPY:AXA ASSURANCES<br />LIB:INDEMNITE SINISTRE FR71324512,8143.43,0,2025-10-13
645000,PRELEVEMENT SEPA URSSAF,REF389941,,0,18858.92,2024-01-09
713000,VIREMENT RECU SA BTP CONSTRUCTIO,,,4453.26,0,2024-04-16
625100,CARTE EURL BERNARD,REF779481,,0,123.78,2024-07-30
445660,CARTE EURL BERNARD,REF779481,,0,24.76,2024-07-30
512000,VIR INTERNE,,,0,30540.65,2025-06-24
512000,REMISE CHEQUE,REF107294,,7751.70,0,2025-06-06
706000,VIR RECU EURL DESIGN STUDIO,,,6500.00,0,2024-04-29
613200,PRELEVEMENT SEPA SAS FAURE,,,0,2618.97,2024-05-04
445660,PRELEVEMENT SEPA SAS FAURE,,,0,523.79,2024-05-04
661000,FRIS BANCAIRES,,,0,74.87,2025-09-02
649000,VIREMENT RECU CPAM,,VIR SEPA NPY:CPAM<br />LIB:INDEMNITES JOURNALIERES NOVEMBRE,2696.98,0,2025-11-18
512000,FRAIS BANCAIES,,FRAIS BANCAIRES<br />LIB:FRAIS DE GESTION AVRIL,0,22.19,2025-04-25
621000,PRLV SEPA SARL BONNET,,,0,5193.82,2025-03-28
445660,PRLV SEPA SARL BONNET,,,0,1038.76,2025-03-28
431000,PRELEVEMENT SEPA URSSAF,,,0,8086.93,2024-03-14
623000,CARTE ENGIE,REF115493,,0,3333.33,2025-03-25
445660,CARTE ENGIE,REF115493,,0,666.67,2025-03-25
411002,VIR RECU SA GARNIER TRANSPORTS,,VIR SEPA NPY:SA GARNIER TRANSPORTS IBE:BE48861929000308 BIC:GEBABEBB PDO:BE<br />LIB:REGLEMENT CLIENT FAC2024144,4000.00,0,2025-10-07
707000,VIR RECU SA CHIMIE FRANCE,,,20747.40,0,2025-02-25
606100,CB SA FOURNIER,,,0,173.33,2024-07-19
445660,CB SA FOURNIER,,,0,34.67,2024-07-19
625100,CARTE EURL BERNARD,,,0,530.45,2024-08-25
445660,CARTE EURL BERNARD,,,0,106.09,2024-08-25
604000,PAIEMENT CB SARL CONSULTANT RH,,,0,7579.86,2024-06-25
445660,PAIEMENT CB SARL CONSULTANT RH,,,0,1515.97,2024-06-25
401004,VIREMENT SEPA SAS GARCIA INDUSTR,,,0,4720.00,2025-11-16
628000,CB MACIF,,,0,118.17,2024-10-19
615000,PRLVT SEPA SAS GIRARD,,,0,1268.06,2025-03-29
445660,PRLVT SEPA SAS GIRARD,,,0,253.61,2025-03-29
681000,DOTATION AMORTISSEMENT,,LIB:DOTATION AMORTISSEMENT T4 2024,0,3335.33,2024-12-28
626000,PRELEVEMENT SEPA LA POSTE,,PRLV SEPA NBE:LA POSTE<br />LIB:AFFRANCHISSEMENT,0,125.56,2025-05-27
401001,PRLV SEPA EURL GAUTHIER LOGISTIQ,,,0,5783.93,2024-01-29
624000,CB MACIF,,,0,45.18,2025-11-24
445660,CB MACIF,,,0,9.04,2025-11-24
611000,PRLV SEPA SAS FAURE,,PRLV SEPA NBE:SAS FAURE<br />LIB:SOUS-TRAITANCE,0,14285.75,2025-03-29
445660,PRLV SEPA SAS FAURE,,PRLV SEPA NBE:SAS FAURE<br />LIB:SOUS-TRAITANCE,0,2857.15,2025-03-29
445510,VIR SEPA DGFIP TVA,,,0,3476.78,2024-01-18
401002,VIR SARL FOURNIER BTP,,,0,8280.17,2025-11-20
602000,CB SARL GAUTIER,,,0,8026.08,2025-11-28
445660,CB SARL GAUTIER,,,0,1605.22,2025-11-28
771000,VIR RECU SAS AGENCE MEDIA,,,14276.39,0,2024-05-11
645000,PRLVT SEPA URSSAF,,,0,19249.51,2024-06-07
704000,VIR RECU SAS ECO ENERGIE,,VIR SEPA NPY:SAS ECO ENERGIE<br />LIB:TRAVAUX FAC2024328,1505.83,0,2025-05-31
512000,VIR INTERNE,,VIR INTERNE REF:FR38162314<br />LIB:VIREMENT DE COMPTE A COMPTE,0,11233.08,2024-06-30
626000,PRLV SEPA SAS DUVAL,,,0,292.54,2024-10-16
530000,RETRAIT CAISSE,REF347075,,0,1000.00,2025-05-27
641000,VIREMENT SEPA SALAIRE JANVIER,,,0,4900.00,2025-01-31
445710,VIR SEPA DGFIP TVA,,,0,2643.66,2025-01-24
411002,VIR RECU SA GARNIER TRANSPORTS,,,496.54,0,2025-03-16
401006,PRELEVEMENT SEPA SAS ROBIN SECUR,,PRLV SEPA NBE:SAS ROBIN SECURITE<br />LIB:REGLEMENT ACHAT,0,1241.18,2025-07-28
419000,VIR RECU SAS TECHNOLOGY PLUS,,VIR SEPA NPY:SAS TECHNOLOGY PLUS<br />LIB:ACOMPTE CLIENT,9929.05,0,2024-03-26
411007,VIR RECU SARL GARCIA DISTRIBUTIO,REF689807,VIR SEPA NPY:SARL GARCIA DISTRIBUTION IBE:FR6177233592743758002949141 BIC:CCBPFRPP PDO:FR RCN:FAC2024306<br />LIB:REGLEMENT FACTURE FAC2024306,48754.71,0,2025-09-03
641100,VIREMENT SEPA SALAIRE MARS,,,0,3746.03,2025-03-31
401007,VIR SEPA SAS MASSON CONSEIL,REF867435,,0,1370.00,2024-12-19
411004,VIR RECU SA NOEL IMPRIMERIE,,VIR SEPA NPY:SA NOEL IMPRIMERIE IBE:FR8129201921818324290922311 BIC:SOGEFRPP PDO:FR RCN:FAC2025331<br />LIB:REGLEMENT FACTURE FAC2025331,48909.39,0,2024-03-31
613200,PRLV SEPA EURL MERCIER,,,0,1264.10,2024-03-03
445660,PRLV SEPA EURL MERCIER,,,0,252.82,2024-03-03
649000,VIR RECU CPAM,,,64.42,0,2025-01-10
625100,CB EURL BERNARD,REF502370,CB EURL BERNARD<br />LIB:DEPLACEMENT MISSION,0,516.83,2025-07-27
445660,CB EURL BERNARD,REF502370,CB EURL BERNARD<br />LIB:DEPLACEMENT MISSION,0,103.37,2025-07-27
628000,CARTEENGIE,,CB ENGIE<br />LIB:SERVICES BANCAIRES DIVERS,0,11.38,2025-03-21
411001,VIR RECU SCI HENRY SCURITE,,,28321.63,0,2024-07-22
627000,PRELEVEMENT SEPA BOUYGUES TELECO,,,0,73.23,2024-11-16
401003,PRLV SEPA SARL GIRARD SECURITE,,,0,2519.69,2025-12-20
401001,PRLV SEPA EURL GAUTHIER LOGISTIQ,,,0,14104.24,2025-05-27
471000,OPERATION ATTENTE,,LIB:OPERATION EN ATTENTE REF:FR70878110,0,4048.03,2024-03-22
411007,VIR RECU SARL GARCIA DISTRIBUTIO,,,8324.00,0,2024-11-28
512000,REMISE CHEQUE,,,16000.00,0,2025-11-30
627000,PRLV SEPA ORANGE SA,,PRLV SEPA NBE:ORANGE SA<br />LIB:ABONNEMENT MOBILE,0,42.63,2025-01-12
401004,VIR SEPA SAS GARCIA INDUSTRIE,,VIR SEPA REF:FR52591177 NPY:SAS GARCIA INDUSTRIE<br />LIB:COMMANDE FOURNITURES LCC:BON COMMANDE 911141,0,10195.01,2025-09-30
651000,VIR SAS MOREAU,,,0,2670.35,2024-03-25
445660,VIR SAS MOREAU,,,0,534.07,2024-03-25
601100,CB MAIF,REF745584,CB MAIF<br />LIB:ACHAT MARCHANDISES,0,2882.65,2024-02-29
445660,CB MAIF,REF745584,CB MAIF<br />LIB:ACHAT MARCHANDISES,0,576.53,2024-02-29
512000,REMISE CHEQUE,,,17029.78,0,2025-08-02
626100,PRLV SEPA SAS MOREAU,,,0,83.33,2024-12-15
445660,PRLV SEPA SAS MOREAU,,,0,16.67,2024-12-15
606100,CB MACIF,REF286971,CB MACIF<br />LIB:FOURNITURES NON STOCKABLES,0,44.67,2025-01-10
445660,CB MACIF,REF286971,CB MACIF<br />LIB:FOURNITURES NON STOCKABLES,0,8.93,2025-01-10
512000,VIR INTERNE,,,0,14184.40,2025-12-21
621000,PRLV SEPA SARL BONNET,REF663508,,0,8063.82,2025-07-08
445660,PRLV SEPA SARL BONNET,REF663508,,0,1612.76,2025-07-08
408000,FACTURE NON PARVENUE SAS MOREAU,REF991449,,0,3323.67,2025-10-25
401002,VIR SEPA SARL FOURNIER BTP,,,0,2929.65,2025-12-25
641100,VIR SEPA SALAIRE MAI,,,0,1432.34,2025-05-28
704000,VIR RECU SARL MODE TEXTILE,REF750063,,12970.04,0,2025-08-25
708000,VIR RECU SARL COMMERCE DU SUD,,,2827.50,0,2024-01-18
411001,VIR RECU SCI HENRY SECURITE,,,12338.97,0,2024-04-03
624000,CB SAS LAURENT,REF532245,CB SAS LAURENT<br />LIB:TRANSPORT LIVRAISON,0,416.67,2025-04-25
445660,CB SAS LAURENT,REF532245,CB SAS LAURENT<br />LIB:TRANSPORT LIVRAISON,0,83.33,2025-04-25
621000,PRLV SEPA SAS DUPONT,,,0,2844.60,2024-12-02
445660,PRLV SEPA SAS DUPONT,,,0,568.92,2024-12-02
445710,VIR RECU DGFIP,,,28771.99,0,2025-10-23
419000,VIR RECU SA AERO COMPOSANTS,,,13483.65,0,2025-11-29
707000,VIR RECU SAS TECHNOLOGY PLUS,,VIR SEPA NPY:SAS TECHNOLOGY PLUS<br />LIB:VENTE MARCHANDISES FAC2025036,10486.32,0,2025-03-13
580000,VIR INTERNE,,,0,30831.72,2024-11-26
401001,VIR EURL GAUTHIER LOGISTIQUE,,,0,6987.49,2024-10-26
615000,PRLV SEPA SARL SIMON,,,0,615.64,2025-03-02
445660,PRLV SEPA SARL SIMON,,,0,123.13,2025-03-02
627000,PRLV SEPA OVH SAS,REF639831,,0,33.11,2025-12-07
649000,VIREMENT RECU CPAM,,VIR SEPA NPY:CPAM<br />LIB:INDEMNITES JOURNALIERES OCTOBRE,2956.41,0,2025-10-06
641000,VIR SEPA SALAIRE MAI,,,0,2158.63,2024-05-31
626100,PRLVT SEPA SA DUVAL,REF702968,,0,123.06,2025-08-27
445660,PRLVT SEPA SA DUVAL,REF702968,,0,24.61,2025-08-27
164000,PRLV SEPA ECHEANCE EMPRUNT,,,0,2836.50,2025-05-13
661100,PRLV SEPA ECHEANCE EMPRUNT,,,0,638.21,2025-05-13
616000,PRLV SEPA ECHEANCE EMPRUNT,,,0,70.91,2025-05-13
401006,VIREMENT SEPA SAS ROBIN SECURITE,,,0,5000.00,2024-03-19
601100,PRLV SEPA SA GROUPE LEGRAND,REF182300,,0,1848.52,2025-06-27
445660,PRLV SEPA SA GROUPE LEGRAND,REF182300,,0,369.71,2025-06-27
645000,PRLV SEPA URSSAF,,,0,9610.00,2024-07-07
625200,PAIEMENT CB BOUYGUES TELECOM,,,0,73.63,2024-01-18
445660,PAIEMENT CB BOUYGUES TELECOM,,,0,14.73,2024-01-18
641000,VIR SALAIRE DECEMBRE,REF329489,,0,2612.84,2024-12-31
707000,VIR RECU SA CHIMIE FRANCE,,,20162.17,0,2024-10-29
261000,VIR SARL ANDRE,,,0,59524.40,2025-09-25
618000,PAIEMENT CB SARL MARTIN,,,0,189.04,2025-10-29
445660,PAIEMENT CB SARL MARTIN,,,0,37.81,2025-10-29
512000,VIR INTERNE,,VIR INTERNE REF:FR75570300<br />LIB:VIREMENT DE COMPTE A COMPTE,0,38175.60,2024-10-25
625100,CB SARL GAUTIER,,CB SARL GAUTIER<br />LIB:FRAIS VOYAGE,0,1105.65,2025-04-26
445660,CB SARL GAUTIER,,CB SARL GAUTIER<br />LIB:FRAIS VOYAGE,0,221.13,2025-04-26
625100,CARTE SARL GAUTIER,,,0,875.02,2024-04-26
445660,CARTE SARL GAUTIER,,,0,175.01,2024-04-26
645000,PRLV SEPA URSSAF,REF396894,,0,15200.00,2025-05-14
602000,PAIEMENT CB SAS LAMBERT,,,0,1666.67,2024-06-24
445660,PAIEMENT CB SAS LAMBERT,,,0,333.33,2024-06-24
511500,ENCAISSEMENT CB,,,2159.53,0,2025-04-07
627000,ENCAISSEMENT CB,,,0,21.60,2025-04-07
707000,VIR RECU SA CHIMIE FRANCE,,VIR SEPA NPY:SA CHIMIE FRANCE<br />LIB:VENTE MARCHANDISES FAC2025971,18500.00,0,2025-12-31
431000,PRLV SEPA URSSAF,,,0,13270.82,2024-10-09
708000,VIR RECU SARL MODE TEXTILE,,,1000.00,0,2025-05-30
580000,VIR INTERNE,,,0,28600.00,2024-11-30
627000,PLVT SEPA SFR,,,0,25.48,2025-12-02
411003,VIR RECU SARL GIRARD BTP,,,3200.47,0,2025-01-26
641000,VIR SEPA SALAIRE JANVIER,,,0,2700.00,2025-01-25
411001,VIREMENT RECU SCI HENRY SECURITE,,,26550.42,0,2025-03-31
275000,VIREMENT SEPA SA GROUPE LEGRAND,,,0,8500.00,2025-06-25
616000,PRLVT SEPA AXA ASSURANCES,,,0,1077.19,2025-03-05
211000,VIR SEPA SARL MARTIN,,,0,117536.03,2025-02-11
624000,CB SA FOURNIER,REF608625,,0,219.34,2024-03-27
445660,CB SA FOURNIER,REF608625,,0,43.87,2024-03-27
625100,CB SARL GAUTIER,,,0,138.26,2024-05-04
445660,CB SARL GAUTIER,,,0,27.65,2024-05-04
401001,PRELEVEMENT SEPA EURL GAUTHIER L,,,0,6998.20,2024-04-23
707000,VIREMENT RECU SAS TECHNOLOGY PLU,,,21030.97,0,2025-12-13
411002,VIR RECU SA GARNIER TRANSPORTS,,,38670.09,0,2025-05-10
606300,CB SAS MOREAU,,,0,41.67,2024-06-15
445660,CB SAS MOREAU,,,0,8.33,2024-06-15
641000,VIREMENT SEPA SALAIRE MAI,,,0,4375.69,2024-05-25
401002,PRLV SEPA SARL FOURNIER BTP,,,0,890.01,2024-10-10
616000,PRLV SEPA MACIF,,,0,3804.99,2024-09-30
401007,VIR SEPA SAS MASSON CONSEIL,,,0,9314.10,2025-12-29
631000,PRLVT SEPA DGFIP,,,0,5000.00,2025-06-30
701000,VIR RECU SAS AGENCE MEDIA,,,5723.45,0,2025-04-23
622000,VI SAS DUVAL,REF121983,,0,926.52,2025-12-27
445660,VI SAS DUVAL,REF121983,,0,185.31,2025-12-27
401006,PRELEVEMENT SEPA SAS ROBIN SECUR,,PRLV SEPA CPY:FR90969239 NBE:SAS ROBIN SECURITE<br />LIB:FACTURE FAC2024265,0,416.70,2024-02-12
401008,VIR SEPA SAS BLANC SECURITE,REF990673,,0,8329.18,2025-01-16
614000,PRLV SEPA SA PICARD,,,0,1590.17,2025-02-28
445660,PRLV SEPA SA PICARD,,,0,318.04,2025-02-28
401003,PRELEVEMENT SEPA SARL GIRARD SEC,,,0,1143.46,2025-02-27
401002,VIR SARL FOURNIER BTP,,,0,765.61,2024-04-08
512000,FRAIS BANCAIRES,,FRAIS BANCAIRES<br />LIB:FRAIS DE GESTION AVRIL,0,5.16,2025-04-13
707000,VIREMENT RECU SAS TECHNOLOGY PLU,,,3338.72,0,2024-08-31
641000,VIR SEPA SALAIRE JANVIER,,,0,4150.09,2025-01-31
601100,CARTE SA GROUPE LEGRAND,REF318877,CB SA GROUPE LEGRAND<br />LIB:ACHAT MARCHANDISES,0,1714.47,2024-01-28
445660,CARTE SA GROUPE LEGRAND,REF318877,CB SA GROUPE LEGRAND<br />LIB:ACHAT MARCHANDISES,0,342.90,2024-01-28
708000,VIR RECU SARL COMMERCE DU SUD,,,500.00,0,2025-10-11
625200,CB BOUYGUES TELECOM,,,0,416.67,2025-01-27
445660,CB BOUYGUES TELECOM,,,0,83.33,2025-01-27
641000,VIR SEPA SALAIRE MARS,REF454466,VIR SEPA<br />LIB:REMUNERATION MARS,0,4421.68,2025-03-25
706000,VIREMENT RECU EURL DESIGN STUDIO,REF136618,,12858.99,0,2024-10-14
641000,VIR SEPA SALAIRE AOUT,REF363647,VIR SEPA<br />LIB:REMUNERATION AOUT,0,2939.41,2024-08-25
411005,VIR RECU SCI ROUSSEL ELECTRICITE,,,27574.72,0,2024-08-28
401002,PRELEVEMENT SEPA SARL FOURNIER B,,PRLV SEPA CPY:FR78496940 RUM:FR78496940 NBE:SARL FOURNIER BTP<br />LIB:REGLEMENT FACTURE,0,14881.31,2025-12-31
626100,PRLV SEPA SA GROUPE LEGRAND,REF823796,,0,102.03,2025-05-27
445660,PRLV SEPA SA GROUPE LEGRAND,REF823796,,0,20.41,2025-05-27
649000,VIR RECU CPAM,REF845448,VIR SEPA NPY:CPAM<br />LIB:INDEMNITES JOURNALIERES FEVRIER,899.23,0,2025-02-26
661000,INTERETS EMPRUNT,,,0,925.45,2024-03-31
411001,VIR RECU SCI HENRY SECURITE,,VIR SEPA NPY:SCI HENRY SECURITE IBE:DE79571492966369656769 BIC:DEUTDEFF PDO:DE<br />LIB:REGLEMENT CLIENT FAC2024385,24722.11,0,2024-04-29
621000,PRLV SEPA EURL BERNARD,,PRLV SEPA NBE:EURL BERNARD<br />LIB:PERSONNEL INTERIMAIRE,0,676.53,2024-10-27
445660,PRLV SEPA EURL BERNARD,,PRLV SEPA NBE:EURL BERNARD<br />LIB:PERSONNEL INTERIMAIRE,0,135.31,2024-10-27
614000,PRLV SEPA SA PICARD,,PRLV SEPA NBE:SA PICARD<br />LIB:CHARGES LOCATIVES T4,0,902.94,2024-10-21
445660,PRLV SEPA SA PICARD,,PRLV SEPA NBE:SA PICARD<br />LIB:CHARGES LOCATIVES T4,0,180.59,2024-10-21
707000,VIR RECU SAS TECHNOLOGY PLUS,,,24000.00,0,2025-01-27
706000,VIREMENT RECU EURL DESIGN STUDIO,,,16729.37,0,2025-01-31
445510,VIR SEPA DGFIP TVA,,,0,10000.00,2024-10-24
401002,PRELEVEMENT SEPA SARL FOURNIER B,,,0,1650.00,2025-05-28
401001,VIR SEPA EURL GAUTHIER LOGISTIQU,,VIR SEPA REF:FR54480081 NPY:EURL GAUTHIER LOGISTIQUE<br />LIB:COMMANDE FOURNITURES LCC:BON COMMANDE 324247,0,5753.97,2025-07-21
445510,VIR SEPA DGFIP TVA,REF219132,,0,4279.55,2024-07-24
401001,VIR SEPA EURL GAUTHIER LOGISTIQU,,,0,9893.88,2025-10-02
416000,VIREMENT RECU SARL COMMERCE DU S,,VIR SEPA NPY:SARL COMMERCE DU SUD<br />LIB:CREANCE DOUTEUSE,5194.17,0,2025-07-03
633000,PRLV SEPA DGFIP,REF743112,,0,6500.00,2025-02-20
635000,PRLV SEPA DGFIP,REF775179,PRLV SEPA NBE:DGFIP<br />LIB:AUTRES IMPOTS 2024,0,2191.30,2024-04-27
661000,AGIOS BANCARES,,AGIOS BANCAIRES<br />LIB:AGIOS TRIMESTRIELS T1 2025,0,500.00,2025-02-25
645100,PRLVT SEPA MUTUELLE,,,0,905.02,2025-02-13
486000,CHARGE CONSTATEE AVANCE,REF498513,,0,3497.19,2025-12-22
606100,CB SAS MOREAU,,,0,53.37,2024-07-16
445660,CB SAS MOREAU,,,0,10.67,2024-07-16
401001,PRELEVEMENT SEPA EURL GAUTHIER L,REF573483,,0,4386.56,2025-12-29
601100,PAIEMENT CB MAIF,,,0,3255.86,2024-10-08
445660,PAIEMENT CB MAIF,,,0,651.17,2024-10-08
625200,CB SARL MARTIN,,CB SARL MARTIN<br />LIB:FRAIS HEBERGEMENT,0,149.06,2025-09-29
445660,CB SARL MARTIN,,CB SARL MARTIN<br />LIB:FRAIS HEBERGEMENT,0,29.81,2025-09-29
411004,VIR RECU SA NOEL IMPRIMERIE,REF427616,,25605.35,0,2025-12-03
512000,VIR INTERNE,,,0,23153.52,2024-02-26
704000,VIR RECU SAS CONSEIL RH,,,24672.55,0,2024-04-08
411002,VIREMENT RECU SA GARNIER TRANSPO,,VIR SEPA NPY:SA GARNIER TRANSPORTS IBE:BE48861929000308 BIC:GEBABEBB PDO:BE<br />LIB:REGLEMENT CLIENT FAC2024181,10444.94,0,2024-01-10
606100,PRELEVEMENT SEPA MACIF,,PRLV SEPA NBE:MACIF<br />LIB:EAU ELECTRICITE,0,619.84,2024-01-26
445660,PRELEVEMENT SEPA MACIF,,PRLV SEPA NBE:MACIF<br />LIB:EAU ELECTRICITE,0,123.97,2024-01-26
621000,PRELEVEMENT SEPA SAS MOREAU,REF176231,PRLV SEPA NBE:SAS MOREAU<br />LIB:PERSONNEL INTERIMAIRE,0,6506.98,2025-12-26
445660,PRELEVEMENT SEPA SAS MOREAU,REF176231,PRLV SEPA NBE:SAS MOREAU<br />LIB:PERSONNEL INTERIMAIRE,0,1301.40,2025-12-26
512000,EMISE CHEQUE,,,4751.50,0,2024-01-06
626000,PRELEVEMENT SEPA EURL BERNARD,,PRLV SEPA NBE:EURL BERNARD<br />LIB:TELECOMMUNICATIONS,0,151.56,2025-02-27
758700,VIR RECU ALLIANZ,,,8767.04,0,2025-07-23
601100,CARTE MAIF,,CB MAIF<br />LIB:ACHAT MARCHANDISES,0,2675.00,2025-01-28
445660,CARTE MAIF,,CB MAIF<br />LIB:ACHAT MARCHANDISES,0,535.00,2025-01-28
611000,PRELEVEMENT SEPA SAS FAURE,,,0,8207.61,2024-12-30
445660,PRELEVEMENT SEPA SAS FAURE,,,0,1641.52,2024-12-30
411001,VIREMENT RECU SCI HENRY SECURITE,,,20384.67,0,2025-05-26
625100,CB SARL BONNET,,,0,819.85,2024-12-03
445660,CB SARL BONNET,,,0,163.97,2024-12-03
530000,RETRAIT CAISSE,REF444606,RETRAIT DAB<br />LIB:APPROVISIONNEMENT CAISSE,0,352.25,2025-09-17
411004,VIR RECU SA NOEL IMPRIMERIE,,,5126.83,0,2025-06-30
612000,PRLV SEPA SAS LAMBERT,,,0,2859.69,2025-09-20
445660,PRLV SEPA SAS LAMBERT,,,0,571.94,2025-09-20
622000,VIR SEPA SAS DUVAL,,,0,528.18,2024-08-31
445660,VIR SEPA SAS DUVAL,,,0,105.64,2024-08-31
661000,FRAIS BANCAIRES,,,0,95.51,2025-03-27
401006,VIR SEPA SAS ROBIN SECURITE,,,0,9155.25,2024-05-25
706000,VIR RECU SA CHIMIE FRANCE,,,19963.13,0,2024-11-17
411001,VIREMENT RECU SCI HENRY SECURITE,,VIR SEPA NPY:SCI HENRY SECURITE IBE:DE79571492966369656769 BIC:DEUTDEFF PDO:DE<br />LIB:REGLEMENT CLIENT FAC2025644,27784.27,0,2024-02-27
601100,CB EDF,,,0,2481.89,2024-07-18
445660,CB EDF,,,0,496.38,2024-07-18
431000,PRLV SEPA URSSAF,,PRLV SEPA CPY:FR56167883 NBE:URSSAF<br />LIB:COTISATIONS SOCIALES T2 2024,0,7907.51,2024-06-11
626100,PRLVT SEP SA LEFEVRE,,,0,130.17,2024-07-23
445660,PRLVT SEP SA LEFEVRE,,,0,26.04,2024-07-23
471000,OPERATION ATTENTE,REF323852,,0,1441.27,2024-10-28
708000,VIR RECU SARL COMMERCE DU SUD,,,2723.52,0,2025-09-29
621000,PRLV SEPA SARL MARTIN,,,0,3750.00,2024-12-12
445660,PRLV SEPA SARL MARTIN,,,0,750.00,2024-12-12
641000,VIR SEPA SALAIRE JUIN,,,0,3677.58,2025-06-29
411003,VIR RECU SARL GIRARD BTP,,VIR SEPA NPY:SARL GIRARD BTP IBE:FR6565717087582511379734835 BIC:AGRIFRPP PDO:FR<br />LIB:REGLEMENT CLIENT FAC2025452,5045.80,0,2024-11-14
606100,CB MACIF,,CB MACIF<br />LIB:FOURNITURES NON STOCKABLES,0,5.32,2024-01-19
445660,CB MACIF,,CB MACIF<br />LIB:FOURNITURES NON STOCKABLES,0,1.06,2024-01-19
445510,VIR SEPA DGFIP TVA,,,0,7700.00,2024-01-18
713000,VIR RECU SARL MODE TEXTILE,,,5588.55,0,2025-03-01
604000,CARTE GOOGLE CLOUD,REF881667,,0,7464.01,2024-06-29
445660,CARTE GOOGLE CLOUD,REF881667,,0,1492.80,2024-06-29
621000,PRLV SEPA SAS DUPONT,,PRLV SEPA NBE:SAS DUPONT<br />LIB:PERSONNEL INTERIMAIRE,0,7916.67,2024-05-12
445660,PRLV SEPA SAS DUPONT,,PRLV SEPA NBE:SAS DUPONT<br />LIB:PERSONNEL INTERIMAIRE,0,1583.33,2024-05-12
626000,PRLV SEPA SAS FAURE,,,0,101.56,2024-06-16
681000,DOTATION AMORTISSEMENT,,,0,11225.71,2024-12-29
691000,VIR SEPA DGFIP IS,,VIR SEPA NPY:DGFIP<br />LIB:IMPOT SUR SOCIETES 2024,0,27074.57,2024-09-14
633000,PRLV SEPA DGFIP,,,0,1682.36,2025-06-26
404000,VIREMENT SEPA SA FOURNIER,,,0,16584.54,2024-08-22
626000,PRLV SEPA SAS FAURE,REF230273,,0,221.29,2024-12-23
791000,VIR RECU CPAM,REF414172,,2138.12,0,2024-12-29
706000,VIR RECU SA INDUSTRIE NORD,,,6255.42,0,2024-06-30
615000,PRLV SEPA SAS DUPONT,REF699072,,0,2466.67,2024-01-19
445660,PRLV SEPA SAS DUPONT,REF699072,,0,493.33,2024-01-19
641000,VIR SEPA SALAIRE SEPTEMBRE,,VIR SEPA<br />LIB:SALAIRE SEPTEMBRE 2025,0,3683.56,2025-09-28
613200,PRLV SEPA SARL GAUTIER,,,0,1212.88,2025-10-03
445660,PRLV SEPA SARL GAUTIER,,,0,242.58,2025-10-03
401009,VIR SEPA EURL MERCIER IMMOBILIER,REF852013,,0,4080.68,2024-01-30
604000,CARTE GOGLE CLOUD,,,0,5125.00,2024-08-26
445660,CARTE GOGLE CLOUD,,,0,1025.00,2024-08-26
401003,VIR SARL GIRARD SECURITE,,,0,12923.29,2025-12-10
411001,VIREMENT RECU SCI HENRY SECURITE,,,15638.56,0,2025-02-13
411001,VIR RECU SCI HENRY SECURITE,,VIR SEPA NPY:SCI HENRY SECURITE IBE:DE79571492966369656769 BIC:DEUTDEFF PDO:DE<br />LIB:REGLEMENT CLIENT FAC2025187,5600.00,0,2025-09-26
614000,PRELEVEMENT SEPA EURL BERNARD,,,0,1285.01,2024-12-07
445660,PRELEVEMENT SEPA EURL BERNARD,,,0,257.00,2024-12-07
708000,VIREMENT RECU SARL TRANSPORT EXP,REF906349,VIR SEPA NPY:SARL TRANSPORT EXPRESS<br />LIB:PRODUITS ACTIVITES ANNEXES,990.07,0,2024-06-12
261000,VIR SEPA SARL BONNET,,,0,69661.70,2024-12-31
411001,VIR RECU SCI HENRY SECURITE,,,3514.95,0,2024-04-03
627000,PRLV SEPA BOUYGUES TELECOM,,,0,97.09,2025-11-13
641000,VIREMENT SEPA SALAIRE MARS,,,0,2000.00,2024-03-25
471000,OPERATION ATTENTE,,,0,4866.44,2025-02-25
401009,PRLV SEPA EURL MERCIER IMMOBILIE,,,0,14662.32,2025-05-28
601100,PAIEMENT CB SCI ROUX,,CB SCI ROUX<br />LIB:ACHAT MARCHANDISES,0,846.89,2025-10-29
445660,PAIEMENT CB SCI ROUX,,CB SCI ROUX<br />LIB:ACHAT MARCHANDISES,0,169.38,2025-10-29
401001,VIR SEPA EURL GAUTHIER LOGISTIQU,,VIR SEPA REF:FR21608188 NPY:EURL GAUTHIER LOGISTIQUE<br />LIB:ACOMPTE FOURNISSEUR,0,13594.78,2025-03-07
411004,VIR RECU SA NOEL IMPRIMERIE,REF113753,,22000.00,0,2025-01-10
707000,VIREMENT RECU SAS TECHNOLOGY PLU,,,9479.84,0,2024-10-31
626000,PRLV SEPA AS GIRARD,,,0,85.27,2025-06-07
401001,PRLV SEPA EURL GAUTHIER LOGISTIQ,,PRLV SEPA CPY:FR70487640 RUM:FR70487640 NBE:EURL GAUTHIER LOGISTIQUE<br />LIB:REGLEMENT FACTURE,0,2355.47,2024-07-28
205000,VIR SEPA SARL NDRE,,,0,12138.37,2025-05-22
401001,PRLV SEPA EURL GAUTHIER LOGISTIQ,REF210441,,0,6829.75,2025-10-26
601100,CB EDF,,,0,2791.67,2025-05-15
445660,CB EDF,,,0,558.33,2025-05-15
618000,CB SARL MARTIN,,CB SARL MARTIN<br />LIB:DOCUMENTATION TECHNIQUE,0,122.67,2024-12-16
445660,CB SARL MARTIN,,CB SARL MARTIN<br />LIB:DOCUMENTATION TECHNIQUE,0,24.53,2024-12-16
635000,PRELEVEMENT SEPA DGFIP,,,0,439.47,2024-04-07
601100,CB MAIF,,,0,796.83,2024-03-29
445660,CB MAIF,,,0,159.37,2024-03-29
471000,OPERATION ATTENTE,,,0,1700.00,2024-08-26
445710,VIR SEPA DGFIP TVA,,,0,19870.97,2025-04-23
411002,VIR RECU SA GARNIER TRANSPORTS,,,18020.93,0,2025-04-26
411001,VIR RECU SCI HENRY SECURITE,,VIR SEPA NPY:SCI HENRY SECURITE IBE:DE79571492966369656769 BIC:DEUTDEFF PDO:DE RCN:FAC2025810<br />LIB:REGLEMENT FACTURE FAC2025810,33228.11,0,2025-01-26
401002,PRLVT SEPA SARL FOURNIER BTP,REF635706,,0,500.00,2025-09-30
741000,VIR RECU SUBVENTION,,,3569.61,0,2024-08-08
627000,PRLV SEPA ORANGE SA,,PRLV SEPA NBE:ORANGE SA<br />LIB:ABONNEMENT MOBILE,0,50.33,2024-02-25
445710,VIR RECU DGFIP,,,26492.06,0,2025-10-24
606100,PRELEVEMENT SEPA SAS MOREAU,REF246741,PRLV SEPA NBE:SAS MOREAU<br />LIB:EAU ELECTRICITE,0,358.68,2025-05-13
445660,PRELEVEMENT SEPA SAS MOREAU,REF246741,PRLV SEPA NBE:SAS MOREAU<br />LIB:EAU ELECTRICITE,0,71.74,2025-05-13
641000,VIR SALAIRE NOVEMBRE,,VIR SEPA<br />LIB:SALAIRE NOVEMBRE 2025,0,3796.25,2025-11-28
641000,VIR SEPA SALAIRE NOVEMBRE,,,0,4086.55,2024-11-29
431000,PRLV SEPA URSSAF,,,0,12960.00,2024-06-10
411001,VIR RECU SCI HENRY SECURITE,,,30546.27,0,2025-04-09
641000,VIR SEPA SALAIRE FEVRIER,,VIR SEPA<br />LIB:SALAIRE FEVRIER 2025,0,1702.83,2025-02-28
411005,VIR RECU SCI ROUSSEL ELECTRICITE,,VIR SEPA NPY:SCI ROUSSEL ELECTRICITE IBE:DE59148090265642462589 BIC:DEUTDEFF PDO:DE<br />LIB:REGLEMENT CLIENT FAC2024600,28090.27,0,2024-02-01
631000,PRLV SEPADGFIP,REF409253,,0,2029.42,2025-07-17
627000,PRLV SEPA SFR,,,0,25.90,2024-01-20
611000,PRLV SEPA SAS MOREAU,,,0,7938.66,2025-02-28
445660,PRLV SEPA SAS MOREAU,,,0,1587.73,2025-02-28
625100,PAIEMENT CB SARL GAUTIER,REF198483,,0,600.93,2025-06-02
445660,PAIEMENT CB SARL GAUTIER,REF198483,,0,120.19,2025-06-02
625100,CARTE EURL BERNARD,,CB EURL BERNARD<br />LIB:DEPLACEMENT MISSION,0,375.00,2025-09-20
445660,CARTE EURL BERNARD,,CB EURL BERNARD<br />LIB:DEPLACEMENT MISSION,0,75.00,2025-09-20
411002,VIR RECU SA GARNIER TRANSPORTS,,,16000.00,0,2025-04-30
661000,INTERETS EMPRUNT,,,0,790.06,2024-06-30
401007,VIR SEPA SAS MASSON CONSEIL,,,0,4439.15,2024-02-29
641000,VIR SALAIRE JUILLET,,VIR SEPA<br />LIB:SALAIRE JUILLET 2024,0,1743.60,2024-07-26
641000,VIREMENT SEPA SALAIRE SEPTEMBRE,,,0,2914.82,2024-09-26
205000,VIR SEPA SA LEFEVRE,REF340342,VIR SEPA NPY:SA LEFEVRE<br />LIB:LOGICIEL FAC2024695,0,8968.55,2025-05-26
411007,VIR RECU SARL GARCIA DISTRIBUTIO,,,2920.44,0,2024-01-03
626100,PRLV SEPA SA FOURNIER,,,0,15.07,2025-03-31
445660,PRLV SEPA SA FOURNIER,,,0,3.02,2025-03-31
707000,VIR RECU SA AERO COMPOSANTS,,,14489.93,0,2025-04-29
486000,CHARGE CONSTATEE AVANCE,,LIB:CHARGE CONSTATEE D AVANCE DECEMBRE 2024,0,7270.53,2024-12-29
411003,VIR RECU SARL GIRARD BTP,REF986022,,2950.00,0,2024-04-22
691000,VIR SEPA DGFIP IS,,VIR SEPA NPY:DGFIP<br />LIB:IMPOT SUR SOCIETES 2024,0,20210.86,2024-12-20
205000,VIR SEPA SARL ANDRE,,VIR SEPA NPY:SARL ANDRE<br />LIB:LOGICIEL FAC2025932,0,24900.00,2025-02-28
601100,PRLV SEPA EDF,REF621546,PRLV SEPA NBE:EDF<br />LIB:COMMANDE FAC2024671,0,5278.64,2024-02-05
445660,PRLV SEPA EDF,REF621546,PRLV SEPA NBE:EDF<br />LIB:COMMANDE FAC2024671,0,1055.73,2024-02-05
601100,PRLV SEPA MAIF,,PRLV SEPA NBE:MAIF<br />LIB:COMMANDE FAC2025915,0,3978.23,2025-03-09
445660,PRLV SEPA MAIF,,PRLV SEPA NBE:MAIF<br />LIB:COMMANDE FAC2025915,0,795.65,2025-03-09
621000,PRLVT SEPA SARL BONNET,,,0,7083.33,2024-02-29
445660,PRLVT SEPA SARL BONNET,,,0,1416.67,2024-02-29
401003,VIR SEPA SARL GIRARD SECURITE,,,0,1500.00,2025-09-29
621000,PRLVT SEPA SAS DUPONT,REF381575,,0,2449.53,2025-09-18
445660,PRLVT SEPA SAS DUPONT,REF381575,,0,489.91,2025-09-18
622000,VIR SEPA EURL MERCIER,,,0,5000.00,2024-11-30
445660,VIR SEPA EURL MERCIER,,,0,1000.00,2024-11-30
512000,VIR INTERNE,,VIR INTERNE REF:FR81836366<br />LIB:VIREMENT DE COMPTE A COMPTE,0,6300.00,2024-10-15
512000,VIR RECU SARL PETIT,,,27900.00,0,2024-03-31
601100,PRLV SEPA MAIF,,,0,4871.24,2024-03-14
445660,PRLV SEPA MAIF,,,0,974.25,2024-03-14
601100,PAIEMENT CB ORANGE SA,,,0,1000.00,2025-06-26
445660,PAIEMENT CB ORANGE SA,,,0,200.00,2025-06-26
618000,PAIEMENT CB SAS MOREAU,,,0,238.88,2024-01-22
445660,PAIEMENT CB SAS MOREAU,,,0,47.78,2024-01-22
401002,PRLVT SEPA SARL FOURNIER BTP,,,0,9234.28,2025-11-18
580000,VIR INTERNE,,,0,34406.62,2025-05-24
514000,REMISE CHEQUE,,,8308.20,0,2024-12-13
401007,PRLV SEPA SAS MASSON CONSEIL,,PRLV SEPA CPY:FR17592361 NBE:SAS MASSON CONSEIL<br />LIB:FACTURE FAC2025879,0,5850.88,2024-06-28
628000,CB SARL CONSULTANT RH,,,0,200.00,2025-11-26
625200,CARTE SARL PETIT,,,0,403.26,2025-10-31
445660,CARTE SARL PETIT,,,0,80.65,2025-10-31
626000,PRELEVEMENT SEPA SAS GIRARD,,,0,94.92,2025-07-30
275000,VIR SEPA SARL BONNET,,,0,5517.86,2025-12-08
658000,VIR SAS GIRARD,,,0,742.14,2024-01-14
601100,CB AIF,,CB MAIF<br />LIB:ACHAT MARCHANDISES,0,1182.36,2025-09-28
445660,CB AIF,,CB MAIF<br />LIB:ACHAT MARCHANDISES,0,236.47,2025-09-28
401002,PRLVT SEPA SARL FOURNIER BTP,,,0,4443.69,2025-09-30
411004,VIREMENT RECU SA NOEL IMPRIMERIE,,,39175.85,0,2025-02-24
641000,VIREMENT SEPA SALAIRE MAI,,,0,3126.03,2025-05-28
411002,VIR RECU SA GARNIER TRANSPORTS,,,12502.95,0,2025-06-30
625200,CB EDF,,CB EDF<br />LIB:FRAIS HEBERGEMENT,0,337.03,2025-07-31
445660,CB EDF,,CB EDF<br />LIB:FRAIS HEBERGEMENT,0,67.41,2025-07-31
401001,VIR SEPA EURL GAUTHIER LOGISTIQU,,VIR SEPA REF:FR48766007 NPY:EURL GAUTHIER LOGISTIQUE<br />LIB:FACTURE FOURNISSEUR FAC2024805 LC2:ECHEANCE AVRIL,0,7100.00,2024-04-02
601100,CARTE EDF,REF432427,,0,1574.49,2024-03-05
445660,CARTE EDF,REF432427,,0,314.90,2024-03-05
626000,PRELEVEMENT SEPA LA POSTE,,PRLV SEPA NBE:LA POSTE<br />LIB:AFFRANCHISSEMENT,0,200.00,2025-07-06
791000,VIREMENT RECU MACIF,,,11700.00,0,2024-12-14
641000,VIR SEPA SALAIRE AVRIL,,,0,4059.16,2024-04-26
404000,VIR SA DUPONT,,,0,31970.72,2025-01-30
401001,VIR SEPA EURL GAUTHER LOGISTIQUE,,,0,7936.00,2025-01-07
771000,VIR RECU EURL ARTISAN BOIS,REF436264,VIR SEPA NPY:EURL ARTISAN BOIS<br />LIB:PRODUIT EXCEPTIONNEL,17469.52,0,2024-07-13
641000,VIREMENT SEPA SALAIRE SEPTEMBRE,,VIR SEPA<br />LIB:REMUNERATION SEPTEMBRE,0,2522.85,2024-09-28
706000,VIR RECU EURL DESIGN STUDIO,,,12867.55,0,2025-10-26
624000,CARTE SAS LAURENT,,CB SAS LAURENT<br />LIB:TRANSPORT LIVRAISON,0,416.67,2025-03-29
445660,CARTE SAS LAURENT,,CB SAS LAURENT<br />LIB:TRANSPORT LIVRAISON,0,83.33,2025-03-29
602000,CB SAS GIRARD,,,0,7500.07,2025-01-27
445660,CB SAS GIRARD,,,0,1500.01,2025-01-27
514000,REMISE CHEQUE,,,6328.57,0,2024-09-26
701000,VIR RECU SAS CONSEIL RH,,,2214.02,0,2024-10-18
401001,PRLVT SEPA EURL GAUTHIER LOGISTI,,,0,5888.23,2025-09-28
530000,RETRAIT CAISSE,,,0,596.24,2024-07-31
164000,PRLV SEPA ECHEANCE EMPRUNT,REF389163,,0,3458.29,2025-04-28
661100,PRLV SEPA ECHEANCE EMPRUNT,REF389163,,0,778.12,2025-04-28
616000,PRLV SEPA ECHEANCE EMPRUNT,REF389163,,0,86.46,2025-04-28
615000,PRELEVEMENT SEPA SARL GAUTIER,REF891301,,0,677.55,2024-09-09
445660,PRELEVEMENT SEPA SARL GAUTIER,REF891301,,0,135.51,2024-09-09
706000,VIR RECU EURL DESIGN STUDIO,,,7761.53,0,2024-03-31
218000,CB SAS FAURE,,CB SAS FAURE<br />LIB:ACHAT MATERIEL,0,10414.27,2025-01-25
445620,CB SAS FAURE,,CB SAS FAURE<br />LIB:ACHAT MATERIEL,0,2082.86,2025-01-25
649000,VIR RECU CPAM,,VIR SEPA NPY:CPAM<br />LIB:INDEMNITES JOURNALIERES OCTOBRE,2807.45,0,2025-10-12
631000,PRELEVEMENT SEPA DGFIP,,PRLV SEPA NBE:DGFIP<br />LIB:TAXE APPRENTISSAGE 2025,0,1741.80,2025-10-28
637000,PRLV SEPA DGFIP,,PRLV SEPA NBE:DGFIP<br />LIB:TAXE SUR SALAIRES T4,0,2841.39,2025-10-09
626000,PRLVT SEPA LA POSTE,,PRLV SEPA NBE:LA POSTE<br />LIB:AFFRANCHISSEMENT,0,69.92,2025-10-06
757000,VIR RECU SA GROUPE ALIMENTAIRE,,,23908.82,0,2025-01-25
641000,VIREMENT SEPA SALAIRE AOUT,,VIR SEPA<br />LIB:SALAIRE AOUT 2024,0,1300.00,2024-08-27
633000,PRELEVEMENT SEPA DGFIP,,,0,3786.76,2024-09-17
621000,PRLV SEPA SAS DUPONT,,,0,7165.98,2025-04-27
445660,PRLV SEPA SAS DUPONT,,,0,1433.20,2025-04-27
218000,CB EURL BERNARD,,CB EURL BERNARD<br />LIB:ACHAT MATERIEL,0,5113.89,2025-08-27
445620,CB EURL BERNARD,,CB EURL BERNARD<br />LIB:ACHAT MATERIEL,0,1022.78,2025-08-27
401002,PRELEVEMENT SEPA SARL FOURNIER B,REF336406,,0,6284.17,2024-06-07
641100,VIREMENT SEPA SALAIRE MAI,REF178638,,0,1368.08,2024-05-29
401001,PRLV SEPA EURL GAUTHIER LOGISTIQ,,PRLV SEPA CPY:FR87908135 RUM:FR87908135 NBE:EURL GAUTHIER LOGISTIQUE<br />LIB:REGLEMENT FACTURE,0,10325.64,2024-06-30
411003,VIR RECU SARL GIRARD BTP,,,21729.45,0,2025-09-23
401001,VIR SEPA EURL GAUTHIER LOGISTIQU,,,0,3667.32,2025-03-26
512100,VIR INTERNE,,,0,50026.73,2024-03-26
401001,PRLV SEPA EURL GAUTHIER LOGISTIQ,,,0,726.71,2024-12-09
467000,VIREMENT SEPA SAS LAURENT,,,0,7412.41,2024-01-07
512000,REMISE CHEQUE,,REMISE CHQ N 618870,13377.54,0,2025-04-30
401003,VIREMENT SEPA SARL GIRARD SECURI,REF459312,VIR SEPA REF:FR45966990 NPY:SARL GIRARD SECURITE<br />LIB:COMMANDE FOURNITURES LCC:BON COMMANDE 592290,0,6417.13,2024-11-20
401001,PRELEVEMENT SEPA EURL GAUTHIER L,,,0,7200.00,2024-09-26
601100,CB SAS GIRAR,,,0,539.42,2024-05-02
445660,CB SAS GIRAR,,,0,107.88,2024-05-02
706000,VIR RECU EURL DESIGN STUDIO,,,9992.93,0,2025-03-30
401001,PRLV SEPA EURL GAUTHIER LOGISTIQ,,,0,4740.00,2024-07-01
213100,VIR SARL ARTIN,,,0,34933.84,2025-10-05
411001,VIR RECU SCI HENRY SECURITE,,,31203.60,0,2025-02-26
205000,VIR SEPA A LEFEVRE,,,0,13457.83,2024-06-26
641000,VIREMENT SEPA SALAIRE AOUT,REF301512,VIR SEPA<br />LIB:REMUNERATION AOUT,0,4433.67,2025-08-28
411006,VIREMENT RECU SARL LEFEVRE CONSE,,VIR SEPA NPY:SARL LEFEVRE CONSEIL IBE:FR9254472416792007230350052 BIC:BNPAFRPP PDO:FR<br />LIB:REGLEMENT CLIENT FAC2025843,4500.00,0,2025-02-01
645100,PRLV SEPA MUTUELLE,REF458888,,0,1974.06,2024-11-01
601100,CB MAIF,,,0,213.59,2024-01-29
445660,CB MAIF,,,0,42.72,2024-01-29
601100,PAIEMENT CB SA GROUPE LEGRAND,,CB SA GROUPE LEGRAND FACT:FAC2024866<br />LIB:ACHAT FOURNITURES,0,884.42,2024-12-27
445660,PAIEMENT CB SA GROUPE LEGRAND,,CB SA GROUPE LEGRAND FACT:FAC2024866<br />LIB:ACHAT FOURNITURES,0,176.88,2024-12-27
445510,VIR DGFIP TVA,,VIR SEPA NPY:DGFIP<br />LIB:TVA A DECAISSER T1 2025,0,5103.20,2025-01-20
713000,VIR RECU SA BTP CONSTRUCTIONS,,,3112.33,0,2024-09-25
213100,VIREMENT SEPA SARL GAUTIER,,,0,139800.54,2024-09-27
445710,VIR SEPA DGFIP TVA,,,0,2596.57,2024-10-23
601100,PRELEVEMENT SEPA EDF,,,0,6194.29,2025-01-30
445660,PRELEVEMENT SEPA EDF,,,0,1238.86,2025-01-30
601100,CB MAIF,,,0,2458.33,2024-09-28
445660,CB MAIF,,,0,491.67,2024-09-28
616000,PRLV SEPA AXA ASSURANCES,,,0,2000.00,2025-01-29
401003,VIR SEPA SARL GIRARD SECURITE,,,0,8122.74,2024-12-28
512000,FRAIS BANCAIRES,,,0,200.00,2024-10-09
621000,PRLV SEPA EURL BERNARD,,,0,3333.33,2024-01-26
445660,PRLV SEPA EURL BERNARD,,,0,666.67,2024-01-26
606100,CARTE SAS MOREAU,,CB SAS MOREAU<br />LIB:FOURNITURES NON STOCKABLES,0,215.98,2024-07-27
445660,CARTE SAS MOREAU,,CB SAS MOREAU<br />LIB:FOURNITURES NON STOCKABLES,0,43.20,2024-07-27
624000,CB SAS LAURENT,REF542751,,0,370.34,2024-04-27
445660,CB SAS LAURENT,REF542751,,0,74.07,2024-04-27
404000,VIREMENT SEPA SARL ANDRE,,,0,29154.53,2025-11-29
401006,PRLV SEPA SAS ROBIN SECURITE,REF474397,PRLV SEPA CPY:FR92332532 RUM:FR92332532 NBE:SAS ROBIN SECURITE<br />LIB:REGLEMENT FACTURE,0,2000.00,2025-03-11
626000,PRELEVEMENT SEPA LA POSTE,,,0,42.22,2025-05-31
707000,VIR RECU SA CHIMIE FRANCE,,,4988.79,0,2024-04-26
614000,PRLV SEPA SAS DUPONT,REF166650,PRLV SEPA NBE:SAS DUPONT<br />LIB:CHARGES LOCATIVES T1,0,1260.84,2025-02-18
445660,PRLV SEPA SAS DUPONT,REF166650,PRLV SEPA NBE:SAS DUPONT<br />LIB:CHARGES LOCATIVES T1,0,252.17,2025-02-18
445710,VIREMENT RECU DGFIP,,,7394.95,0,2025-01-17
613200,PRLVT SEPA EURL BERNARD,,,0,1541.67,2025-02-02
445660,PRLVT SEPA EURL BERNARD,,,0,308.33,2025-02-02
512000,REMISE CHEQUE,,,7257.50,0,2025-07-25
601100,CB EDF,,,0,379.67,2025-02-26
445660,CB EDF,,,0,75.93,2025-02-26
602000,CB SA LEFEVRE,,,0,1661.18,2024-10-27
445660,CB SA LEFEVRE,,,0,332.24,2024-10-27
623000,CB ENGIE,,,0,2183.90,2024-02-29
445660,CB ENGIE,,,0,436.78,2024-02-29
411001,VIR RECU SCI HENRY SECURITE,,,17938.95,0,2025-11-11
641000,VIR SALAIRE DECEMBRE,,VIR SEPA<br />LIB:SALAIRE DECEMBRE 2024,0,1789.11,2024-12-25
401004,PRLVT SEPA SAS GARCIA INDUSTRIE,,,0,246.72,2024-08-09
164000,PRLV SEPA ECHEANCE EMPRUNT,,PRLV SEPA<br />LIB:ECHEANCE EMPRUNT FR44118982,0,3043.54,2024-09-21
661100,PRLV SEPA ECHEANCE EMPRUNT,,PRLV SEPA<br />LIB:ECHEANCE EMPRUNT FR44118982,0,684.80,2024-09-21
616000,PRLV SEPA ECHEANCE EMPRUNT,,PRLV SEPA<br />LIB:ECHEANCE EMPRUNT FR44118982,0,76.09,2024-09-21
706000,VIREMENT RECU EURL DESIGN STUDIO,,,7214.68,0,2025-09-11
641100,VIR SEPA SALAIRE MAI,,,0,3000.00,2024-05-31
706000,VIREMENT RECU SA INDUSTRIE NORD,,,1400.32,0,2024-09-27
211000,VIR SEPA SARL GAUTIER,,,0,96649.27,2025-02-02
627000,PRLV SEPA ORANGE SA,,,0,100.00,2024-07-27
419000,VIR RECU SAS DIGITAL SERVICES,,VIR SEPA NPY:SAS DIGITAL SERVICES<br />LIB:ACOMPTE CLIENT,14592.66,0,2025-03-28
445510,VIR SEPA DGFIP TVA,,,0,2255.43,2025-04-18
404000,VIR SEPA SA PICARD,,,0,12521.59,2025-06-29
601100,CB SA GROUPE LEGRAND,,,0,1127.45,2025-03-25
445660,CB SA GROUPE LEGRAND,,,0,225.49,2025-03-25
511500,ENCAISSEMENT CB,,REMISE CB DU 260424<br />LIB:ENCAISSEMENT CARTE,457.72,0,2024-04-26
627000,ENCAISSEMENT CB,,REMISE CB DU 260424<br />LIB:ENCAISSEMENT CARTE,0,4.58,2024-04-26
627000,PRLV SEPA BOUYGUES TELECOM,REF706766,,0,92.83,2024-07-19
205000,VIR SEPA SARL ANDRE,,,0,18075.94,2024-05-28
761000,VIR RECU INTERETS,REF647476,,565.20,0,2024-01-22
631000,PRELEVEMENT SEPA DGFIP,,PRLV SEPA NBE:DGFIP<br />LIB:TAXE APPRENTISSAGE 2024,0,2664.64,2024-08-10
411001,VIR RECU SCI HENRY SECURITE,,,18143.10,0,2025-08-19
626000,PRLV SEPA SAS GIRARD,REF836204,,0,110.00,2024-06-29
606100,CARTE EURL BERNARD,,,0,400.67,2025-05-25
445660,CARTE EURL BERNARD,,,0,80.13,2025-05-25
411001,VIREMENT RECU SCI HENRY SECURITE,,,44413.16,0,2024-03-29
641000,VIR SEPA SALAIRE NOVEMBRE,,VIR SEPA<br />LIB:SALAIRE NOVEMBRE 2024,0,4059.09,2024-11-29
704000,VIREMENT RECU SAS ECO ENERGIE,,VIR SEPA NPY:SAS ECO ENERGIE<br />LIB:TRAVAUX FAC2025104,20415.95,0,2025-12-07
645000,PRLV SPA URSSAF,,,0,11634.88,2025-03-06
613200,PRLV SEPA EURL BERNARD,,PRLV SEPA NBE:EURL BERNARD<br />LIB:LOYER NOVEMBRE 2024,0,2938.94,2024-11-04
445660,PRLV SEPA EURL BERNARD,,PRLV SEPA NBE:EURL BERNARD<br />LIB:LOYER NOVEMBRE 2024,0,587.79,2024-11-04
411002,VIR RECU SA GARNIER TRANSPORTS,,,22330.68,0,2024-04-26
626000,PRLV SEPA LA POSTE,REF835485,,0,139.70,2025-05-08
411006,VIR RECU SARL LEFEVRE CONSEIL,,,29614.74,0,2024-05-29
401002,VIR SARL FOURNIER BTP,,VIR SEPA REF:FR75635491 NPY:SARL FOURNIER BTP<br />LIB:ACOMPTE FOURNISSEUR,0,5038.66,2024-02-27
512100,VIR INTERNE,,VIR INTERNE REF:FR14478367<br />LIB:VIREMENT ENTRE COMPTES,0,62100.00,2025-05-07
401001,PRELEVEMENT SEPA EURL GAUTHIER L,,,0,4208.74,2024-04-17
626000,PRELEVEMENT SEPA EURL BERNARD,,PRLV SEPA NBE:EURL BERNARD<br />LIB:TELECOMMUNICATIONS,0,134.64,2024-09-28
512000,FRAIS BANCAIRES,,,0,193.56,2025-09-18
431000,PRLV SEPA URSSAF,,,0,9270.16,2025-11-06
431000,PRELEVEMENT SEPA URSSAF,,,0,8830.51,2024-06-14
741000,VIR RECU SUBVENTION,,,17082.08,0,2024-03-10
486000,CHARGE CONSTATEE AVANCE,,,0,1282.32,2024-12-25
401003,VIR SEPA SARL GIRARD SECURITE,,VIR SEPA REF:FR96261227 NPY:SARL GIRARD SECURITE<br />LIB:FACTURE FOURNISSEUR FAC2024879 LC2:ECHEANCE AVRIL,0,4897.85,2025-04-16
411004,VIR RECU SA NOEL IMPRIMERIE,,,14870.92,0,2024-02-29
401001,PRELEVEMENT SEPA EURL GAUTHIER L,,,0,3284.55,2024-07-15
713000,VIR RECU SA INDUSTRIE NORD,REF104321,VIR SEPA NPY:SA INDUSTRIE NORD<br />LIB:VARIATION STOCKS,4800.00,0,2024-12-02
761000,VIREMENT RECU INTERETS,,VIR SEPA<br />LIB:INTERET CREDITEUR T1 2025,757.41,0,2025-02-01
606100,CB SAS MOREAU,REF386270,CB SAS MOREAU<br />LIB:FOURNITURES NON STOCKABLES,0,401.95,2025-10-22
445660,CB SAS MOREAU,REF386270,CB SAS MOREAU<br />LIB:FOURNITURES NON STOCKABLES,0,80.39,2025-10-22
213100,VIR SEPA SA FOURNIER,,,0,49150.00,2024-02-14
645000,PRLV SEPA URSSAF,,,0,14830.61,2024-09-10
602000,CB EURL MERCIER,,CB EURL MERCIER<br />LIB:ACHAT MATIERES PREMIERES,0,417.75,2024-02-26
445660,CB EURL MERCIER,,CB EURL MERCIER<br />LIB:ACHAT MATIERES PREMIERES,0,83.55,2024-02-26
641000,VIR SEPA SALAIRE NOVEMBRE,,VIR SEPA<br />LIB:REMUNERATION NOVEMBRE,0,3936.88,2024-11-25
467000,VIR SEPA EURL BERNARD,,,0,618.06,2025-12-30
512000,FRAIS BANCAIRES,,,0,14.95,2025-04-16
713000,VIR RECU SAS TECHNOLOGY PLUS,,,5418.55,0,2024-04-30
408000,FACTURE NON PARVENUE SAS GIRARD,REF898950,,0,1022.46,2024-01-26
706000,VIR RECU SAS CONSEIL RH,,VIR SEPA NPY:SAS CONSEIL RH<br />LIB:PRESTATIONS SERVICES FAC2024479,7090.00,0,2024-09-30
467000,VIR SEPA SARL MARTIN,,,0,5245.56,2024-12-25
635000,PRLVT SEPA DGFIP,,,0,1111.23,2024-09-11
401003,VIR SARL GIRARD SECURITE,,,0,4073.90,2025-07-28
641100,VIR SALAIRE NOVEMBRE,REF774465,VIR SEPA<br />LIB:CONGES PAYES NOVEMBRE 2025,0,3243.00,2025-11-25
604000,CB SARL CONSULTANT RH,,CB SARL CONSULTANT RH<br />LIB:ACHAT ETUDES PRESTATIONS,0,2416.67,2025-12-22
445660,CB SARL CONSULTANT RH,,CB SARL CONSULTANT RH<br />LIB:ACHAT ETUDES PRESTATIONS,0,483.33,2025-12-22
618000,CB CABINET EXPERTISE COMPTABLE,,,0,181.92,2025-10-02
445660,CB CABINET EXPERTISE COMPTABLE,,,0,36.38,2025-10-02
408000,FACTURE NON PARVENUE EURL BERNAR,,,0,750.00,2025-03-28
401001,PRLVT SEPA EURL GAUTHIER LOGISTI,REF492166,,0,62.85,2024-02-18
411001,VIR RECU SCI HENRY SECURITE,,VIR SEPA NPY:SCI HENRY SECURITE IBE:DE79571492966369656769 BIC:DEUTDEFF PDO:DE<br />LIB:REGLEMENT CLIENT FAC2025344,17134.42,0,2025-05-19
761000,VIR RECU INTERETS,,,1000.00,0,2025-11-08
708000,VIREMENT RECU SARL COMMERCE DU S,,,1894.14,0,2024-09-30
411001,VIREMENT RECU SCI HENRY SECURITE,,VIR SEPA NPY:SCI HENRY SECURITE IBE:DE79571492966369656769 BIC:DEUTDEFF PDO:DE RCN:FAC2024943<br />LIB:REGLEMENT FACTURE FAC2024943,31800.00,0,2024-10-05
512000,VIR INTERNE,,VIR INTERNE REF:FR36351536<br />LIB:VIREMENT DE COMPTE A COMPTE,0,28195.16,2024-04-27
633000,PRLV SEPA DGFIP,REF378035,PRLV SEPA NBE:DGFIP<br />LIB:CONTRIBUTION ECONOMIQUE TERRITORIALE,0,5092.66,2025-01-25
618000,CB SARL MARTIN,,,0,405.62,2025-01-08
445660,CB SARL MARTIN,,,0,81.12,2025-01-08
401001,VIREMENT SEPA EURL GAUTHIER LOGI,,VIR SEPA REF:FR97276121 NPY:EURL GAUTHIER LOGISTIQUE<br />LIB:ACOMPTE FOURNISSEUR,0,9887.24,2024-02-29
512000,FRAIS BANCAIRES,,FRAIS BANCAIRES<br />LIB:FRAIS DE GESTION FEVRIER,0,72.74,2024-02-28
512000,VIREMENT RECU SA LEFEVRE,,VIR SEPA NPY:SA LEFEVRE<br />LIB:VIREMENT RECU,15074.90,0,2024-05-29
401006,VIREMENT SEPA SAS ROBIN SECURITE,,,0,19847.11,2025-09-23
649000,VIR RECU CPAM,,VIR SEPA NPY:CPAM<br />LIB:INDEMNITES JOURNALIERES MAI,2615.73,0,2025-05-30
401003,VIR SEPA SARL GIRARD SECURITE,,,0,14114.00,2025-08-26
401003,PRLV SEPA SARL GIRARD SECURITE,,,0,12510.13,2025-05-31
411001,VIR RECU SCI HENRY SECURITE,REF770607,VIR SEPA NPY:SCI HENRY SECURITE IBE:DE79571492966369656769 BIC:DEUTDEFF PDO:DE<br />LIB:REGLEMENT CLIENT FAC2024931,2194.69,0,2025-07-25
218000,VIR SEPA SA PICARD,,VIR SEPA NPY:SA PICARD<br />LIB:IMMOBILISATION CORPORELLE,0,10516.67,2025-12-26
445620,VIR SEPA SA PICARD,,VIR SEPA NPY:SA PICARD<br />LIB:IMMOBILISATION CORPORELLE,0,2103.33,2025-12-26
514000,REMISE CHEQUE,,REMISE CHQ N 579736,9495.55,0,2024-07-18
707000,VIR RECU SAS TECHNOLOGY PLUS,,,5010.00,0,2025-07-17
512000,REMISE CHEQUE,,REMISE CHQ N 351082,8254.68,0,2025-11-15
625200,CB SARL ANDRE,,,0,416.67,2025-03-25
445660,CB SARL ANDRE,,,0,83.33,2025-03-25
601100,CARTE ALLIANZ,,,0,1250.00,2025-02-15
445660,CARTE ALLIANZ,,,0,250.00,2025-02-15
601100,CB SAS FAURE,,,0,90.48,2024-02-28
445660,CB SAS FAURE,,,0,18.10,2024-02-28
601100,PRLVT SEPA MAIF,,,0,97.39,2025-07-15
445660,PRLVT SEPA MAIF,,,0,19.48,2025-07-15
401002,VIR SEPA SARL FOURNIER BTP,,VIR SEPA REF:FR53540476 NPY:SARL FOURNIER BTP<br />LIB:FACTURE FOURNISSEUR FAC2024583 LC2:ECHEANCE NOVEMBRE,0,4434.32,2025-11-22
614000,PRLV SEPA EURL BERNARD,,,0,719.54,2025-01-31
445660,PRLV SEPA EURL BERNARD,,,0,143.91,2025-01-31
411003,VIR RECU SARL GIRARD BTP,,,28817.18,0,2025-12-27
626000,PRLV SEPA LA POSTE,,,0,52.56,2024-07-19
419000,VIREMENT RECU SAS LOGISTIQUE PRO,,,3120.33,0,2024-07-30
626000,PRLV SEPA EURL BERNARD,,,0,189.60,2025-12-25
604000,CARTE GOOGLE CLOUD,,,0,5852.61,2024-02-25
445660,CARTE GOOGLE CLOUD,,,0,1170.52,2024-02-25
205000,VIR SEPA SARL MARTIN,REF671932,,0,23388.85,2024-03-19
411001,VIREMENT RECU SCI HENRY SECURITE,,,32932.21,0,2024-09-30
401005,PRLV SEPA SCI GUERIN IMPRIMERIE,,PRLV SEPA CPY:FR99881929 NBE:SCI GUERIN IMPRIMERIE<br />LIB:FACTURE FAC2024767,0,867.59,2025-10-08
635000,PRLV SEPA DGFIP,,PRLV SEPA NBE:DGFIP<br />LIB:AUTRES IMPOTS 2025,0,4289.12,2025-12-27
625100,PAIEMENT CB MAIF,,,0,833.33,2025-05-28
445660,PAIEMENT CB MAIF,,,0,166.67,2025-05-28
668000,FRAIS FINANCIERS,,,0,206.55,2025-01-23
601100,CB MAIF,,CB MAIF<br />LIB:ACHAT MARCHANDISES,0,1748.80,2025-11-17
445660,CB MAIF,,CB MAIF<br />LIB:ACHAT MARCHANDISES,0,349.76,2025-11-17
411002,VIR RECU SA GARNIER TRANSPORTS,,,19535.10,0,2025-05-01
416000,VIR RECU SARL COMMERCE DU SUD,,,7240.00,0,2024-07-26
512100,VIR INTERNE,,,0,22000.00,2024-02-29
401005,PRLV SEPA SCI GUERIN IMPRIMERIE,,,0,3872.02,2025-04-30
512100,VIR INTERNE,,VIR INTERNE REF:FR64844178<br />LIB:VIREMENT ENTRE COMPTES,0,69500.00,2024-01-16
681000,DOTATION AMORTISSEMENT,,,0,13720.09,2024-12-24
708000,VIR RECU SARL MODE TEXTILE,,,1050.00,0,2025-08-29
707000,VIR RECU SAS TECHNOLOGY PLUS,,,10035.21,0,2025-05-30
213100,VIREMENT SEPA SAS GIRARD,,,0,50988.28,2024-06-09
401003,VIR SARL GIRARD SECURITE,,,0,4720.00,2024-07-27
611000,PRLV SEPA SA PICARD,,PRLV SEPA NBE:SA PICARD<br />LIB:SOUS-TRAITANCE,0,5630.35,2024-12-16
445660,PRLV SEPA SA PICARD,,PRLV SEPA NBE:SA PICARD<br />LIB:SOUS-TRAITANCE,0,1126.07,2024-12-16
164000,PRLVT SEPA ECHEANCE EMPRUNT,,,0,7960.00,2025-09-03
661100,PRLVT SEPA ECHEANCE EMPRUNT,,,0,1791.00,2025-09-03
616000,PRLVT SEPA ECHEANCE EMPRUNT,,,0,199.00,2025-09-03
613200,PRLV SEPA EURL BERNARD,,PRLV SEPA NBE:EURL BERNARD<br />LIB:LOYER MARS 2025,0,2266.95,2025-03-02
445660,PRLV SEPA EURL BERNARD,,PRLV SEPA NBE:EURL BERNARD<br />LIB:LOYER MARS 2025,0,453.39,2025-03-02
651000,VIR SEPA SARL BONNET,,,0,2457.31,2025-02-06
445660,VIR SEPA SARL BONNET,,,0,491.46,2025-02-06
411008,VIREMENT RECU SCI PETIT ELECTRIC,,VIR SEPA NPY:SCI PETIT ELECTRICITE IBE:FR3379857962349216244198983 BIC:AGRIFRPP PDO:FR RCN:FAC2025200<br />LIB:REGLEMENT FACTURE FAC2025200,9101.77,0,2025-06-29
401001,PRLV SEPA EURL GAUTHIER LOGISTIQ,,,0,1120.32,2024-08-28
623000,CB SAS DUPONT,,CB SAS DUPONT<br />LIB:PUBLICITE ANNONCES,0,903.33,2024-02-20
445660,CB SAS DUPONT,,CB SAS DUPONT<br />LIB:PUBLICITE ANNONCES,0,180.67,2024-02-20
401001,VIR SEPA EURL GAUTHIER LOGISTIQU,,VIR SEPA REF:FR21936163 NPY:EURL GAUTHIER LOGISTIQUE<br />LIB:ACOMPTE FOURNISSEUR,0,17190.13,2025-03-25
601100,PAIEMENT CB SA GROUPE LEGRAND,,,0,2689.12,2025-09-01
445660,PAIEMENT CB SA GROUPE LEGRAND,,,0,537.83,2025-09-01
637000,PRLV SEPA DGFIP,,,0,1008.74,2024-10-30
635000,PRELEVEMENT SEPA DGFIP,REF781691,,0,4788.28,2025-11-21
624000,CB CABINET EXPERTISE COMPTABLE,,,0,363.45,2024-12-26
445660,CB CABINET EXPERTISE COMPTABLE,,,0,72.69,2024-12-26
701000,VIR RECU SAS AGENCE MEDIA,REF987995,,24230.91,0,2025-02-17
411003,VIR RECU SARL GIRARD BTP,,VIR SEPA NPY:SARL GIRARD BTP IBE:FR6565717087582511379734835 BIC:AGRIFRPP PDO:FR<br />LIB:REGLEMENT CLIENT FAC2025528,18205.47,0,2024-07-31
512000,FRAIS BANCAIRES,REF726587,,0,50.00,2024-01-28
707000,VIREMENT RECU SAS TECHNOLOGY PLU,REF350024,VIR SEPA NPY:SAS TECHNOLOGY PLUS<br />LIB:VENTE MARCHANDISES FAC2024840,11415.86,0,2025-06-03
411005,VIREMENT RECU SCI ROUSSEL ELECTR,,,29131.10,0,2024-10-22
530000,RETRAIT CASSE,,,0,292.53,2024-09-13
419000,VIR RECU SA AERO COMPOSANTS,,,15700.00,0,2025-03-29
401001,PRLV SEPA EURL GAUTHIER LOGISTIQ,,,0,4285.76,2024-07-30
401001,VIREMENT SEPA EURL GAUTHIER LOGI,,,0,6700.00,2025-05-28
401001,PRELEVEMENT SEPA EURL GAUTHIER L,,,0,847.45,2025-10-14
757000,VIREMENT RECU SARL COMMERCE DU S,,VIR SEPA NPY:SARL COMMERCE DU SUD<br />LIB:CESSION VEHICULE,12604.57,0,2025-06-02
612000,PRLV SEPA SARL PETIT,,,0,1363.06,2024-10-28
445660,PRLV SEPA SARL PETIT,,,0,272.61,2024-10-28
704000,VIREMENT RECU SAS CONSEIL RH,,,10337.57,0,2025-10-17
421000,VIR SEPA SALAIRE DECEMBRE,,VIR SEPA<br />LIB:SALAIRE DECEMBRE 2025,0,2231.42,2025-12-26
708000,VIR RECU SARL TRANSPORT EXPRESS,,,1371.36,0,2025-03-25
641000,VIR SEPA SALAIRE DECEMBRE,,,0,4322.72,2025-12-26
606300,CARTE SAS GIRARD,,CB SAS GIRARD<br />LIB:PETIT EQUIPEMENT,0,833.33,2024-07-17
445660,CARTE SAS GIRARD,,CB SAS GIRARD<br />LIB:PETIT EQUIPEMENT,0,166.67,2024-07-17
401005,PRLV SEPA SCI GUERIN IMPRIMERIE,,PRLV SEPA CPY:FR37154611 NBE:SCI GUERIN IMPRIMERIE<br />LIB:FACTURE FAC2025612,0,477.95,2025-05-26
612000,PRLV SEPA SAS LAMBERT,,,0,3532.22,2025-04-12
445660,PRLV SEPA SAS LAMBERT,,,0,706.45,2025-04-12
706000,VIR RECU SA CHIMIE FRANCE,,,8832.54,0,2024-09-28
671000,VIR SEPA SAS FAURE,REF708497,VIR SEPA NPY:SAS FAURE<br />LIB:CHARGE EXCEPTIONNELLE,0,4790.00,2024-10-31
401002,VIR SEPA SARL FOURNIER BTP,,,0,11667.10,2025-06-03
164000,PRLV SEPA ECHEANCE EMPRUNT,,PRLV SEPA<br />LIB:ECHEANCE EMPRUNT FR69092647,0,5200.00,2024-11-17
661100,PRLV SEPA ECHEANCE EMPRUNT,,PRLV SEPA<br />LIB:ECHEANCE EMPRUNT FR69092647,0,1170.00,2024-11-17
616000,PRLV SEPA ECHEANCE EMPRUNT,,PRLV SEPA<br />LIB:ECHEANCE EMPRUNT FR69092647,0,130.00,2024-11-17
621000,PRLV SEA EURL BERNARD,,,0,4787.47,2025-12-31
445660,PRLV SEA EURL BERNARD,,,0,957.50,2025-12-31
401004,VIR SAS GARCIA INDUSTRIE,,,0,15060.00,2025-08-31
708000,VIR RECU SARL TRANSPORT EXPRESS,REF186097,VIR SEPA NPY:SARL TRANSPORT EXPRESS<br />LIB:PRODUITS ACTIVITES ANNEXES,610.87,0,2024-07-17
580000,VIR INTERNE,REF938022,,0,5268.46,2025-11-14
707000,VIREMENT RECU SAS DIGITAL SERVIC,,VIR SEPA NPY:SAS DIGITAL SERVICES<br />LIB:VENTE MARCHANDISES FAC2024225,3313.29,0,2024-04-25
625100,CB SARL GAUTIER,,CB SARL GAUTIER<br />LIB:DEPLACEMENT MISSION,0,540.69,2025-11-25
445660,CB SARL GAUTIER,,CB SARL GAUTIER<br />LIB:DEPLACEMENT MISSION,0,108.14,2025-11-25
401008,VIR SEPA SAS BLANC SECURITE,,,0,10697.47,2024-11-26
707000,VIREMENT RECU SAS DIGITAL SERVIC,,,10258.41,0,2025-09-04
627000,PRLV SEPA OVH SAS,,,0,350.00,2024-03-09
601100,PRELEVEMENT SEPA SA GROUPE LEGRA,,,0,219.74,2024-01-28
445660,PRELEVEMENT SEPA SA GROUPE LEGRA,,,0,43.95,2024-01-28
613200,PRELEVEMENT SEPA EURL MERCIER,,,0,416.67,2025-01-05
445660,PRELEVEMENT SEPA EURL MERCIER,,,0,83.33,2025-01-05
411007,VIREMENT RECU SARL GARCIA DISTRI,REF980980,,5340.22,0,2024-01-29
627000,PRELEVEMENT SEPA OVH SAS,,PRLV SEPA NBE:OVH SAS<br />LIB:HEBERGEMENT SERVEUR,0,53.04,2024-11-05
404000,VIR SEPA SA FOURNIER,,VIR SEPA NPY:SA FOURNIER<br />LIB:ACHAT IMMOBILISATION,0,16809.62,2024-12-18
403000,VIREMENT SEPA SA LEFEVRE,,,0,3504.85,2025-05-06
615000,PRLV SEPA SAS DUPONT,,,0,2402.03,2025-02-28
445660,PRLV SEPA SAS DUPONT,,,0,480.41,2025-02-28
580000,VIR INTRNE,,,0,44655.60,2024-04-10
635000,PRLV SEPA DGFIP,REF889196,PRLV SEPA NBE:DGFIP<br />LIB:AUTRES IMPOTS 2025,0,444.46,2025-02-28
621000,PRELEVEMENT SEPA EURL BERNARD,,PRLV SEPA NBE:EURL BERNARD<br />LIB:PERSONNEL INTERIMAIRE,0,1366.67,2024-11-30
445660,PRELEVEMENT SEPA EURL BERNARD,,PRLV SEPA NBE:EURL BERNARD<br />LIB:PERSONNEL INTERIMAIRE,0,273.33,2024-11-30
641100,VIR SEPA SALAIRE OCTOBRE,,VIR SEPA<br />LIB:CONGES PAYES OCTOBRE 2025,0,1440.30,2025-10-30
606100,CARTE SA FOURNIER,,CB SA FOURNIER<br />LIB:FOURNITURES NON STOCKABLES,0,70.21,2024-05-20
445660,CARTE SA FOURNIER,,CB SA FOURNIER<br />LIB:FOURNITURES NON STOCKABLES,0,14.04,2024-05-20
661000,AGIOS BANCAIRES,,,0,150.00,2025-05-25
661000,AGIOS BANCAIRES,REF286627,,0,296.87,2024-02-02
627000,PRLVT SEPA OVH SAS,,,0,345.02,2024-10-09
213100,VIREMENT SEPA SARL PETIT,,VIR SEPA NPY:SARL PETIT<br />LIB:CONSTRUCTION,0,47967.35,2024-10-27
401002,VIREMENT SEPA SARL FOURNIER BTP,,,0,5277.32,2024-02-21
701000,VIREMENT RECU SA CONSEIL RH,,VIR SEPA NPY:SAS CONSEIL RH<br />LIB:VENTE PRODUITS FINIS FAC2024114,23240.00,0,2025-08-25
627000,PRLV SEPA VH SAS,,PRLV SEPA NBE:OVH SAS<br />LIB:HEBERGEMENT SERVEUR,0,129.76,2024-11-13
624000,CB EURL BERNARD,,CB EURL BERNARD<br />LIB:TRANSPORT LIVRAISON,0,62.48,2025-06-26
445660,CB EURL BERNARD,,CB EURL BERNARD<br />LIB:TRANSPORT LIVRAISON,0,12.50,2025-06-26
401002,VIR SEPA SARL FOURNIER BTP,,VIR SEPA REF:FR72310498 NPY:SARL FOURNIER BTP<br />LIB:ACOMPTE FOURNISSEUR,0,5000.00,2025-01-15
601100,PRLV SEPA EDF,,,0,3350.90,2024-05-01
445660,PRLV SEPA EDF,,,0,670.18,2024-05-01
601100,PRLV SEPA SA GROUPE LEGRAND,,,0,1455.45,2024-06-25
445660,PRLV SEPA SA GROUPE LEGRAND,,,0,291.09,2024-06-25
411002,VIR RECU SA GARNIER TRANSPORTS,,VIR SEPA NPY:SA GARNIER TRANSPORTS IBE:BE48861929000308 BIC:GEBABEBB PDO:BE<br />LIB:REGLEMENT CLIENT FAC2024188,13000.00,0,2025-05-25
615000,PRELEVEMENT SEPA SARL PETIT,,,0,839.35,2024-07-25
445660,PRELEVEMENT SEPA SARL PETIT,,,0,167.87,2024-07-25
411007,VIR RECU SARL GARCIA DISTRIBUTIO,,VIR SEPA NPY:SARL GARCIA DISTRIBUTION IBE:FR6177233592743758002949141 BIC:CCBPFRPP PDO:FR RCN:FAC2025956<br />LIB:REGLEMENT FACTURE FAC2025956,25778.03,0,2024-05-29
641100,VIR SEPA SALAIRE MAI,,,0,3782.35,2025-05-28
613200,PRLV SEPA SARL PETIT,,,0,3291.25,2024-06-01
445660,PRLV SEPA SARL PETIT,,,0,658.25,2024-06-01
706000,VIR RECU EURL DESIGN STUDIO,,,15169.98,0,2024-02-29
641000,VIR SALAIRE MAI,REF786128,VIR SEPA<br />LIB:REMUNERATION MAI,0,3000.00,2025-05-28
511500,ENCAISSEMENT CB,,,995.47,0,2025-01-27
627000,ENCAISSEMENT CB,,,0,9.95,2025-01-27
706000,VIR RECU SA INDUSTRIE NORD,,VIR SEPA NPY:SA INDUSTRIE NORD<br />LIB:HONORAIRES SEPTEMBRE,12665.53,0,2024-09-08
411002,VIR RECU SA GARNIER TRANSPORTS,,VIR SEPA NPY:SA GARNIER TRANSPORTS IBE:BE48861929000308 BIC:GEBABEBB PDO:BE<br />LIB:REGLEMENT CLIENT FAC2024992,23910.79,0,2024-08-26
421000,VIR SALAIRE DECEMBRE,,VIR SEPA<br />LIB:SALAIRE DECEMBRE 2024,0,1654.47,2024-12-28
164000,PRLVT SEPA ECHEANCE EMPRUNT,,PRLV SEPA<br />LIB:ECHEANCE EMPRUNT FR24972410,0,640.00,2025-08-31
661100,PRLVT SEPA ECHEANCE EMPRUNT,,PRLV SEPA<br />LIB:ECHEANCE EMPRUNT FR24972410,0,144.00,2025-08-31
616000,PRLVT SEPA ECHEANCE EMPRUNT,,PRLV SEPA<br />LIB:ECHEANCE EMPRUNT FR24972410,0,16.00,2025-08-31
706000,VIR RECU SA INDUSTRIE NORD,,,13659.06,0,2025-02-27
580000,VIR INTERNE,REF335404,VIR INTERNE<br />LIB:VIREMENT INTERNE,0,46760.87,2025-09-01
205000,VIREMENT SEPA SARL MARTIN,,VIR SEPA NPY:SARL MARTIN<br />LIB:LOGICIEL FAC2025821,0,5500.00,2025-12-11
641000,VIR SEPA SALAIRE MARS,,,0,3315.08,2024-03-27
681000,DOTATION AMORTISSEMENT,,LIB:DOTATION AMORTISSEMENT T4 2024,0,1282.23,2024-12-25
411001,VIR RECU SCI HENRY SECURITE,,VIR SEPA NPY:SCI HENRY SECURITE IBE:DE79571492966369656769 BIC:DEUTDEFF PDO:DE RCN:FAC2025345<br />LIB:REGLEMENT FACTURE FAC2025345,17062.88,0,2025-02-15
411004,VIR RECU SA NOEL IMPRIMERIE,,VIR SEPA NPY:SA NOEL IMPRIMERIE IBE:FR8129201921818324290922311 BIC:SOGEFRPP PDO:FR RCN:FAC2024554<br />LIB:REGLEMENT FACTURE FAC2024554,40373.04,0,2025-06-18
707000,VIREMENT RECU SA CHIMIE FRANCE,REF748830,,14114.17,0,2024-02-25
631000,PRLV SEPA DGFIP,,PRLV SEPA NBE:DGFIP<br />LIB:TAXE APPRENTISSAGE 2024,0,885.30,2024-11-29
641000,VIR SLAIRE AOUT,,VIR SEPA<br />LIB:SALAIRE AOUT 2025,0,4235.09,2025-08-31
649000,VIR RECU CPAM,REF103659,,2246.56,0,2025-09-06
401002,PRELEVEMENT SEPA SARL FOURNIER B,,PRLV SEPA CPY:FR53975138 NBE:SARL FOURNIER BTP<br />LIB:FACTURE FAC2024564,0,7446.15,2024-08-19
612000,PRLVT SEPA SAS LAMBERT,,,0,2775.54,2024-05-21
445660,PRLVT SEPA SAS LAMBERT,,,0,555.11,2024-05-21
601100,PAIEMENT CB SA FOURNIER,,,0,499.19,2024-01-17
445660,PAIEMENT CB SA FOURNIER,,,0,99.84,2024-01-17
431000,PRELEVEMENT SEPA URSSAF,,,0,5961.90,2024-12-11
612000,PRLV SEPA SA PICARD,,PRLV SEPA NBE:SA PICARD<br />LIB:CREDIT-BAIL,0,3091.97,2024-11-20
445660,PRLV SEPA SA PICARD,,PRLV SEPA NBE:SA PICARD<br />LIB:CREDIT-BAIL,0,618.39,2024-11-20
604000,CB ORANGE SA,,,0,185.02,2025-11-30
445660,CB ORANGE SA,,,0,37.01,2025-11-30
601100,CB EURL BERNARD,,,0,1250.00,2024-04-16
445660,CB EURL BERNARD,,,0,250.00,2024-04-16
641000,VIRMENT SEPA SALAIRE AOUT,,,0,3870.92,2025-08-29
707000,VIR RECU SAS TECHNOLOGY PLUS,,VIR SEPA NPY:SAS TECHNOLOGY PLUS<br />LIB:VENTE MARCHANDISES FAC2024565,8000.00,0,2024-02-20
606100,PAIEMENT CB SAS MOREAU,,CB SAS MOREAU<br />LIB:FOURNITURES NON STOCKABLES,0,402.71,2024-04-26
445660,PAIEMENT CB SAS MOREAU,,CB SAS MOREAU<br />LIB:FOURNITURES NON STOCKABLES,0,80.54,2024-04-26
411001,VIREMENT RECU SCI HENRY SECURITE,,,6000.00,0,2025-01-28
706000,VIR RECU SA GROUPE LEGRAND,,,1758.22,0,2024-01-18
411005,VIR RECU SCI ROUSSEL ELECTRICITE,,,27332.42,0,2025-05-30
625100,CARTE EURL BERNARD,,,0,815.34,2025-11-11
445660,CARTE EURL BERNARD,,,0,163.07,2025-11-11
401001,PRLV SEPA EURL GAUTHIER LOGISTIQ,REF491883,,0,2510.00,2024-08-29
512100,VIR INTERNE,,VIR INTERNE REF:FR74721635<br />LIB:VIREMENT ENTRE COMPTES,0,62933.54,2025-09-30
401001,PRELEVEMENT SEPA EURL GAUTHIER L,,PRLV SEPA NBE:EURL GAUTHIER LOGISTIQUE<br />LIB:REGLEMENT ACHAT,0,2110.00,2024-08-02
626000,PRLV SEPA SAS FAURE,,PRLV SEPA NBE:SAS FAURE<br />LIB:TELECOMMUNICATIONS,0,222.12,2024-11-05
401003,PRLV SEPA SARL GIRARD SECURITE,,PRLV SEPA CPY:FR35132392 NBE:SARL GIRARD SECURITE<br />LIB:FACTURE FAC2024534,0,2000.00,2024-07-30
611000,PRELEVEMENT SEPA SARL BONNET,,,0,2456.71,2024-02-17
445660,PRELEVEMENT SEPA SARL BONNET,,,0,491.34,2024-02-17
512000,FRAIS BANCAIRES,,,0,16.67,2025-04-30
646000,PRELEVEMENT SEPA POLE EMPLOI,,,0,3000.00,2025-01-15
601100,PRLV SEPA MAIF,,,0,5714.28,2025-08-01
445660,PRLV SEPA MAIF,,,0,1142.86,2025-08-01
775000,VIR RECU SARL COMMERCE DU SUD,REF650941,,1756.08,0,2024-03-30
641000,VIR SEPA SALAIRE JANVIER,,VIR SEPA<br />LIB:REMUNERATION JANVIER,0,4173.14,2024-01-29
623000,CB ENGIE,,,0,1783.33,2025-05-02
445660,CB ENGIE,,,0,356.67,2025-05-02
615000,PRLV SEPA SAS DUPONT,,,0,1695.32,2024-09-01
445660,PRLV SEPA SAS DUPONT,,,0,339.06,2024-09-01
701000,VIR RECU SAS CONSEIL RH,,,26066.26,0,2024-02-12
645000,PRLV SEPA URSSAF,REF395702,PRLV SEPA NBE:URSSAF<br />LIB:COTISATIONS PATRONALES T3 2025,0,11644.83,2025-08-08
681000,DOTATION AMORTISSEMENT,,LIB:DOTATION AMORTISSEMENT T4 2025,0,3750.00,2025-12-29
467000,VIREMENT SEPA SAS LAURENT,,,0,2385.92,2024-03-30
635000,PRELEVEMENT SEPA DGFIP,,,0,252.35,2024-12-06
512000,VIR RECU SARL PETIT,,VIR SEPA NPY:SARL PETIT<br />LIB:VIREMENT RECU,13873.89,0,2024-10-17
205000,VIREMENT SEPA SARL ANDRE,,VIR SEPA NPY:SARL ANDRE<br />LIB:LOGICIEL FAC2024994,0,4091.24,2025-12-22
421000,VIREMENT SEPA SALAIRE OCTOBRE,,,0,4929.19,2024-10-27
604000,CB SARL CONSULTANT RH,,,0,2559.29,2024-10-13
445660,CB SARL CONSULTANT RH,,,0,511.86,2024-10-13
708000,VIR RECU SARL COMMERCE DU SUD,,,3100.00,0,2025-03-13
612000,PRLV SEPA SAS LAMBERT,,,0,746.69,2025-10-26
445660,PRLV SEPA SAS LAMBERT,,,0,149.34,2025-10-26
601100,PRLVT SEPA EDF,,,0,2875.00,2024-08-09
445660,PRLVT SEPA EDF,,,0,575.00,2024-08-09
627000,PRELEVEMENT SEPA BOUYGUES TELECO,,,0,100.00,2025-01-29
625200,CB SAS FAURE,,CB SAS FAURE<br />LIB:FRAIS HEBERGEMENT,0,141.23,2025-10-26
445660,CB SAS FAURE,,CB SAS FAURE<br />LIB:FRAIS HEBERGEMENT,0,28.25,2025-10-26
401008,VIREMENT SEPA SAS BLANC SECURITE,,VIR SEPA REF:FR10347388 NPY:SAS BLANC SECURITE<br />LIB:FACTURE FOURNISSEUR FAC2025806 LC2:ECHEANCE NOVEMBRE,0,4215.31,2025-11-28
649000,VIR RECU CPAM,REF883524,,1843.98,0,2025-12-18
706000,VIR RECU SA GROUPE LEGRAND,,VIR SEPA NPY:SA GROUPE LEGRAND<br />LIB:PRESTATIONS SERVICES FAC2024267,17000.00,0,2024-12-31
622000,VIR SEPA SA FOURNIER,REF171802,VIR SEPA NPY:SA FOURNIER<br />LIB:HONORAIRES COMPTABLES,0,4046.45,2025-01-28
445660,VIR SEPA SA FOURNIER,REF171802,VIR SEPA NPY:SA FOURNIER<br />LIB:HONORAIRES COMPTABLES,0,809.29,2025-01-28
606100,PRELEVEMENT SEPA SARL ANDRE,REF418773,,0,180.75,2024-12-27
445660,PRELEVEMENT SEPA SARL ANDRE,REF418773,,0,36.15,2024-12-27
411006,VIREMENT RECU SARL LEFEVRE CONSE,,,45060.00,0,2024-05-27
646000,PRLV SEPA POLE EMPLOI,REF765827,,0,4650.00,2025-03-10
623000,CB CABINET EXPERTISE COMPTABLE,REF483884,,0,2121.52,2025-03-29
445660,CB CABINET EXPERTISE COMPTABLE,REF483884,,0,424.30,2025-03-29
661000,FRAIS BANCAIRES,,,0,120.10,2025-10-27
706000,VIR RECU SA INDUSTRIE NORD,REF408064,VIR SEPA NPY:SA INDUSTRIE NORD<br />LIB:PRESTATIONS SERVICES FAC2025964,12145.56,0,2024-07-27
626000,PRLV SEPA LA POSTE,REF715664,,0,159.10,2024-01-11
431000,PRLVT SEPA URSSAF,,,0,2000.00,2025-09-08
411006,VIR RECU SARL LEFEVRE CONSEIL,,VIR SEPA NPY:SARL LEFEVRE CONSEIL IBE:FR9254472416792007230350052 BIC:BNPAFRPP PDO:FR<br />LIB:REGLEMENT CLIENT FAC2025254,9210.71,0,2025-03-25
621000,PRLV SEPA SARL PETIT,,PRLV SEPA NBE:SARL PETIT<br />LIB:PERSONNEL INTERIMAIRE,0,8333.33,2024-06-26
445660,PRLV SEPA SARL PETIT,,PRLV SEPA NBE:SARL PETIT<br />LIB:PERSONNEL INTERIMAIRE,0,1666.67,2024-06-26
613200,PRLV SEPA EURL MERCIER,,,0,3756.02,2024-05-02
445660,PRLV SEPA EURL MERCIER,,,0,751.20,2024-05-02
580000,VIR INTERNE,REF992126,,0,16239.36,2024-01-30
707000,VIREMENT RECU SAS TECHNOLOGY PLU,REF630601,,3848.39,0,2025-08-13
671000,VIREMENT SEPA SAS LAMBERT,REF933219,,0,5133.71,2025-05-23
613200,PRELEVEMENT SEPA EURL BERNARD,REF779219,,0,1475.04,2025-04-04
445660,PRELEVEMENT SEPA EURL BERNARD,REF779219,,0,295.01,2025-04-04
707000,VIREMENT RECU SAS DIGITAL SERVIC,REF505095,VIR SEPA NPY:SAS DIGITAL SERVICES<br />LIB:VENTE MARCHANDISES FAC2024565,7028.52,0,2024-01-09
512000,VIR INTERNE,REF373421,,0,33718.06,2025-02-04
437000,PRELEVEMENT SEPA POLE EMPLOI,,,0,5544.29,2024-12-12
411008,VIREMENT RECU SCI PETIT ELECTRIC,,VIR SEPA NPY:SCI PETIT ELECTRICITE IBE:FR3379857962349216244198983 BIC:AGRIFRPP PDO:FR RCN:FAC2025694<br />LIB:REGLEMENT FACTURE FAC2025694,26900.00,0,2025-12-28
708000,VIR RECU SARL TRANSPORT EXPRESS,,,577.47,0,2024-04-25
601100,PRLV SEPA EDF,,,0,3075.27,2025-04-19
445660,PRLV SEPA EDF,,,0,615.05,2025-04-19
512000,VIR RECU SAS FAURE,,,21000.00,0,2024-07-02
612000,PRLV SEPA SA PICARD,,PRLV SEPA NBE:SA PICARD<br />LIB:CREDIT-BAIL,0,4155.21,2025-12-26
445660,PRLV SEPA SA PICARD,,PRLV SEPA NBE:SA PICARD<br />LIB:CREDIT-BAIL,0,831.04,2025-12-26
511500,ENCAISSEMENT CB,,,1320.29,0,2025-11-14
627000,ENCAISSEMENT CB,,,0,13.20,2025-11-14
601100,CBEDF,,CB EDF FACT:FAC2024232<br />LIB:ACHAT FOURNITURES,0,283.33,2025-08-10
445660,CBEDF,,CB EDF FACT:FAC2024232<br />LIB:ACHAT FOURNITURES,0,56.67,2025-08-10
641000,VIR SALAIRE OCTOBRE,,,0,4425.57,2024-10-28
530000,RETRIT CAISSE,,RETRAIT DAB<br />LIB:APPROVISIONNEMENT CAISSE,0,228.90,2024-04-08
707000,VIR RECU SAS ECO ENERGIE,REF833911,VIR SEPA NPY:SAS ECO ENERGIE<br />LIB:VENTE MARCHANDISES FAC2024655,6740.06,0,2025-04-01
530000,RETRAIT CAISSE,,RETRAIT DAB<br />LIB:APPROVISIONNEMENT CAISSE,0,336.25,2025-08-26
641000,VIR SALAIRE DECEMBRE,,,0,4044.73,2025-12-26
606100,CB SA FOURNIER,REF572510,,0,250.00,2024-11-23
445660,CB SA FOURNIER,REF572510,,0,50.00,2024-11-23
411003,VIR RECU SARL GIRARD BTP,,,44500.00,0,2024-07-29
411001,VIR RECU SCI HENRY SECURITE,,VIR SEPA NPY:SCI HENRY SECURITE IBE:DE79571492966369656769 BIC:DEUTDEFF PDO:DE<br />LIB:REGLEMENT CLIENT FAC2024267,25154.98,0,2025-08-26
411003,VIR RECU SARL GIRARD BTP,,VIR SEPA NPY:SARL GIRARD BTP IBE:FR6565717087582511379734835 BIC:AGRIFRPP PDO:FR RCN:FAC2024629<br />LIB:REGLEMENT FACTURE FAC2024629,44718.67,0,2024-03-25
512000,REMISE CHEQUE,REF874633,,6252.87,0,2025-05-28
641000,VIR SALAIRE SEPTEMBRE,,,0,3586.25,2024-09-29
641000,VIR SALAIRE JANVIER,REF338846,VIR SEPA<br />LIB:SALAIRE JANVIER 2024,0,1671.50,2024-01-29
606300,PAIEMENT CB SAS GIRARD,,CB SAS GIRARD<br />LIB:ACHAT MATERIEL,0,202.47,2024-02-09
445660,PAIEMENT CB SAS GIRARD,,CB SAS GIRARD<br />LIB:ACHAT MATERIEL,0,40.49,2024-02-09
627000,PRELEVEMENT SEPA BOUYGUES TELECO,,,0,62.81,2025-05-05
621000,PRLV SEPA EURL BERNARD,REF498858,,0,585.12,2025-12-28
445660,PRLV SEPA EURL BERNARD,REF498858,,0,117.02,2025-12-28
601100,PRLV SEPA SA GROUPE LEGRAND,,,0,3190.07,2025-06-30
445660,PRLV SEPA SA GROUPE LEGRAND,,,0,638.01,2025-06-30
771000,VIREMENT RECU SA GROUPE LEGRAND,,VIR SEPA NPY:SA GROUPE LEGRAND<br />LIB:PRODUIT EXCEPTIONNEL,13448.24,0,2024-02-28
211000,VIR SEPA SARL GAUTIER,,,0,128930.00,2024-12-20
649000,VIR RECU CPAM,,VIR SEPA NPY:CPAM<br />LIB:INDEMNITES JOURNALIERES FEVRIER,1320.83,0,2025-02-04
621000,PRLV SEPA EURL BERNARD,,,0,2980.88,2025-09-14
445660,PRLV SEPA EURL BERNARD,,,0,596.18,2025-09-14
641000,VIR SALAIRE NOVEMBRE,,,0,1500.00,2024-11-26
419000,VIREMENT RECU SAS LOGISTIQUE PRO,,VIR SEPA NPY:SAS LOGISTIQUE PRO<br />LIB:ACOMPTE CLIENT,6957.56,0,2025-05-20
626000,PRLV SEPA SAS FAURE,,,0,28.27,2024-11-26
621000,PRLVT EPA SAS DUPONT,,,0,6416.67,2024-11-02
445660,PRLVT EPA SAS DUPONT,,,0,1283.33,2024-11-02
411006,VIR RECU SARL LEFEVRE CONSEIL,,,39682.03,0,2024-06-18
626000,PRLVT SEPA LA POSTE,,,0,138.43,2024-07-30
625200,CARTE BOUYGUES TELECOM,,CB BOUYGUES TELECOM<br />LIB:FRAIS HEBERGEMENT,0,277.37,2025-02-28
445660,CARTE BOUYGUES TELECOM,,CB BOUYGUES TELECOM<br />LIB:FRAIS HEBERGEMENT,0,55.47,2025-02-28
625100,PAIEMENT CB SARL GAUTIER,,,0,324.84,2025-06-19
445660,PAIEMENT CB SARL GAUTIER,,,0,64.97,2025-06-19
401002,PRLV SEPA SARL FOURNIER BTP,REF522878,PRLV SEPA CPY:FR79038728 RUM:FR79038728 NBE:SARL FOURNIER BTP<br />LIB:REGLEMENT FACTURE,0,3000.00,2025-04-29
401008,VIR SEPA SAS BLANC SECURITE,,,0,603.19,2024-03-02
611000,PRELEVEMENT SEPA SARL BONNET,REF510435,PRLV SEPA NBE:SARL BONNET<br />LIB:SOUS-TRAITANCE,0,11150.86,2025-10-30
445660,PRELEVEMENT SEPA SARL BONNET,REF510435,PRLV SEPA NBE:SARL BONNET<br />LIB:SOUS-TRAITANCE,0,2230.17,2025-10-30
401006,PRLV SEPA SAS ROBIN SECURITE,,,0,7560.64,2025-01-15
713000,VIR RECU SARL MODE TEXTILE,,,6750.00,0,2025-12-26
611000,PRELEVMENT SEPA SARL ANDRE,REF930559,,0,12043.07,2024-04-26
445660,PRELEVMENT SEPA SARL ANDRE,REF930559,,0,2408.62,2024-04-26
627000,PRLVT SEPA SFR,,,0,44.27,2024-12-25
401001,PRLV SEPA EURL GAUTHIER LOGISTIU,,,0,7371.76,2025-01-08
626000,PRLVSEPA LA POSTE,,,0,150.00,2025-11-11
445510,VIREMENT SEPA DGFIP TVA,,VIR SEPA NPY:DGFIP<br />LIB:TVA A DECAISSER T4 2024,0,12854.36,2024-10-22
606100,PAIEMENT CB SARL GAUTIER,,CB SARL GAUTIER<br />LIB:FOURNITURES NON STOCKABLES,0,133.30,2024-06-27
445660,PAIEMENT CB SARL GAUTIER,,CB SARL GAUTIER<br />LIB:FOURNITURES NON STOCKABLES,0,26.66,2024-06-27
411006,VIR RECU SARL LEFEVRE CONSEIL,,,9350.17,0,2025-12-07
530000,RETRAIT CAISSE,REF298384,,0,80.39,2024-03-26
618000,CB SARL MARTIN,,,0,416.67,2025-03-10
445660,CB SARL MARTIN,,,0,83.33,2025-03-10
164000,PRLV SEPA ECHEANCE EMPRUNT,REF710316,,0,1141.44,2024-12-28
661100,PRLV SEPA ECHEANCE EMPRUNT,REF710316,,0,256.82,2024-12-28
616000,PRLV SEPA ECHEANCE EMPRUNT,REF710316,,0,28.54,2024-12-28
618000,PAIEMENT CB SARL MARTIN,,,0,291.67,2024-08-05
445660,PAIEMENT CB SARL MARTIN,,,0,58.33,2024-08-05
512100,VIR INTERNE,,,0,31100.00,2024-06-12
641100,VIR SALAIRE JANVIER,,,0,2226.96,2025-01-28
512000,FRAIS BANCAIRES,REF212322,,0,37.38,2025-06-17
613200,PRLVT SEPA EURL BERNARD,,,0,1594.73,2024-11-05
445660,PRLVT SEPA EURL BERNARD,,,0,318.95,2024-11-05
627000,PRLVT SEPA SFR,,,0,53.05,2025-02-03
511500,ENCAISSEMENT CB,,,1500.00,0,2024-06-25
627000,ENCAISSEMENT CB,,,0,15.00,2024-06-25
512000,VIR INTERNE,,VIR INTERNE REF:FR30213583<br />LIB:VIREMENT DE COMPTE A COMPTE,0,4330.00,2025-07-30
401006,PRLV SEPA SAS ROBIN SECURITE,,,0,949.04,2025-05-07
626100,PRLV SEPA SA LEFEVRE,,PRLV SEPA NBE:SA LEFEVRE<br />LIB:FRAIS TELEPHONIQUES,0,66.66,2024-09-28
445660,PRLV SEPA SA LEFEVRE,,PRLV SEPA NBE:SA LEFEVRE<br />LIB:FRAIS TELEPHONIQUES,0,13.33,2024-09-28
641000,VIR SEPA SALAIRE AVRIL,,VIR SEPA<br />LIB:REMUNERATION AVRIL,0,2860.16,2025-04-26
467000,VIR SEPA SAS FAURE,REF976581,,0,1100.00,2025-05-30
411003,VIR RECU SARL GIRARD BTP,,,8963.83,0,2025-11-14
615000,PRELEVEMENT SEPA SARL SIMON,REF515691,,0,1332.32,2024-01-01
445660,PRELEVEMENT SEPA SARL SIMON,REF515691,,0,266.46,2024-01-01
625100,PAIEMENT CB MAIF,REF209973,CB MAIF<br />LIB:FRAIS VOYAGE,0,1666.67,2025-02-26
445660,PAIEMENT CB MAIF,REF209973,CB MAIF<br />LIB:FRAIS VOYAGE,0,333.33,2025-02-26
512000,VIR INTERNE,REF619018,,0,16825.82,2025-01-28
213100,VIR SEPA SARL ANDRE,,,0,59014.62,2024-06-30
401005,VIREMENT SEPA SCI GUERIN IMPRIME,,VIR SEPA REF:FR74096626 NPY:SCI GUERIN IMPRIMERIE<br />LIB:FACTURE FOURNISSEUR FAC2024200 LC2:ECHEANCE AOUT,0,9829.71,2024-08-19
411004,VIR RECU SA NOEL IMPRIMERIE,REF156208,,16771.91,0,2024-06-05
511500,ENCAISSEMENT CB,,,2577.64,0,2025-03-09
627000,ENCAISSEMENT CB,,,0,25.78,2025-03-09
512100,VIR INTERNE,,,0,92512.89,2025-01-18
706000,VIR RECU SA INDUSTRIE NORD,,VIR SEPA NPY:SA INDUSTRIE NORD<br />LIB:PRESTATIONS SERVICES FAC2025772,9072.13,0,2024-09-14
645000,PRLV SEPA URSSAF,,,0,17990.19,2024-01-13
614000,PRLV SEPA SA PICARD,,PRLV SEPA NBE:SA PICARD<br />LIB:CHARGES LOCATIVES T4,0,1561.54,2025-11-05
445660,PRLV SEPA SA PICARD,,PRLV SEPA NBE:SA PICARD<br />LIB:CHARGES LOCATIVES T4,0,312.31,2025-11-05
411003,VIREMENT RECU SARL GIRARD BTP,,,14316.96,0,2024-10-27
611000,PRLV SEPA SAS DUPONT,,PRLV SEPA NBE:SAS DUPONT<br />LIB:SOUS-TRAITANCE,0,10267.48,2024-10-26
445660,PRLV SEPA SAS DUPONT,,PRLV SEPA NBE:SAS DUPONT<br />LIB:SOUS-TRAITANCE,0,2053.50,2024-10-26
401006,PRELEVEMENT SEPA SAS ROBIN SECUR,,,0,9110.50,2024-02-25
213100,VIR SEPA SARL GAUTIER,,,0,80384.11,2025-09-20
626000,PRLV SEPA SAS FAURE,,,0,300.00,2025-01-28
514000,REMISE CHEQUE,REF298045,REMISE CHQ N 515449,14696.01,0,2025-05-11
624000,CB SAS LAURENT,,,0,327.89,2024-06-17
445660,CB SAS LAURENT,,,0,65.58,2024-06-17
641100,VIR SEPA SALAIRE MARS,,,0,1727.21,2025-03-25
606100,PRLV SEPA SAS MOREAU,,PRLV SEPA NBE:SAS MOREAU<br />LIB:EAU ELECTRICITE,0,33.27,2025-09-28
445660,PRLV SEPA SAS MOREAU,,PRLV SEPA NBE:SAS MOREAU<br />LIB:EAU ELECTRICITE,0,6.66,2025-09-28
646000,PRLVT SEPA POLE EMPLOI,,,0,1794.32,2025-03-09
633000,PRLV SEPA DGFIP,REF524482,,0,950.00,2024-01-12
641100,VIR SEPA SALAIRE MAI,,,0,2808.13,2024-05-27
401002,PRLV SEPA SARL FOURNIER BTP,,,0,3900.00,2025-12-12
601100,CARTE SA GROUPE LEGRAND,REF508783,,0,65.92,2025-10-06
445660,CARTE SA GROUPE LEGRAND,REF508783,,0,13.19,2025-10-06
411001,VIR RECU SCI HENRY SECURITE,,,29500.00,0,2025-05-29
706000,VIR RECU EURL DESIGN STUDIO,,,8846.64,0,2025-08-26
401004,VIR SAS GARCIA INDUSTRIE,,VIR SEPA REF:FR33307138 NPY:SAS GARCIA INDUSTRIE<br />LIB:COMMANDE FOURNITURES LCC:BON COMMANDE 884503,0,8730.06,2024-12-28
606100,PRELEVEMENT SEPA SARL ANDRE,,,0,666.67,2024-01-31
445660,PRELEVEMENT SEPA SARL ANDRE,,,0,133.33,2024-01-31
401002,PRLV SEPA SARL FOURNIER BTP,REF683865,,0,2992.46,2024-10-30
635000,PRLV SEPA DGFIP,,,0,5000.00,2025-12-26
512000,VIR INTERNE,,,0,26556.01,2025-04-09
218000,PAIEMENT CB SAS DUPONT,,,0,9750.00,2025-05-11
445620,PAIEMENT CB SAS DUPONT,,,0,1950.00,2025-05-11
606100,PAIEMENT CB MACIF,,,0,416.67,2024-07-26
445660,PAIEMENT CB MACIF,,,0,83.33,2024-07-26
401004,VIR SEPA SAS GARCIA INDUSTRIE,,,0,11308.54,2024-11-30
641000,VIREMENT SEPA SALAIRE JUIN,,VIR SEPA<br />LIB:SALAIRE JUIN 2024,0,2783.56,2024-06-25
431000,RLV SEPA URSSAF,,PRLV SEPA CPY:FR26693634 NBE:URSSAF<br />LIB:COTISATIONS SOCIALES T2 2025,0,12516.84,2025-06-08
681000,DOTATION AMORTISSEMENT,REF611725,,0,10848.28,2024-12-31
601100,PRLV SEPA SA GROUPE LEGRAND,,,0,5725.45,2024-05-13
445660,PRLV SEPA SA GROUPE LEGRAND,,,0,1145.09,2024-05-13
411004,VIREMENT RECU SA NOEL IMPRIMERIE,,,14614.14,0,2024-03-29
757000,VIREMENT RECU SARL COMMERCE DU S,REF771228,,21444.69,0,2025-09-24
411002,VIREMENT RECU SA GARNIER TRANSPO,,,13500.00,0,2025-01-14
514000,REMISE CHEQUE,REF623183,,7909.66,0,2025-08-31
645000,PRELEVEMENT SEPA URSSAF,,PRLV SEPA NBE:URSSAF<br />LIB:COTISATIONS PATRONALES T2 2024,0,11237.87,2024-04-08
615000,PRELEVEMENT SEPA SAS DUPONT,,,0,544.22,2025-08-08
445660,PRELEVEMENT SEPA SAS DUPONT,,,0,108.84,2025-08-08
637000,PRELEVEMENT SEPA DGFIP,,,0,1190.03,2025-05-27
641000,VIR SEPA SALAIRE FEVRIER,,,0,4039.26,2025-02-27
627000,PRLV SEPA BOUYGUES TELECOM,,,0,100.00,2024-01-27
758000,VIR RECU SAS ECO ENERGIE,REF948293,VIR SEPA NPY:SAS ECO ENERGIE<br />LIB:PRODUITS GESTION COURANTE,2391.09,0,2024-12-16
408000,FACTURE NON PARVENUE SARL SIMON,,,0,3750.00,2024-06-04
601100,PRLV SEPA EDF,REF173807,PRLV SEPA NBE:EDF<br />LIB:COMMANDE FAC2025083,0,3083.33,2025-10-19
445660,PRLV SEPA EDF,REF173807,PRLV SEPA NBE:EDF<br />LIB:COMMANDE FAC2025083,0,616.67,2025-10-19
645000,PRLV SEPA URSSAF,,PRLV SEPA NBE:URSSAF<br />LIB:COTISATIONS PATRONALES T1 2025,0,18900.00,2025-01-08
645000,PRLV SEPA URSSAF,,,0,4367.74,2025-10-14
661000,AGIOS BANCAIRES,,,0,309.97,2025-04-25
623000,CB SAS FAURE,,,0,4009.93,2024-03-06
445660,CB SAS FAURE,,,0,801.99,2024-03-06
411001,VIR RECU SCI HENRY SECURITE,REF550876,,11711.04,0,2024-05-26
401002,PRLV SEPA SARL FOURNIER BTP,,PRLV SEPA CPY:FR21384954 RUM:FR21384954 NBE:SARL FOURNIER BTP<br />LIB:REGLEMENT FACTURE,0,8866.03,2025-11-30
512000,VIREMENT RECU SARL PETIT,REF392896,,2699.48,0,2024-02-24
401004,PRLV SEPA SAS GARCIA INDUSTRIE,,,0,13544.89,2024-10-23
512100,VIR INTERNE,,,0,33634.85,2024-09-02
626000,PRLV SEPA LA POSTE,,PRLV SEPA NBE:LA POSTE<br />LIB:AFFRANCHISSEMENT,0,57.35,2025-07-29
635000,PRLV SEPA DGFIP,,PRLV SEPA NBE:DGFIP<br />LIB:AUTRES IMPOTS 2025,0,4714.34,2025-01-26
512100,VIR INTERNE,,,0,90585.36,2024-06-26
624000,CB SAS LAURENT,,,0,247.47,2025-02-10
445660,CB SAS LAURENT,,,0,49.49,2025-02-10
704000,VIREMENT RECU SAS CONSEIL RH,,,5800.00,0,2025-11-26
616000,PRLV SEPA MACIF,,,0,2354.78,2024-09-29
471000,OPERATION ATTENTE,,,0,2483.93,2025-04-04
626000,PRELEVEMENT SEPA EURL BERNARD,,,0,121.73,2024-01-30
704000,VIR RECU SA CHIMIE FRANCE,REF385806,VIR SEPA NPY:SA CHIMIE FRANCE<br />LIB:TRAVAUX FAC2024698,44419.62,0,2025-12-25
411001,VIR RECU SCI HENRY SECURITE,,,26862.87,0,2024-05-24
411004,VIREMENT RECU SA NOEL IMPRIMERIE,,VIR SEPA NPY:SA NOEL IMPRIMERIE IBE:FR8129201921818324290922311 BIC:SOGEFRPP PDO:FR<br />LIB:REGLEMENT CLIENT FAC2025083,14562.06,0,2024-06-30
641000,VIR SALAIRE OCTORE,REF430096,,0,3696.73,2024-10-30
411002,VIR RECU SA GARNIER TRANSPORTS,,,11500.00,0,2024-06-23
403000,VIR SEPA SA GROUPE LEGRAND,REF200912,,0,6650.00,2025-10-30
701000,VIR RECU SAS AGENCE MEDIA,REF852528,,24731.72,0,2025-03-31
626100,PRLV SEPA SA FOURNIER,,,0,100.10,2024-04-03
445660,PRLV SEPA SA FOURNIER,,,0,20.02,2024-04-03
401006,VIREMENT SEPA SAS ROBIN SECURITE,,,0,16000.00,2024-11-09
601100,CARTE MAIF,,,0,1270.31,2025-10-27
445660,CARTE MAIF,,,0,254.06,2025-10-27
164000,PRELEVEMENT SEPA ECHEANCE EMPRUN,,PRLV SEPA<br />LIB:ECHEANCE EMPRUNT FR46303309,0,2948.03,2024-04-27
661100,PRELEVEMENT SEPA ECHEANCE EMPRUN,,PRLV SEPA<br />LIB:ECHEANCE EMPRUNT FR46303309,0,663.31,2024-04-27
616000,PRELEVEMENT SEPA ECHEANCE EMPRUN,,PRLV SEPA<br />LIB:ECHEANCE EMPRUNT FR46303309,0,73.70,2024-04-27
706000,VIR RECU SA GROUPE LEGAND,,VIR SEPA NPY:SA GROUPE LEGRAND<br />LIB:PRESTATIONS SERVICES FAC2025191,6815.08,0,2025-07-26
512100,VIR INTERNE,,VIR INTERNE REF:FR36691336<br />LIB:VIREMENT ENTRE COMPTES,0,35859.10,2024-12-27
403000,VIREMENT SEPA SARL BONNET,,VIR SEPA NPY:SARL BONNET<br />LIB:EFFETS A PAYER,0,15400.00,2024-03-08
419000,VIR RECU SA AERO COMPOSANTS,,,13745.08,0,2024-07-10
635000,PRLV SEPA DGFIP,,,0,3355.80,2024-09-28
626100,PRLVT SEPA SAS DUVAL,,,0,12.50,2024-12-27
445660,PRLVT SEPA SAS DUVAL,,,0,2.50,2024-12-27
708000,VIR RECU SARL COMMERCE DU SUD,REF676276,VIR SEPA NPY:SARL COMMERCE DU SUD<br />LIB:PRODUITS ACTIVITES ANNEXES,2019.83,0,2024-09-27
645000,PRLV SEPA URSSAF,,,0,2091.83,2025-02-09
626100,PRLV SEPA SAS DUVAL,,,0,75.97,2024-10-02
445660,PRLV SEPA SAS DUVAL,,,0,15.20,2024-10-02
623000,CB SAS GIRARD,,,0,3333.33,2025-12-03
445660,CB SAS GIRARD,,,0,666.67,2025-12-03
625100,CB EURL BERNARD,,,0,386.91,2024-04-13
445660,CB EURL BERNARD,,,0,77.38,2024-04-13
606100,PRLVT SEPA MACIF,,,0,77.09,2025-08-29
445660,PRLVT SEPA MACIF,,,0,15.42,2025-08-29
631000,PRELEVEMENT SEPA DGFIP,,,0,1659.72,2024-07-11
707000,VIR RECU SAS TECHNOLOGY PLUS,,,1592.28,0,2024-03-25
645000,PRLV SEPA URSSAF,REF576781,PRLV SEPA NBE:URSSAF<br />LIB:COTISATIONS PATRONALES T3 2024,0,9096.17,2024-07-05
401003,VIR SEPA SARL GIRARD SECURITE,,,0,23316.29,2025-09-15
205000,VIR SEPA SA LEFEVRE,,,0,24998.66,2025-01-21
601100,CB SA FOURNIER,,CB SA FOURNIER FACT:FAC2025091<br />LIB:ACHAT FOURNITURES,0,303.79,2025-05-31
445660,CB SA FOURNIER,,CB SA FOURNIER FACT:FAC2025091<br />LIB:ACHAT FOURNITURES,0,60.76,2025-05-31
701000,VIR RECU SAS AGENCE MEDIA,,,25000.00,0,2024-01-25
661000,AGIOS BANCAIRES,,,0,244.18,2024-04-04
612000,PRLV SEPA SA PICARD,,PRLV SEPA NBE:SA PICARD<br />LIB:CREDIT-BAIL,0,1361.24,2024-01-31
445660,PRLV SEPA SA PICARD,,PRLV SEPA NBE:SA PICARD<br />LIB:CREDIT-BAIL,0,272.25,2024-01-31
403000,VIREMENT SEPA SCI ROUX,,,0,17656.16,2024-08-24
512000,VIR INTERE,,,0,43620.76,2025-02-27
401003,PLV SEPA SARL GIRARD SECURITE,,,0,6393.50,2024-06-15
512000,VIR RECU EURL BERNARD,,,6568.94,0,2025-06-29
641000,VIREMENT SEPA SALAIRE AOUT,,,0,4269.87,2025-08-30
626000,PRELEVEMENT SEPA LA POSTE,,PRLV SEPA NBE:LA POSTE<br />LIB:AFFRANCHISSEMENT,0,59.12,2025-01-28
164000,PRLV SEPA ECHEANCE EMPRUNT,,,0,1600.00,2024-03-26
661100,PRLV SEPA ECHEANCE EMPRUNT,,,0,360.00,2024-03-26
616000,PRLV SEPA ECHEANCE EMPRUNT,,,0,40.00,2024-03-26
580000,VIR INTERN,,,0,12752.54,2025-09-15
631000,PRELEVEMENT SEPA DGFIP,REF801250,,0,1500.00,2024-05-13
621000,PRLVT SEPA SA LEFEVRE,,,0,6943.98,2024-04-25
445660,PRLVT SEPA SA LEFEVRE,,,0,1388.80,2024-04-25
401008,VIR SEPA SAS BLANC SECURITE,,,0,18390.70,2025-03-22
411003,VIREMENT RECU SARL GIRARD BTP,,,1000.00,0,2024-12-02
580000,VIR INTERNE,REF995349,,0,28158.55,2025-09-05
626000,PRLV EPA LA POSTE,,PRLV SEPA NBE:LA POSTE<br />LIB:AFFRANCHISSEMENT,0,92.54,2024-05-29
614000,PRLV SEPA SARL ANDRE,,,0,861.42,2024-03-18
445660,PRLV SEPA SARL ANDRE,,,0,172.28,2024-03-18
411006,VIREMENT RECU SARL LEFEVRE CONSE,REF557278,,18628.11,0,2025-01-31
401006,VIR SEPA SAS ROBIN SECURITE,REF944733,,0,525.15,2025-12-03
205000,VIR SA LEFEVRE,,,0,4591.27,2025-09-02
514000,REMISE CHEQUE,,REMISE CHQ N 949831<br />LIB:ENCAISSEMENT CHEQUE,4180.29,0,2025-04-26
401003,VIR SEPA SARL GIRARD SECURITE,REF537951,,0,12909.39,2025-04-27
611000,PRLVT SEPA SAS MOREAU,,,0,1776.12,2025-10-26
445660,PRLVT SEPA SAS MOREAU,,,0,355.22,2025-10-26
512000,VIR RECU SARL PETIT,,,16517.49,0,2025-04-13
613200,PRELEVEMENT SPA SARL BONNET,,,0,3819.31,2024-02-03
445660,PRELEVEMENT SPA SARL BONNET,,,0,763.86,2024-02-03
621000,PRLV SEPA SARL BONNET,,,0,6300.02,2025-04-29
445660,PRLV SEPA SARL BONNET,,,0,1260.00,2025-04-29
626000,PRLV SEPA LA POSTE,,,0,100.00,2025-05-28
622000,VIR SAS LAMBERT,,,0,3712.16,2024-11-06
445660,VIR SAS LAMBERT,,,0,742.43,2024-11-06
606100,PAIEMENT CB SA FOURNIER,,CB SA FOURNIER<br />LIB:FOURNITURES NON STOCKABLES,0,408.33,2024-08-14
445660,PAIEMENT CB SA FOURNIER,,CB SA FOURNIER<br />LIB:FOURNITURES NON STOCKABLES,0,81.67,2024-08-14
616000,PRLV SEPA MACIF,,,0,3899.00,2024-07-08
601100,CB EDF,,,0,1991.51,2024-09-27
445660,CB EDF,,,0,398.30,2024-09-27
512000,FRAIS BANCAIRES,,,0,63.95,2025-04-11
445510,VIREMENT SEPA DGFIP TVA,,,0,10000.00,2025-01-17
411001,VIR RECU SCI HENRY SECURITE,,,34350.34,0,2025-06-14
614000,PRLV SEPA SA PICARD,,PRLV SEPA NBE:SA PICARD<br />LIB:CHARGES LOCATIVES T4,0,186.61,2025-11-29
445660,PRLV SEPA SA PICARD,,PRLV SEPA NBE:SA PICARD<br />LIB:CHARGES LOCATIVES T4,0,37.32,2025-11-29
411001,VIREMENT RECU SCI HENRY SECURITE,,,13368.10,0,2025-03-27
621000,PRLVT SEPA SARL BONNET,REF623470,PRLV SEPA NBE:SARL BONNET<br />LIB:PERSONNEL INTERIMAIRE,0,2328.24,2025-12-25
445660,PRLVT SEPA SARL BONNET,REF623470,PRLV SEPA NBE:SARL BONNET<br />LIB:PERSONNEL INTERIMAIRE,0,465.65,2025-12-25
708000,VIREMENT RECU SARL COMMERCE DU S,,,4506.21,0,2024-03-25
601100,PRLV SEPA MAIF,,PRLV SEPA NBE:MAIF<br />LIB:COMMANDE FAC2024851,0,2619.74,2025-05-26
445660,PRLV SEPA MAIF,,PRLV SEPA NBE:MAIF<br />LIB:COMMANDE FAC2024851,0,523.95,2025-05-26
624000,CB MACIF,REF144639,,0,358.60,2025-10-26
445660,CB MACIF,REF144639,,0,71.72,2025-10-26
411004,VIR RECU SA NOEL IMPRIMERIE,,,30902.47,0,2024-10-01
601100,PRLV SEPA SA GROUPE LEGRAND,,PRLV SEPA NBE:SA GROUPE LEGRAND<br />LIB:COMMANDE FAC2025960,0,6566.90,2024-04-28
445660,PRLV SEPA SA GROUPE LEGRAND,,PRLV SEPA NBE:SA GROUPE LEGRAND<br />LIB:COMMANDE FAC2025960,0,1313.38,2024-04-28
627000,PRLVT SEPA SFR,,,0,66.74,2024-03-25
401003,PRLV SEPA SARL GIRARDSECURITE,,PRLV SEPA CPY:FR13663012 RUM:FR13663012 NBE:SARL GIRARD SECURITE<br />LIB:REGLEMENT FACTURE,0,13960.00,2024-04-18
628000,CB ENGIE,,CB ENGIE<br />LIB:SERVICES BANCAIRES DIVERS,0,158.89,2024-11-02
445510,VIREMENT SEPA DGFIP TVA,,,0,18500.00,2024-10-22
649000,VIREMENT RECU CPAM,REF891103,,954.91,0,2025-04-30
641000,VIR SEPA SALAIRE AOUT,,,0,3976.07,2025-08-30
205000,VIR SEPA SAS DUPONT,,,0,4694.18,2025-05-27
628000,CARTE MACIF,,,0,64.97,2025-01-22
416000,VIREMENT RECU SARL COMMERCE DU S,,,7942.02,0,2024-09-06
706000,VIR RECU SARL TRANSPORT EXPRESS,,,7325.58,0,2024-01-26
701000,VIR RECU SAS TECHNOLOGY PLUS,,,20391.20,0,2025-07-05
613200,PRLV SEPA SARL SIMON,,,0,4166.67,2025-02-02
445660,PRLV SEPA SARL SIMON,,,0,833.33,2025-02-02
421000,VIR SEPA SALAIRE OCTOBRE,,,0,4444.13,2025-10-31
512000,VIR RECU SARL PETIT,REF328909,VIR SEPA NPY:SARL PETIT<br />LIB:VIREMENT RECU,12107.11,0,2025-07-20
625200,CARTE BOUYGUES TELECOM,,,0,130.59,2025-09-08
445660,CARTE BOUYGUES TELECOM,,,0,26.12,2025-09-08
645000,PRELEVEMENT SEPA URSSAF,,,0,18192.34,2025-07-15
606100,PRLVT SEPA SAS MOREAU,,PRLV SEPA NBE:SAS MOREAU<br />LIB:EAU ELECTRICITE,0,666.67,2024-11-15
445660,PRLVT SEPA SAS MOREAU,,PRLV SEPA NBE:SAS MOREAU<br />LIB:EAU ELECTRICITE,0,133.33,2024-11-15
625100,CARTE EURL BERNARD,REF872387,CB EURL BERNARD<br />LIB:FRAIS VOYAGE,0,166.67,2024-09-23
445660,CARTE EURL BERNARD,REF872387,CB EURL BERNARD<br />LIB:FRAIS VOYAGE,0,33.33,2024-09-23
512000,REMISE CHEQUE,,,15771.45,0,2024-09-27
411002,VIR RECU SA GARNIER TRANSPORTS,,VIR SEPA NPY:SA GARNIER TRANSPORTS IBE:BE48861929000308 BIC:GEBABEBB PDO:BE<br />LIB:REGLEMENT CLIENT FAC2024229,11719.12,0,2025-07-04
704000,VIR RECU SA CHIMIE FRANCE,REF667617,,36834.97,0,2024-04-28
621000,PRLV SEPA SARL BONNET,,PRLV SEPA NBE:SARL BONNET<br />LIB:PERSONNEL INTERIMAIRE,0,7102.01,2024-04-12
445660,PRLV SEPA SARL BONNET,,PRLV SEPA NBE:SARL BONNET<br />LIB:PERSONNEL INTERIMAIRE,0,1420.40,2024-04-12
622000,VIREMENT SEPA EURL MERCIER,,,0,4583.33,2025-05-25
445660,VIREMENT SEPA EURL MERCIER,,,0,916.67,2025-05-25
624000,CB MACIF,,,0,108.26,2025-10-21
445660,CB MACIF,,,0,21.65,2025-10-21
471000,OPERATION ATTENTE,REF130904,,0,3459.33,2025-06-29
512000,VIREMENT RECU SAS MOREAU,,,13389.34,0,2025-01-31
621000,PRLV SEPA EURL BERNARD,,,0,7251.18,2025-11-10
445660,PRLV SEPA EURL BERNARD,,,0,1450.24,2025-11-10
218000,CARTE SAS LAMBERT,,,0,11194.52,2024-08-28
445620,CARTE SAS LAMBERT,,,0,2238.90,2024-08-28
708000,VIR RECU SARL TRANSPORT EXPRESS,,,4110.00,0,2024-02-11
621000,PRELEVEMENT SEPA SAS DUPONT,,,0,7450.16,2024-01-23
445660,PRELEVEMENT SEPA SAS DUPONT,,,0,1490.03,2024-01-23
411001,VIR RECU SCI HENRY SECURITE,,,17546.08,0,2025-02-27
641000,VIREMENT SEPA SALAIRE AOUT,,,0,4241.48,2025-08-26
512000,VIR RECU SARL PETIT,,,12215.32,0,2024-10-28
641000,VIR SEPA SALAIRE JANVIER,REF866816,,0,1998.52,2025-01-31
741000,VIR RECU SUBVENTION,,,23490.85,0,2025-04-18
616000,PRLV SEPA AXA ASSURANCES,,,0,2268.00,2025-11-13
708000,VIR RECU SARL MODE TEXTILE,,,1170.00,0,2025-09-19
471000,OPERATION ATTENTE,,,0,3448.95,2024-02-08
613200,PRELEVEMENT SEPA EURL MERCIER,REF190678,PRLV SEPA NBE:EURL MERCIER<br />LIB:LOYER OCTOBRE 2024,0,1626.23,2024-10-02
445660,PRELEVEMENT SEPA EURL MERCIER,REF190678,PRLV SEPA NBE:EURL MERCIER<br />LIB:LOYER OCTOBRE 2024,0,325.25,2024-10-02
467000,VIR SEPA SAS DUVAL,,,0,8380.23,2025-09-06
625200,CB SARL GAUTIER,,,0,933.33,2025-08-02
445660,CB SARL GAUTIER,,,0,186.67,2025-08-02
411001,VIREMENT RECU SCI HENRY SECURITE,,,47117.18,0,2025-08-30
627000,PRLV SEPA OVH AS,,,0,308.75,2025-07-14
218000,PAIEMENT CB SAS FAURE,,,0,4037.87,2025-12-02
445620,PAIEMENT CB SAS FAURE,,,0,807.57,2025-12-02
707000,VIR RECU SA CHIMIE FRANCE,,VIR SEPA NPY:SA CHIMIE FRANCE<br />LIB:VENTE MARCHANDISES FAC2025605,23009.52,0,2025-02-28
401003,PRELEVEMENT SEPA SARL GIRARD SEC,,,0,6000.00,2025-02-06
708000,VIR RECU SARL TRANSPORT EXPRESS,,,1738.26,0,2025-06-30
625200,PAIEMENT CB SAS MOREAU,REF845181,CB SAS MOREAU<br />LIB:FRAIS HEBERGEMENT,0,245.67,2024-04-30
445660,PAIEMENT CB SAS MOREAU,REF845181,CB SAS MOREAU<br />LIB:FRAIS HEBERGEMENT,0,49.13,2024-04-30
615000,PRELEVEMENT SEPA SARL SIMON,,,0,416.67,2024-07-16
445660,PRELEVEMENT SEPA SARL SIMON,,,0,83.33,2024-07-16
741000,VIR RECU SUBVENTION,,VIR SEPA NPY:SAS DIGITAL SERVICES<br />LIB:SUBVENTION EXPLOITATION 2025,22763.79,0,2025-05-25
601100,CB SA GROUPE LEGRAND,,CB SA GROUPE LEGRAND FACT:FAC2025111<br />LIB:ACHAT FOURNITURES,0,310.61,2024-08-27
445660,CB SA GROUPE LEGRAND,,CB SA GROUPE LEGRAND FACT:FAC2025111<br />LIB:ACHAT FOURNITURES,0,62.12,2024-08-27
261000,VIR SEPA SARL BONNET,,,0,12098.24,2025-07-04
625100,CB MAIF,,,0,532.32,2025-06-30
445660,CB MAIF,,,0,106.46,2025-06-30
624000,CB CABINET EXPERTISE COMPTABLE,,CB CABINET EXPERTISE COMPTABLE<br />LIB:TRANSPORT LIVRAISON,0,416.67,2025-07-23
445660,CB CABINET EXPERTISE COMPTABLE,,CB CABINET EXPERTISE COMPTABLE<br />LIB:TRANSPORT LIVRAISON,0,83.33,2025-07-23
601100,PAIEMENT CB EDF,,,0,598.04,2024-06-30
445660,PAIEMENT CB EDF,,,0,119.61,2024-06-30
401005,VIR SEPA SCI GUERIN IMPRIMERIE,,,0,12120.00,2024-09-29
627000,PRLVT SEPA SFR,,,0,80.00,2024-06-30
401005,PRLV SEPA SCI GUEIN IMPRIMERIE,,,0,4572.79,2024-03-12
512000,VIR INTERNE,REF870907,,0,40134.09,2024-03-08
411008,VIREMENT RECU SCI PETIT ELECTRIC,,,34226.53,0,2024-04-07
514000,REMISE CHEQUE,,REMISE CHQ N 500441,15000.00,0,2024-11-20
164000,PRELEVEMENT SEPA ECHEANCE EMPRUN,,,0,2663.49,2024-12-27
661100,PRELEVEMENT SEPA ECHEANCE EMPRUN,,,0,599.28,2024-12-27
616000,PRELEVEMENT SEPA ECHEANCE EMPRUN,,,0,66.59,2024-12-27
706000,VIR RECU EURL DESIGN STUDIO,REF396833,VIR SEPA NPY:EURL DESIGN STUDIO<br />LIB:PRESTATIONS SERVICES FAC2024125,10500.00,0,2024-01-18
631000,PRELEVEMENT SEPA DGFIP,,,0,4462.69,2024-04-25
601100,CB SA GROUPE LEGRAND,,,0,3224.72,2024-10-26
445660,CB SA GROUPE LEGRAND,,,0,644.94,2024-10-26
512000,FRAIS BANCAIRES,,,0,65.95,2025-09-26
512000,VIR INTERNE,,,0,32623.88,2025-01-25
661000,FRAIS BANCAIES,,FRAIS BANCAIRES<br />LIB:COMMISSION BANCAIRE JANVIER,0,105.27,2025-01-29
624000,CB CABINET EXPERTISE COMPTABLE,,CB CABINET EXPERTISE COMPTABLE<br />LIB:TRANSPORT LIVRAISON,0,341.71,2024-11-29
445660,CB CABINET EXPERTISE COMPTABLE,,CB CABINET EXPERTISE COMPTABLE<br />LIB:TRANSPORT LIVRAISON,0,68.34,2024-11-29
512000,VIR INTERNE,REF472409,,0,33001.75,2024-03-15
625100,CARTE EURL BERNARD,,,0,810.69,2024-07-30
445660,CARTE EURL BERNARD,,,0,162.14,2024-07-30
601100,PRELEVEMENT SEPA SA GROUPE LEGRA,,PRLV SEPA NBE:SA GROUPE LEGRAND<br />LIB:COMMANDE FAC2024570,0,296.75,2025-04-20
445660,PRELEVEMENT SEPA SA GROUPE LEGRA,,PRLV SEPA NBE:SA GROUPE LEGRAND<br />LIB:COMMANDE FAC2024570,0,59.35,2025-04-20
445710,VIR RECU DGFIP,,VIR SEPA NPY:DGFIP<br />LIB:REMBOURSEMENT TVA T1 2025,16780.71,0,2025-01-19
758000,VIREMENT RECU SA GROUPE ALIMENTA,REF122724,VIR SEPA NPY:SA GROUPE ALIMENTAIRE<br />LIB:PRODUITS GESTION COURANTE,2852.12,0,2025-05-26
606100,CARTE MACIF,,,0,49.29,2025-08-21
445660,CARTE MACIF,,,0,9.86,2025-08-21
411006,VIR RECU SARL LEFEVRE CONSEIL,REF946217,VIR SEPA NPY:SARL LEFEVRE CONSEIL IBE:FR9254472416792007230350052 BIC:BNPAFRPP PDO:FR RCN:FAC2025340<br />LIB:REGLEMENT FACTURE FAC2025340,2378.18,0,2025-06-09
511500,ENCAISSEMENT CB,,,1482.07,0,2024-10-27
627000,ENCAISSEMENT CB,,,0,14.82,2024-10-27
486000,CHARGE CONSTATEE AVANCE,REF119283,LIB:CHARGE CONSTATEE D AVANCE DECEMBRE 2025,0,4434.75,2025-12-27
411002,VIREMENT RECU SA GARNIER TRANSPO,,,11442.74,0,2024-05-29
626000,PRELEVEMENT SEPA SAS GIRARD,,,0,85.57,2024-06-29
419000,VIR RECU SAS LOGISTIQUE PRO,,VIR SEPA NPY:SAS LOGISTIQUE PRO<br />LIB:ACOMPTE CLIENT,3619.70,0,2024-08-15
606100,CB SAS MOREAU,REF407914,,0,322.00,2025-01-25
445660,CB SAS MOREAU,REF407914,,0,64.40,2025-01-25
401008,VIREMENT SEPA SAS BLANC SECURITE,REF387448,VIR SEPA REF:FR48028524 NPY:SAS BLANC SECURITE<br />LIB:ACOMPTE FOURNISSEUR,0,5229.33,2024-10-14
707000,VIR RECU SAS DIGITAL SERVICES,,,21704.11,0,2025-04-29
601100,CB SA GROUPE LEGRAND,,,0,837.77,2024-10-31
445660,CB SA GROUPE LEGRAND,,,0,167.55,2024-10-31
641000,VIR SEPA SALAIRE AOUT,,,0,2540.55,2025-08-28
708000,VIR RECU SARL COMMERCE DU SUD,,,4578.87,0,2025-05-30
706000,VIR RECU SA INDUSTRIE NORD,,,17055.23,0,2025-12-22
530000,RETRAIT CAISSE,,,0,830.00,2025-11-23
511500,ENCAISSEMENT CB,,,760.49,0,2025-11-26
627000,ENCAISSEMENT CB,,,0,7.60,2025-11-26
419000,VIREMENT RECU SAS DIGITAL SERVIC,,,16199.92,0,2025-03-10
623000,CARTE SCI ROUX,,,0,3580.06,2024-01-19
445660,CARTE SCI ROUX,,,0,716.01,2024-01-19
626000,PRLV SEPA SAS FAURE,REF521239,PRLV SEPA NBE:SAS FAURE<br />LIB:TELECOMMUNICATIONS,0,241.42,2025-08-25
616000,PRLV SEPA AXA ASSURANCES,,,0,639.35,2024-03-27
411002,VIR RECU SA GARNIER TRANSPORTS,,VIR SEPA NPY:SA GARNIER TRANSPORTS IBE:BE48861929000308 BIC:GEBABEBB PDO:BE RCN:FAC2025502<br />LIB:REGLEMENT FACTURE FAC2025502,46750.00,0,2025-10-08
611000,PRLV SEPA SAS MOREAU,,,0,12058.28,2024-01-21
445660,PRLV SEPA SAS MOREAU,,,0,2411.66,2024-01-21
606100,CARTE MACIF,REF965932,,0,207.60,2024-02-01
445660,CARTE MACIF,REF965932,,0,41.52,2024-02-01
621000,PRLV SEPA SARL SIMON,REF132597,,0,8000.00,2025-07-26
445660,PRLV SEPA SARL SIMON,REF132597,,0,1600.00,2025-07-26
601100,PRLV SEPA MAIF,,PRLV SEPA NBE:MAIF<br />LIB:COMMANDE FAC2024262,0,4474.65,2025-10-28
445660,PRLV SEPA MAIF,,PRLV SEPA NBE:MAIF<br />LIB:COMMANDE FAC2024262,0,894.93,2025-10-28
275000,VIR SA GROUPE LEGRAND,,,0,8500.00,2024-03-28
707000,VIR RECU SAS TECHNOLOGY PLUS,,,16000.00,0,2025-11-30
641000,VIREMENT SEPA SALAIRE OCTOBRE,,,0,3435.81,2024-10-26
681000,DOTATION AMORTISSEMENT,,LIB:DOTATION AMORTISSEMENT T4 2024,0,6053.02,2024-12-23
706000,VIREMENT RECU SA INDUSTRIE NORD,,VIR SEPA NPY:SA INDUSTRIE NORD<br />LIB:HONORAIRES SEPTEMBRE,13449.49,0,2024-09-26
708000,VIR RECU SARL TRANSPORT EXPRESS,,,776.70,0,2025-01-26
741000,VIR RECU SUBVENTION,,,3156.31,0,2024-07-27
431000,PRLV SEPA URSSAF,,PRLV SEPA NBE:URSSAF<br />LIB:COTISATIONS FEVRIER,0,10705.39,2024-02-14
635000,PRELEVEMENT SEPA DGFIP,,,0,563.48,2024-08-27
437000,PRLV SEPA POE EMPLOI,REF808772,PRLV SEPA NBE:FRANCE TRAVAIL<br />LIB:COTISATIONS CHOMAGE T3,0,5836.98,2024-08-08
401005,VIR SCI GUERIN IMPRIMERIE,,,0,3770.00,2025-11-29
624000,CARTE SAS LAURENT,,CB SAS LAURENT<br />LIB:TRANSPORT LIVRAISON,0,26.32,2025-03-28
445660,CARTE SAS LAURENT,,CB SAS LAURENT<br />LIB:TRANSPORT LIVRAISON,0,5.27,2025-03-28
401003,VIR SARL GIRARD SECURITE,,,0,6567.01,2025-07-04
205000,VIR SARL MARTIN,REF459527,,0,19102.20,2024-10-28
623000,PAIEMENT CB EURL BERNARD,,,0,1370.95,2025-05-29
445660,PAIEMENT CB EURL BERNARD,,,0,274.19,2025-05-29
401004,VIR SEPA SAS GARCIA INDUSTRIE,,,0,23292.79,2025-05-30
641000,VIREMENT SEPA SALAIRE AVRIL,,VIR SEPA<br />LIB:SALAIRE AVRIL 2025,0,2583.54,2025-04-28
411003,VIREMENT RECU SARL GIRARD BTP,,VIR SEPA NPY:SARL GIRARD BTP IBE:FR6565717087582511379734835 BIC:AGRIFRPP PDO:FR RCN:FAC2024966<br />LIB:REGLEMENT FACTURE FAC2024966,23024.38,0,2025-08-15
411003,VIREMENT RECU SARL GIRARD BTP,,,29400.00,0,2025-08-30
707000,VIREMENT RECU SA HIMIE FRANCE,,,18267.37,0,2025-11-27
164000,PRLV SEPA ECHEANCE EMPRUNT,,,0,3235.07,2024-03-14
661100,PRLV SEPA ECHEANCE EMPRUNT,,,0,727.89,2024-03-14
616000,PRLV SEPA ECHEANCE EMPRUNT,,,0,80.88,2024-03-14
625100,CB MAIF,,CB MAIF<br />LIB:DEPLACEMENT MISSION,0,538.92,2024-10-27
445660,CB MAIF,,CB MAIF<br />LIB:DEPLACEMENT MISSION,0,107.79,2024-10-27
401003,VIREMENT SEPA SARL GIRARD SECURI,,VIR SEPA REF:FR76773395 NPY:SARL GIRARD SECURITE<br />LIB:FACTURE FOURNISSEUR FAC2025179 LC2:ECHEANCE AOUT,0,1722.92,2025-08-28
512000,VIR INTERNE,,,0,34044.66,2024-08-27
668000,FRAIS FINANCIERS,,,0,141.12,2025-04-30
601100,CB SA GROUPE LEGRAND,,,0,568.97,2025-06-28
445660,CB SA GROUPE LEGRAND,,,0,113.79,2025-06-28
411005,VIR RECU SCI ROUSSEL ELECTRICITE,,VIR SEPA NPY:SCI ROUSSEL ELECTRICITE IBE:DE59148090265642462589 BIC:DEUTDEFF PDO:DE<br />LIB:REGLEMENT CLIENT FAC2024889,10444.24,0,2025-11-01
781000,REPRISE AMORTISSEMENT,REF733534,,8096.75,0,2025-12-28
626100,PRLV SEPA SA FOURNIER,,,0,159.97,2024-02-14
445660,PRLV SEPA SA FOURNIER,,,0,32.00,2024-02-14
628000,CB ENGIE,,,0,46.15,2024-05-28
580000,VIR INTERNE,,,0,22006.95,2024-02-27
218000,CARTE SAS FAURE,,,0,4523.97,2025-06-08
445620,CARTE SAS FAURE,,,0,904.79,2025-06-08
637000,PRLV SEPA DGFIP,,,0,200.00,2025-04-01
626000,PRLVT SEPA LA POSTE,,PRLV SEPA NBE:LA POSTE<br />LIB:AFFRANCHISSEMENT,0,117.13,2025-05-14
411005,VIR RECU SCI ROUSSEL ELECTRICITE,,VIR SEPA NPY:SCI ROUSSEL ELECTRICITE IBE:DE59148090265642462589 BIC:DEUTDEFF PDO:DE RCN:FAC2025500<br />LIB:REGLEMENT FACTURE FAC2025500,35890.38,0,2024-02-26
606100,PAIEMENT CB SAS MOREAU,,CB SAS MOREAU<br />LIB:FOURNITURES NON STOCKABLES,0,277.47,2025-02-25
445660,PAIEMENT CB SAS MOREAU,,CB SAS MOREAU<br />LIB:FOURNITURES NON STOCKABLES,0,55.49,2025-02-25
401001,PRLV SEPA EURL GAUTHIER LOGISTIQ,REF131824,,0,2000.00,2024-05-27
419000,VIR RECU SAS LOGISTIQUEPRO,,,12380.74,0,2025-09-20
645000,PRLV SEPA URSSAF,REF457086,,0,4555.30,2025-11-14
512000,VIR INTERNE,REF554489,,0,21700.00,2025-12-25
613200,PRLVT SEPA SARL BONNET,REF145559,,0,3633.53,2024-08-05
445660,PRLVT SEPA SARL BONNET,REF145559,,0,726.71,2024-08-05
601100,CARTE MAIF,,,0,3579.53,2024-08-30
445660,CARTE MAIF,,,0,715.91,2024-08-30
606100,CB MACIF,,,0,12.61,2025-01-22
445660,CB MACIF,,,0,2.52,2025-01-22
601100,PAIEMENT CB S GROUPE LEGRAND,,CB SA GROUPE LEGRAND FACT:FAC2024618<br />LIB:ACHAT FOURNITURES,0,279.73,2025-07-29
445660,PAIEMENT CB S GROUPE LEGRAND,,CB SA GROUPE LEGRAND FACT:FAC2024618<br />LIB:ACHAT FOURNITURES,0,55.95,2025-07-29
661000,INTERETS EMPRUNT,,INTERETS<br />LIB:INTERET DEBITEUR AOUT 2025,0,400.00,2025-08-05
512000,FRAIS BANCAIRES,REF950879,,0,126.85,2025-06-30
606300,PAIEMENT CB SAS GIRARD,,,0,397.03,2025-08-26
445660,PAIEMENT CB SAS GIRARD,,,0,79.41,2025-08-26
467000,VIR SAS DUVAL,,,0,4468.86,2024-04-20
626100,PRELEVEMENT SEPA SA LEFEVRE,,,0,41.67,2024-04-05
445660,PRELEVEMENT SEPA SA LEFEVRE,,,0,8.33,2024-04-05
707000,VI RECU SAS DIGITAL SERVICES,,,7700.00,0,2024-12-13
625100,CB EURL BERNARD,REF858211,,0,248.67,2024-12-30
445660,CB EURL BERNARD,REF858211,,0,49.73,2024-12-30
401003,VIR SEPA SARL GIRARD SECURITE,,,0,9861.44,2024-05-11
708000,VIR RECU SARL TRANSPORT EXPRESS,,VIR SEPA NPY:SARL TRANSPORT EXPRESS<br />LIB:PRODUITS ACTIVITES ANNEXES,4144.31,0,2024-06-20
625100,CB EURL BERNARD,,,0,520.46,2024-12-18
445660,CB EURL BERNARD,,,0,104.09,2024-12-18
707000,VIR RECU SARL COMMERCE DU SUD,REF262585,VIR SEPA NPY:SARL COMMERCE DU SUD<br />LIB:VENTE MARCHANDISES FAC2025267,8269.35,0,2024-11-26
625100,CARTE SARL ANDRE,,CB SARL ANDRE<br />LIB:FRAIS VOYAGE,0,745.42,2025-11-18
445660,CARTE SARL ANDRE,,CB SARL ANDRE<br />LIB:FRAIS VOYAGE,0,149.09,2025-11-18
641000,VIR SALAIRE NOVEMBRE,,,0,4525.46,2024-11-25
512100,VI INTERNE,,,0,80288.53,2025-09-28
401001,PRLV SEPA EURL GAUTHIER LOGISTIQ,,,0,2020.31,2025-12-26
708000,VIR RECU SARL MODE TEXTILE,,VIR SEPA NPY:SARL MODE TEXTILE<br />LIB:PRODUITS ACTIVITES ANNEXES,4000.00,0,2025-11-25
661000,INTERETS EMPRUNT,,INTERETS<br />LIB:INTERET DEBITEUR JUIN 2025,0,584.51,2025-06-28
641100,VIR SEPA SALAIRE DECEMBRE,,,0,4387.18,2024-12-31
707000,VIREMENT RECUSAS TECHNOLOGY PLUS,REF827402,,16154.03,0,2024-11-02
626000,PRLVT SEPA LA POSTE,,,0,176.32,2025-03-15
401009,PRLVT SEPA EURL MERCIER IMMOBILI,,PRLV SEPA NBE:EURL MERCIER IMMOBILIER<br />LIB:REGLEMENT ACHAT,0,4000.00,2024-04-20
635000,PRLV SEPA DGFIP,,,0,2200.00,2025-02-22
512000,FRAIS BANCAIRES,,,0,50.26,2024-10-29
445710,VIR SEPA DGFIP TVA,,VIR SEPA NPY:DGFIP<br />LIB:TVA COLLECTEE T4,0,16074.38,2024-10-18
411001,VIR RECU SCI HENRY SECURITE,,,2202.89,0,2025-06-30
626000,PRLV SEPA LA POSTE,REF103724,,0,190.00,2024-03-09
401004,VIR SEPA SAS GARCIA INDUSTRIE,,,0,5051.04,2024-05-06
701000,VIR RECU SAS CONSEIL RH,,,21246.57,0,2024-08-12
621000,PRLV SEPA SARL ANDRE,,,0,2683.97,2024-08-22
445660,PRLV SEPA SARL ANDRE,,,0,536.80,2024-08-22
411004,VIREMENT RECU SA NOEL IMPIMERIE,,VIR SEPA NPY:SA NOEL IMPRIMERIE IBE:FR8129201921818324290922311 BIC:SOGEFRPP PDO:FR RCN:FAC2024500<br />LIB:REGLEMENT FACTURE FAC2024500,42647.08,0,2025-02-28
411001,VIR RECU SCI HENRY SECURITE,REF165923,,3387.27,0,2025-08-25
211000,VIREMENT SEPA SARL ANDRE,,,0,85589.26,2024-09-28
641000,VIR SALAIRE ARS,,VIR SEPA<br />LIB:SALAIRE MARS 2024,0,2659.57,2024-03-25
512000,FRAIS BANCAIRES,,,0,67.58,2025-10-03
627000,PRELEVEMENT SEPA ORANGE SA,,,0,49.67,2024-04-29
416000,VIREMENT RECU SAS ECO ENERGIE,,,2250.00,0,2025-06-21
401005,PRLV SEPA SCI GUERIN IMPRIMERIE,,PRLV SEPA CPY:FR95427716 NBE:SCI GUERIN IMPRIMERIE<br />LIB:FACTURE FAC2024571,0,5392.77,2024-06-26
401003,PRLV SEPA SARL GIRARD SECURITE,,,0,1311.32,2024-02-07
606300,C SAS MOREAU,REF838261,,0,202.12,2024-03-27
445660,C SAS MOREAU,REF838261,,0,40.43,2024-03-27
512000,FRAIS BANCAIRES,,,0,44.44,2025-04-25
708000,VIR RECU SARL MODE TEXTILE,,,3644.49,0,2024-10-27
649000,VIREMENT RECU CPAM,,,1567.19,0,2025-04-26
164000,PRELEVEMENT SEPA ECHEANCE EMPRUN,,PRLV SEPA<br />LIB:ECHEANCE EMPRUNT FR70710395,0,1370.23,2025-03-11
661100,PRELEVEMENT SEPA ECHEANCE EMPRUN,,PRLV SEPA<br />LIB:ECHEANCE EMPRUNT FR70710395,0,308.30,2025-03-11
616000,PRELEVEMENT SEPA ECHEANCE EMPRUN,,PRLV SEPA<br />LIB:ECHEANCE EMPRUNT FR70710395,0,34.26,2025-03-11
627000,PRELEVEMENT SEPA BOUYGUES TELECO,,PRLV SEPA NBE:BOUYGUES TELECOM<br />LIB:ABONNEMENT INTERNET,0,52.14,2025-04-19
708000,VIR RECU SARL COMMERCE DU SUD,,,1500.00,0,2025-05-07
641100,VREMENT SEPA SALAIRE DECEMBRE,,VIR SEPA<br />LIB:SALAIRE DECEMBRE 2024,0,4534.54,2024-12-30
512000,VIR RECU SAS MOREAU,,,1235.76,0,2024-11-12
606100,PAIEMENT CB SA FOURNIER,,CB SA FOURNIER<br />LIB:FOURNITURES NON STOCKABLES,0,83.33,2025-05-24
445660,PAIEMENT CB SA FOURNIER,,CB SA FOURNIER<br />LIB:FOURNITURES NON STOCKABLES,0,16.67,2025-05-24
601100,CARTE SAS DUPONT,,,0,897.23,2025-02-10
445660,CARTE SAS DUPONT,,,0,179.45,2025-02-10
205000,VIR SEPA SA LEFEVRE,,,0,16834.89,2024-12-11
411004,VIR RECU SA NOEL IMPRIMERIE,,,20840.00,0,2025-07-05
471000,OPERATION ATTENTE,REF236804,,0,2045.58,2025-12-25
645100,PRELEVEMENT SEPA UTUELLE,,,0,318.72,2024-11-28
625100,CARTE EURL BERNARD,,,0,392.78,2025-06-19
445660,CARTE EURL BERNARD,,,0,78.56,2025-06-19
704000,VIR RECU SAS ECO ENERGIE,,,25993.27,0,2025-05-29
706000,VIR RECU EURL DESIGN STUDIO,,,5847.22,0,2025-02-25
416000,VIREMENT RECU SAS ECO ENERGIE,,,8364.66,0,2024-05-08
211000,VIR SEPA SARL ANDRE,REF665703,VIR SEPA NPY:SARL ANDRE<br />LIB:TERRAIN,0,86986.12,2024-06-15
601100,CB EDF,,CB EDF<br />LIB:ACHAT MARCHANDISES,0,2500.00,2024-03-28
445660,CB EDF,,CB EDF<br />LIB:ACHAT MARCHANDISES,0,500.00,2024-03-28
758700,VIR RECU MAIF,REF623702,,17188.99,0,2025-06-18
401004,VIREMENT SEPA SAS GARCIA INDUSTR,,,0,4190.85,2024-08-26
411001,VIREMENT RECU SCI HENRY SECURITE,,,6771.76,0,2024-05-31
606100,CARTE SAS MOREAU,,CB SAS MOREAU<br />LIB:FOURNITURES NON STOCKABLES,0,16.87,2025-12-02
445660,CARTE SAS MOREAU,,CB SAS MOREAU<br />LIB:FOURNITURES NON STOCKABLES,0,3.37,2025-12-02
621000,PRLVT SEPA EURL BERNARD,,PRLV SEPA NBE:EURL BERNARD<br />LIB:PERSONNEL INTERIMAIRE,0,3152.19,2024-08-31
445660,PRLVT SEPA EURL BERNARD,,PRLV SEPA NBE:EURL BERNARD<br />LIB:PERSONNEL INTERIMAIRE,0,630.44,2024-08-31
411002,VIR RECU SA GARNIER TRANSPORTS,,,757.51,0,2024-12-17
530000,RETRAIT CAISSE,,,0,698.73,2024-07-11
621000,PRELEVEMENT SEPA SAS DUPONT,REF312653,,0,5244.70,2024-10-31
445660,PRELEVEMENT SEPA SAS DUPONT,REF312653,,0,1048.94,2024-10-31
512000,REMISE CHEQUE,,,5512.40,0,2025-12-25
411003,VIREMENT RECU SARL GIRARD BTP,REF806334,,15320.00,0,2024-01-27
445710,VIREMENT RECU DGFIP,,,22401.46,0,2025-07-19
641000,VIR SEPA SALAIRE AVRIL,REF819150,,0,4450.00,2025-04-27
661000,FRAIS BANCAIRES,,,0,96.63,2025-07-19
164000,PRLV SEPA ECHEANCE EMPRUNT,,,0,2760.73,2024-08-16
661100,PRLV SEPA ECHEANCE EMPRUNT,,,0,621.17,2024-08-16
616000,PRLV SEPA ECHEANCE EMPRUNT,,,0,69.02,2024-08-16
512000,VIR INTERNE,,VIR INTERNE REF:FR55995332<br />LIB:VIREMENT DE COMPTE A COMPTE,0,41355.98,2024-10-19
403000,VIR SEPA SARL SIMON,,,0,28000.00,2024-05-27
627000,PRLV SEPA OVH SAS,,,0,499.46,2025-01-27
411005,VIREMENT RECU SCI ROUSSEL ELECTR,,VIR SEPA NPY:SCI ROUSSEL ELECTRICITE IBE:DE59148090265642462589 BIC:DEUTDEFF PDO:DE RCN:FAC2025986<br />LIB:REGLEMENT FACTURE FAC2025986,14668.56,0,2025-01-01
626000,PRELEVEMENT SEPA SAGROUPE LEGRAN,REF855741,,0,215.64,2025-09-30
708000,VIR RECU SARL MODE TEXTILE,,,3595.88,0,2024-05-16
641000,VIR SEPA SALAIRE JUILLET,,,0,3879.71,2025-07-25
621000,PRLVT SEPA SAS DUPONT,,,0,5164.32,2025-08-05
445660,PRLVT SEPA SAS DUPONT,,,0,1032.87,2025-08-05
401001,VIR SEPA EURL GAUTHIER LOGISTIQU,,VIR SEPA REF:FR56170098 NPY:EURL GAUTHIER LOGISTIQUE<br />LIB:ACOMPTE FOURNISSEUR,0,3000.00,2025-03-30
707000,VIR RECU SAS TECHNOLOGY PLUS,,VIR SEPA NPY:SAS TECHNOLOGY PLUS<br />LIB:VENTE MARCHANDISES FAC2025097,8230.39,0,2024-04-05
401005,VIR SCI GUERIN IMPRIMERIE,,,0,19318.79,2024-08-25
615000,PRELEVEMENT SEPA SARL SIMON,,,0,1455.80,2025-11-20
445660,PRELEVEMENT SEPA SARL SIMON,,,0,291.16,2025-11-20
626000,PRLV SEPA LA POSTE,,,0,100.00,2024-02-08
621000,PRELEVEMENT SEP EURL BERNARD,,,0,4806.54,2025-01-09
445660,PRELEVEMENT SEP EURL BERNARD,,,0,961.31,2025-01-09
512000,REMISE CHEQUE,,REMISE CHQ N 553496,15439.28,0,2025-05-30
401002,VIR SEPA SARL FOURNIER BTP,,,0,15070.00,2025-08-30
401005,VIREMENT SEPA SCI GUERIN IMPRIME,,VIR SEPA REF:FR39626639 NPY:SCI GUERIN IMPRIMERIE<br />LIB:COMMANDE FOURNITURES LCC:BON COMMANDE 296459,0,11796.13,2024-03-29
661000,AGIOS BANCAIRES,,,0,494.04,2025-10-22
431000,PRELEVEMENT SEPA URSSAF,REF939722,,0,12200.00,2024-07-06
621000,PRLVT SEPA EURL BERNARD,,PRLV SEPA NBE:EURL BERNARD<br />LIB:PERSONNEL INTERIMAIRE,0,3237.84,2025-02-24
445660,PRLVT SEPA EURL BERNARD,,PRLV SEPA NBE:EURL BERNARD<br />LIB:PERSONNEL INTERIMAIRE,0,647.57,2025-02-24
411005,VIR RECU SCI ROUSSEL ELECTRICITE,,,27731.22,0,2024-09-14
401009,PRELEVEMENT SEPA EURL MERCIER IM,,,0,970.00,2024-02-28
401001,VIREMENT SEPA EURL GAUTHIER LOGI,,,0,1294.52,2024-10-08
205000,VIR SEPA SA LEFEVRE,,,0,2518.22,2025-07-11
530000,RETRAIT CAISSE,,,0,228.72,2025-01-20
580000,VIR INTERNE,,,0,27721.29,2024-05-04
708000,VIR RECU SARL TRANSPORT EXPRESS,,,3604.61,0,2024-05-31
401001,PRLV SEPA EURL GAUTHIER LOGISTIQ,REF432095,,0,3080.00,2025-08-25
704000,VIREMENT RECU SAS ECO ENERGIE,REF379428,,41617.12,0,2025-04-28
512100,VIR INTERNE,,,0,87040.18,2025-07-01
641000,VIR SALAIRE MAI,,,0,3892.50,2025-05-28
411004,VIR RECU SA NOEL IMPRIMERIE,,VIR SEPA NPY:SA NOEL IMPRIMERIE IBE:FR8129201921818324290922311 BIC:SOGEFRPP PDO:FR RCN:FAC2025629<br />LIB:REGLEMENT FACTURE FAC2025629,7209.71,0,2025-01-09
706000,VIREMENT RECU EURL DESIGN STUDIO,,VIR SEPA NPY:EURL DESIGN STUDIO<br />LIB:HONORAIRES JUILLET,8545.16,0,2025-07-10
641100,VIR SEPA SALAIRE SEPTEMBRE,,,0,1300.00,2025-09-30
401003,PRLV SEPA SARL GIRARD SECURITE,,,0,11337.40,2025-09-05
641000,VIR SEPA SALAIRE AOUT,,,0,2424.44,2024-08-25
618000,CARTE SARL BONNET,,,0,75.04,2025-05-28
445660,CARTE SARL BONNET,,,0,15.01,2025-05-28
641100,VIR SEPA SALAIRE JUILLET,,,0,1666.03,2025-07-27
401002,VIR SPA SARL FOURNIER BTP,,VIR SEPA REF:FR24874749 NPY:SARL FOURNIER BTP<br />LIB:COMMANDE FOURNITURES LCC:BON COMMANDE 259140,0,12718.76,2025-08-30
706000,VIR RECU EURL DESIGN STUDIO,,VIR SEPA NPY:EURL DESIGN STUDIO<br />LIB:HONORAIRES SEPTEMBRE,13141.85,0,2024-09-17
411006,VIR RECU SARL LEFEVRE CONSEIL,,,25800.00,0,2025-04-21
530000,RERAIT CAISSE,,,0,930.00,2024-12-31
580000,VIR INTERNE,,,0,29643.22,2024-02-28
621000,PRLVT SEPA SARL BONNET,,,0,5806.68,2025-11-26
445660,PRLVT SEPA SARL BONNET,,,0,1161.34,2025-11-26
641000,VIR SALAIRE AOUT,REF906048,,0,2520.00,2025-08-28
707000,VIREMENT RECU SAS TECHNOLOGY PLU,REF964692,,4642.32,0,2024-01-13
411004,VIR RECU SA NOEL IMPRIMERIE,,VIR SEPA NPY:SA NOEL IMPRIMERIE IBE:FR8129201921818324290922311 BIC:SOGEFRPP PDO:FR RCN:FAC2024214<br />LIB:REGLEMENT FACTURE FAC2024214,10500.00,0,2025-01-11
512000,REMISE CHEQUE,,REMISE CHQ N 274833,6476.02,0,2025-06-30
411004,VIR RECU SA NOEL IMPRIMERIE,,,38660.68,0,2025-10-24
411001,VIR RECU SCI HENRY SECURITE,,,40206.97,0,2025-04-25
401001,PRELEVEMENT SEPA EURL GAUTHIER L,,,0,6280.13,2025-12-07
416000,VIR RECU EURL ARTISAN BOIS,,,2842.43,0,2025-07-27
602000,CB SA LEFEVRE,,CB SA LEFEVRE<br />LIB:ACHAT MATIERES PREMIERES,0,6756.81,2024-08-02
445660,CB SA LEFEVRE,,CB SA LEFEVRE<br />LIB:ACHAT MATIERES PREMIERES,0,1351.36,2024-08-02
512100,VIR INTERNE,,,0,72720.00,2024-12-27
601100,PAIEENT CB EDF,,,0,2014.33,2024-03-10
445660,PAIEENT CB EDF,,,0,402.87,2024-03-10
625200,CB SCI ROUX,,,0,103.34,2024-09-19
445660,CB SCI ROUX,,,0,20.67,2024-09-19
625100,PAIEMENT CB MAIF,,CB MAIF<br />LIB:FRAIS VOYAGE,0,199.72,2025-12-31
445660,PAIEMENT CB MAIF,,CB MAIF<br />LIB:FRAIS VOYAGE,0,39.95,2025-12-31
431000,PRLV SEPA URSSAF,,PRLV SEPA CPY:FR67584884 NBE:URSSAF<br />LIB:COTISATIONS SOCIALES T2 2024,0,7569.02,2024-06-10
631000,PRLV SEPA DGFIP,,,0,4843.56,2025-04-04
661000,INTERETS EMPRUNT,,,0,1875.76,2025-06-27
601100,PAIEMENT CB EDF,,,0,1119.76,2024-09-09
445660,PAIEMENT CB EDF,,,0,223.95,2024-09-09
401004,VIR SEPA SAS GARCIA INDUSTRIE,,,0,1716.19,2025-06-12
213100,VIR SEPA SARL MARTIN,,,0,115500.00,2024-04-27
512000,VIR RECU SAS MOREAU,,VIR SEPA NPY:SAS MOREAU<br />LIB:VIREMENT RECU,6773.28,0,2024-06-12
601100,PAIEMENT CB EDF,,,0,1285.27,2025-06-03
445660,PAIEMENT CB EDF,,,0,257.06,2025-06-03
601100,CB SA PICARD,,CB SA PICARD<br />LIB:ACHAT MARCHANDISES,0,1124.80,2024-04-28
445660,CB SA PICARD,,CB SA PICARD<br />LIB:ACHAT MARCHANDISES,0,224.96,2024-04-28
408000,FACTURE NON PARVENUE SARL ANDRE,,,0,2415.05,2025-07-31
706000,VIREMENT RECU SA INDUSTRIE NORD,,,2027.94,0,2025-11-30
580000,VIR INTERNE,,VIR INTERNE<br />LIB:VIREMENT INTERNE,0,18000.00,2025-07-28
706000,VIR RECU EURL DESIGN STUDIO,,,8252.67,0,2025-10-13
625100,PAIEMENT CB SARL GAUTIER,,,0,833.33,2025-04-28
445660,PAIEMENT CB SARL GAUTIER,,,0,166.67,2025-04-28
437000,PRLV SEPA POLE EMPLOI,,,0,3695.27,2025-11-06
706000,VIR RECU EURL DESIGN STUDIO,,,1004.30,0,2024-10-27
445510,VIR SEPA DGFIP TVA,,VIR SEPA NPY:DGFIP<br />LIB:TVA A DECAISSER T3 2025,0,10908.51,2025-07-19
618000,CB SCI ROUX,,CB SCI ROUX<br />LIB:DOCUMENTATION TECHNIQUE,0,408.12,2025-12-09
445660,CB SCI ROUX,,CB SCI ROUX<br />LIB:DOCUMENTATION TECHNIQUE,0,81.63,2025-12-09
601100,PRLV SEPA SA GROUPE LEGRAND,,PRLV SEPA NBE:SA GROUPE LEGRAND<br />LIB:COMMANDE FAC2024813,0,2070.83,2025-07-25
445660,PRLV SEPA SA GROUPE LEGRAND,,PRLV SEPA NBE:SA GROUPE LEGRAND<br />LIB:COMMANDE FAC2024813,0,414.17,2025-07-25
641000,VIR SEPA SALIRE AOUT,,,0,3153.85,2024-08-31
411002,VIR RECU SA GARNIER TRANSPORTS,,,45041.47,0,2025-07-15
645000,PRLV SEPA URSSAF,,,0,19450.98,2025-03-09
601100,PRELEVEMENT SEPA EDF,,PRLV SEPA NBE:EDF<br />LIB:COMMANDE FAC2024406,0,3701.42,2025-03-31
445660,PRELEVEMENT SEPA EDF,,PRLV SEPA NBE:EDF<br />LIB:COMMANDE FAC2024406,0,740.28,2025-03-31
625100,CARTE EURL BERNARD,REF399962,,0,581.17,2024-04-17
445660,CARTE EURL BERNARD,REF399962,,0,116.23,2024-04-17
601100,PRELEVEMENT SEPA MAIF,,,0,833.33,2024-12-29
445660,PRELEVEMENT SEPA MAIF,,,0,166.67,2024-12-29
621000,PRLV SEPA SARL BONNET,,,0,4283.33,2024-07-03
445660,PRLV SEPA SARL BONNET,,,0,856.67,2024-07-03
621000,PRLV SEPA SAS DUPONT,REF477897,,0,694.52,2025-11-17
445660,PRLV SEPA SAS DUPONT,REF477897,,0,138.90,2025-11-17
628000,CB SAS MOREAU,,,0,175.60,2025-01-05
419000,VIR RECU SA AERO COMPOSANTS,,,6342.78,0,2025-10-31
758700,VIR RECU AXA ASSURANCES,,,17000.00,0,2025-08-28
601100,PRLV SEPA EDF,,,0,2789.67,2024-01-29
445660,PRLV SEPA EDF,,,0,557.94,2024-01-29
633000,PRLV SEPA DGFIP,REF241192,PRLV SEPA NBE:DGFIP<br />LIB:CONTRIBUTION ECONOMIQUE TERRITORIALE,0,1978.06,2024-02-25
621000,PRLV SEPA SARL BONNET,,,0,6429.03,2025-04-07
445660,PRLV SEPA SARL BONNET,,,0,1285.81,2025-04-07
408000,FACTURE NON PARVENUE SAS MOREAU,REF483925,,0,357.08,2024-01-31
616000,PRLV SEPA ALLIANZ,,PRLV SEPA NBE:ALLIANZ<br />LIB:ASSURANCE 2024,0,1163.99,2024-07-25
641000,VIREMENT SEPA SALAIRE OCTOBRE,,,0,2182.89,2024-10-28
626000,PRELEVEMENT SEPA EURL BERNARD,,PRLV SEPA NBE:EURL BERNARD<br />LIB:TELECOMMUNICATIONS,0,270.98,2025-11-08
627000,PRLV SEPA BOUYGUES TELECOM,,,0,46.53,2025-07-22
403000,VIR SA GROUPE LEGRAND,,,0,1000.00,2025-10-19
601100,PAIEMENT CB SAS LAMBERT,,CB SAS LAMBERT<br />LIB:ACHAT MARCHANDISES,0,4166.67,2025-07-04
445660,PAIEMENT CB SAS LAMBERT,,CB SAS LAMBERT<br />LIB:ACHAT MARCHANDISES,0,833.33,2025-07-04
437000,PRELEVEMENT SEPA POLE EMPLOI,,PRLV SEPA NBE:FRANCE TRAVAIL<br />LIB:COTISATIONS CHOMAGE T4,0,5502.42,2025-11-06
403000,VIR SEPA SA GROUPE LEGRAND,,,0,14314.08,2024-11-09
411002,VIREMENT RECU SA GARNIER TRANSPO,,,48500.00,0,2025-01-27
411001,VIR RECU SCI HENRY SECURITE,,VIR SEPA NPY:SCI HENRY SECURITE IBE:DE79571492966369656769 BIC:DEUTDEFF PDO:DE RCN:FAC2024463<br />LIB:REGLEMENT FACTURE FAC2024463,30500.00,0,2025-05-21
606100,CB SAS MOREAU,,,0,233.47,2024-05-27
445660,CB SAS MOREAU,,,0,46.69,2024-05-27
646000,PRLV SEPA POLE EMPLOI,,,0,3042.84,2024-12-08
486000,CHARGE CONSTATEE AVANCE,,,0,3358.45,2025-12-26
616000,PRELEVEMENT SEPA AXA ASSURANCES,,,0,3135.39,2025-11-12
403000,VIR SEPA SCI ROUX,REF490784,VIR SEPA NPY:SCI ROUX<br />LIB:EFFETS A PAYER,0,19690.33,2024-10-25
631000,PRLV SEP DGFIP,,,0,1213.47,2025-11-06
601100,PAIEMENT CB MAIF,,,0,1014.79,2025-12-05
445660,PAIEMENT CB MAIF,,,0,202.96,2025-12-05
401004,PRELEVEMENT SEPA SAS GARCIA INDU,REF719619,,0,3203.58,2025-09-21
661000,INTERETS EMPRUNT,,INTERETS<br />LIB:INTERET DEBITEUR JUIN 2025,0,1032.13,2025-06-28
618000,CB SCI ROUX,,,0,61.87,2024-02-26
445660,CB SCI ROUX,,,0,12.37,2024-02-26
486000,CHARGE CONSTATEE AVACE,REF749657,LIB:CHARGE CONSTATEE D AVANCE DECEMBRE 2024,0,6855.11,2024-12-31
445510,VIR SEPA DGFIP TVA,REF281148,,0,6085.92,2024-07-18
645000,PRLV SEPA URSSAF,,,0,14600.00,2025-05-12
771000,VIREMENT RECU SA GROUPE LEGRAND,,,5572.51,0,2024-03-22
621000,PRLV SEPA EURL BERNARD,REF707951,,0,6053.72,2025-06-30
445660,PRLV SEPA EURL BERNARD,REF707951,,0,1210.74,2025-06-30
641000,VIR SEPA SALAIRE JANVIER,,,0,2999.38,2025-01-27
671000,VIR SAS FAURE,,,0,5934.58,2025-01-31
512000,VIR INTERNE,,VIR INTERNE REF:FR97517299<br />LIB:VIREMENT DE COMPTE A COMPTE,0,48474.25,2025-10-05
512000,VIR RECU SAS MOREAU,,,14155.63,0,2025-06-19
164000,PRLVT SEPA ECHEANCE EMPRUNT,,PRLV SEPA<br />LIB:ECHEANCE EMPRUNT FR60874227,0,5543.05,2024-08-17
661100,PRLVT SEPA ECHEANCE EMPRUNT,,PRLV SEPA<br />LIB:ECHEANCE EMPRUNT FR60874227,0,1247.19,2024-08-17
616000,PRLVT SEPA ECHEANCE EMPRUNT,,PRLV SEPA<br />LIB:ECHEANCE EMPRUNT FR60874227,0,138.58,2024-08-17
601100,B MAIF,REF927630,CB MAIF<br />LIB:ACHAT MARCHANDISES,0,3000.48,2025-02-26
445660,B MAIF,REF927630,CB MAIF<br />LIB:ACHAT MARCHANDISES,0,600.10,2025-02-26
411002,VIREMENT RECU SA GARNIER TRANSPO,,,8129.08,0,2024-10-30
401002,PRLV SEPA SARL FOURNIER BTP,REF652779,,0,4585.25,2025-07-29
615000,PRLV SEPA SAS GIRARD,,PRLV SEPA NBE:SAS GIRARD<br />LIB:ENTRETIEN REPARATIONS,0,1714.32,2024-01-17
445660,PRLV SEPA SAS GIRARD,,PRLV SEPA NBE:SAS GIRARD<br />LIB:ENTRETIEN REPARATIONS,0,342.87,2024-01-17
403000,VIREMENT SEPA SARL MARTIN,,VIR SEPA NPY:SARL MARTIN<br />LIB:EFFETS A PAYER,0,9950.00,2024-02-19
635000,PRLV SEPA DGFIP,,,0,4000.00,2025-09-06
411005,VIREMENT RECU SCI ROUSSEL ELECTR,,,34453.24,0,2024-10-28
404000,VIR SEPA SA FOURNIER,,,0,40659.86,2025-01-15
416000,VIR RECU SARL COMMERCE DU SUD,,,7979.29,0,2024-07-27
641000,VIR SEPA SALAIR JUIN,REF509451,VIR SEPA<br />LIB:SALAIRE JUIN 2025,0,1300.00,2025-06-26
211000,VIREMENT SEPA SARL ANDRE,,VIR SEPA NPY:SARL ANDRE<br />LIB:TERRAIN,0,34164.03,2024-05-17
631000,PRLVT SEPA DGFIP,,,0,2310.15,2025-08-28
401001,PRLV SEPA EURL GAUTHIER LOGISTIQ,REF678414,PRLV SEPA CPY:FR85914808 RUM:FR85914808 NBE:EURL GAUTHIER LOGISTIQUE<br />LIB:REGLEMENT FACTURE,0,5211.98,2025-12-18
401007,PRELEVEMENT SEPA SAS MASSON CONS,REF879009,,0,200.45,2025-12-25
661000,AGIOS BANCAIRES,,,0,315.47,2025-05-30
511500,ENCAISSEMENT CB,,,2986.30,0,2024-02-26
627000,ENCAISSEMENT CB,,,0,29.86,2024-02-26
645100,PRLV SEPA MUTUELLE,,,0,1493.96,2025-12-02
512000,FRAIS BANCAIRES,,FRAIS BANCAIRES<br />LIB:FRAIS DE GESTION JUIN,0,74.97,2024-06-29
641000,VIR SEPA SALAIRE AOUT,REF390683,VIR SEPA<br />LIB:SALAIRE AOUT 2024,0,4637.41,2024-08-26
626100,PRLV EPA SA FOURNIER,,PRLV SEPA NBE:SA FOURNIER<br />LIB:FRAIS TELEPHONIQUES,0,151.53,2024-09-28
445660,PRLV EPA SA FOURNIER,,PRLV SEPA NBE:SA FOURNIER<br />LIB:FRAIS TELEPHONIQUES,0,30.31,2024-09-28
411001,VIR RECU SCI HENRY SECURITE,,,3425.50,0,2024-10-07
401001,VIREMENT SEPA EURL GAUTHIER LOGI,,,0,10000.00,2025-04-01
626000,PRLV SEPA LA POSTE,REF425587,,0,28.48,2025-04-30
416000,VIR RECU SA AERO COMPOSANTS,REF401078,,2000.00,0,2025-02-27
601100,CARTE SA PICARD,,CB SA PICARD FACT:FAC2025389<br />LIB:ACHAT FOURNITURES,0,747.50,2025-11-02
445660,CARTE SA PICARD,,CB SA PICARD FACT:FAC2025389<br />LIB:ACHAT FOURNITURES,0,149.50,2025-11-02
707000,VIR RECU SA CHIMIE FRANCE,,,14500.00,0,2024-04-24
707000,VIR RECU SAS DIGITAL SERVICES,,VIR SEPA NPY:SAS DIGITAL SERVICES<br />LIB:VENTE MARCHANDISES FAC2025631,3000.00,0,2024-03-02
601100,PRLV SEPA SA GROUPE LEGRAND,,PRLV SEPA NBE:SA GROUPE LEGRAND<br />LIB:COMMANDE FAC2024882,0,841.38,2024-10-18
445660,PRLV SEPA SA GROUPE LEGRAND,,PRLV SEPA NBE:SA GROUPE LEGRAND<br />LIB:COMMANDE FAC2024882,0,168.28,2024-10-18
606100,PRELEVEMENT SEPA SAS MOREAU,,,0,254.66,2024-11-13
445660,PRELEVEMENT SEPA SAS MOREAU,,,0,50.93,2024-11-13
431000,PRELEVEMENT SEPA URSSAF,,,0,5000.00,2025-09-08
411004,VIR RECU SA NOEL IMPRIMERIE,,VIR SEPA NPY:SA NOEL IMPRIMERIE IBE:FR8129201921818324290922311 BIC:SOGEFRPP PDO:FR<br />LIB:REGLEMENT CLIENT FAC2025831,1437.29,0,2025-07-05
707000,VIREMENT RECU SAS DIGITAL SERVIC,,,14577.19,0,2025-08-19
645000,PRLV SEPA URSSAF,,PRLV SEPA NBE:URSSAF<br />LIB:COTISATIONS PATRONALES T4 2024,0,9863.81,2024-11-14
641000,VIR SALAIRE OCTOBRE,,VIR SEPA<br />LIB:REMUNERATION OCTOBRE,0,2372.49,2025-10-25
706000,VIREMENT RECU SA INDUSTRIE NORD,,,15000.00,0,2024-12-05
437000,PRLV SEPA POLE EMPLOI,REF458169,,0,3088.27,2024-01-09
706000,VIREMENT RECU SA INDUSTRIE NORD,,,17950.98,0,2025-06-25
646000,PRLV SEPA POLE EMPLOI,,,0,4958.41,2025-05-14
511500,ENCAISSEMENT CB,,,2000.00,0,2024-06-27
627000,ENCAISSEMENT CB,,,0,20.00,2024-06-27
625100,CB EURL BERNARD,,CB EURL BERNARD<br />LIB:FRAIS VOYAGE,0,381.46,2024-07-27
445660,CB EURL BERNARD,,CB EURL BERNARD<br />LIB:FRAIS VOYAGE,0,76.29,2024-07-27
626000,PRLV SEPA EURL BERNARD,REF191088,,0,156.22,2024-05-25
707000,VIR RECU SAS DIGITAL SERVICES,,,13690.56,0,2025-02-22
706000,VIR RECU SA INDUSTRIE NORD,,,5700.00,0,2025-11-21
791000,VIR RECU CPAM,REF154324,,1856.77,0,2024-05-28
512000,VIR RECU SAS MOREAU,,,10168.56,0,2025-03-29
668000,FRAIS FINANCIERS,,LIB:CHARGES FINANCIERES DIVERSES,0,500.00,2024-10-30
626000,PRLV SEPA LA POSTE,,,0,184.20,2024-03-20
691000,VIR SEPA DGFIP IS,,,0,8042.26,2025-09-16
626000,PRLVT SEPA LA POSTE,,,0,174.52,2025-11-14
411004,VIREMENT RECU SA NOEL IMPRIMERIE,,,23284.80,0,2024-12-11
627000,PRLV SEPA OVH SAS,,PRLV SEPA NBE:OVH SAS<br />LIB:HEBERGEMENT SERVEUR,0,360.63,2024-12-25
641000,VIR SEPA SALAIRE JUILLET,,,0,1300.00,2024-07-25
419000,VIREMENT RECU SA AERO COMPOSANTS,,,14094.84,0,2024-12-13
641100,VIREMENT SEPA SALAIRE NOVEMBRE,,,0,1740.00,2024-11-30
628000,CARTE MACIF,,,0,140.00,2024-10-13
512000,VIR RECU SA PICARD,,,26157.53,0,2024-10-29
645000,PRLV SEPA URSSAF,,PRLV SEPA NBE:URSSAF<br />LIB:COTISATIONS PATRONALES T3 2024,0,19932.56,2024-08-13
626100,PRLV SEPA SAS DUVAL,REF533669,,0,97.88,2024-10-05
445660,PRLV SEPA SAS DUVAL,REF533669,,0,19.58,2024-10-05
635000,PRLV SEPA DGFIP,,PRLV SEPA NBE:DGFIP<br />LIB:AUTRES IMPOTS 2025,0,1529.12,2025-08-24
411001,VIREMENT RECU SCI HENRY SECURITE,,VIR SEPA NPY:SCI HENRY SECURITE IBE:DE79571492966369656769 BIC:DEUTDEFF PDO:DE RCN:FAC2025959<br />LIB:REGLEMENT FACTURE FAC2025959,48189.77,0,2025-03-29
401003,VIREMENT SEPA SARL GIRARD SECURI,,,0,20618.35,2025-09-29
606100,PRLV SEPA SAS LAURENT,,PRLV SEPA NBE:SAS LAURENT<br />LIB:EAU ELECTRICITE,0,416.67,2025-06-22
445660,PRLV SEPA SAS LAURENT,,PRLV SEPA NBE:SAS LAURENT<br />LIB:EAU ELECTRICITE,0,83.33,2025-06-22
612000,PRLV SEPA SA PICARD,,PRLV SEPA NBE:SA PICARD<br />LIB:CREDIT-BAIL,0,3333.33,2025-09-13
445660,PRLV SEPA SA PICARD,,PRLV SEPA NBE:SA PICARD<br />LIB:CREDIT-BAIL,0,666.67,2025-09-13
704000,VIR RECU SAS ECO ENERGIE,REF104470,,26360.38,0,2025-10-01
635000,PRLVT SEPA DGFIP,,,0,1595.86,2025-01-29
514000,REMISE CHEQUE,,,438.35,0,2025-02-18
631000,PRELEVEMENT SEPA DGFIP,,,0,1019.34,2024-04-10
408000,FACTURE NON PARVENUE SARL SIMON,,,0,3800.00,2025-09-28
637000,PRLVT SEPA DGFIP,,,0,1000.00,2024-03-01
512000,VIR INTERNE,,,0,35733.32,2024-01-20
641000,VIR SEPA SALAIRE FEVRIER,,,0,1800.00,2024-02-25
701000,VIR RECU SAS AGENCE MEDIA,,VIR SEPA NPY:SAS AGENCE MEDIA<br />LIB:VENTE PRODUITS FINIS FAC2024429,1019.48,0,2025-02-27
512000,REMISE CHEQUE,,REMISE CHQ N 165832,5149.32,0,2024-07-02
661000,INTERETS EMPRUNT,,INTERETS<br />LIB:INTERET DEBITEUR SEPTEMBRE 2024,0,1379.26,2024-09-25
512000,REMISE CHEQUE,,,2986.55,0,2024-03-05
401001,VIR SEPA EURL GAUTHIER LOGISTIQU,,,0,10950.00,2025-05-21
621000,PRELEVEMENT SEPA SARL BONNET,,,0,680.47,2025-09-12
445660,PRELEVEMENT SEPA SARL BONNET,,,0,136.10,2025-09-12
431000,PRLVT SEPA URSSAF,,,0,12990.90,2025-03-12
404000,VIR SEPA SAS FAURE,,,0,20143.57,2024-01-18
411003,VIREMENT RECU SARL GIRARD BTP,,,18429.67,0,2024-04-18
411002,VIR RECU SA GARNIER TRANSPORTS,,,21885.52,0,2025-03-31
708000,VIR RECU SARL COMMERCE DU SUD,,,4000.00,0,2024-01-17
624000,CARTE ALLIANZ,,,0,90.25,2025-01-21
445660,CARTE ALLIANZ,,,0,18.05,2025-01-21
606100,CARTE VEOLIA,,,0,217.91,2025-06-28
445660,CARTE VEOLIA,,,0,43.58,2025-06-28
613200,PRLV SEPA EURL BERNARD,,,0,780.62,2024-12-04
445660,PRLV SEPA EURL BERNARD,,,0,156.12,2024-12-04
411002,VIR RECU SA GARNIER TRANSPORTS,,,1747.34,0,2024-03-26
606100,CB SAS LAURENT,,,0,333.33,2025-10-08
445660,CB SAS LAURENT,,,0,66.67,2025-10-08
601100,CARTE SARL GAUTIER,REF564637,CB SARL GAUTIER FACT:FAC2025380<br />LIB:ACHAT FOURNITURES,0,916.67,2024-11-30
445660,CARTE SARL GAUTIER,REF564637,CB SARL GAUTIER FACT:FAC2025380<br />LIB:ACHAT FOURNITURES,0,183.33,2024-11-30
626000,PRLV SEPA LA POSTE,,PRLV SEPA NBE:LA POSTE<br />LIB:AFFRANCHISSEMENT,0,141.80,2025-09-25
635000,PRLVT SEPA DGFIP,,,0,4540.11,2025-05-26
612000,PRLV SEPA SA PICARD,,,0,551.62,2024-07-31
445660,PRLV SEPA SA PICARD,,,0,110.32,2024-07-31
401008,PRLV SEPA SAS BLANC SECURITE,,,0,1393.19,2024-09-04
512100,VIR INTERNE,,VIR INTERNE REF:FR76847382<br />LIB:VIREMENT ENTRE COMPTES,0,91433.31,2024-02-26
601100,CB EDF,,CB EDF<br />LIB:ACHAT MARCHANDISES,0,2627.06,2025-01-25
445660,CB EDF,,CB EDF<br />LIB:ACHAT MARCHANDISES,0,525.41,2025-01-25
708000,VIR RECU SARL TRANSPORT EXPRESS,,,3853.33,0,2025-10-31
514000,REMISE CHEQUE,,,6479.07,0,2025-04-19
211000,VIREMENT SEPA SARL MARTIN,,,0,18737.74,2025-03-28
601100,PRLV SEPA MAIF,,PRLV SEPA NBE:MAIF<br />LIB:COMMANDE FAC2024920,0,2082.99,2024-08-29
445660,PRLV SEPA MAIF,,PRLV SEPA NBE:MAIF<br />LIB:COMMANDE FAC2024920,0,416.60,2024-08-29
704000,VIREMEN RECU SAS CONSEIL RH,,,43057.08,0,2024-12-30
512000,REMISE CHEQUE,,,18001.84,0,2024-09-03
512000,REMISE CHEQUE,,,4835.67,0,2025-05-25
661000,INTERETS EMPRUNT,,,0,1427.91,2025-05-29
626000,PRELEVEMENT SEPA LA POSTE,,,0,77.29,2024-06-25
641000,VIREMENT SEPA SALAIRE MARS,,VIR SEPA<br />LIB:REMUNERATION MARS,0,3416.28,2024-03-31
511500,ENCAISSEMENT CB,,,2471.38,0,2024-07-28
627000,ENCAISSEMENT CB,,,0,24.71,2024-07-28
445710,VIREMENT SEPA DGFIP TVA,,,0,14992.69,2024-01-24
401004,VIR SEPA SAS GARCIA INDUSTRIE,,,0,10013.27,2025-04-27
445710,VIREMENT RECU DGFIP,REF228535,VIR SEPA NPY:DGFIP<br />LIB:REMBOURSEMENT TVA T4 2024,18180.64,0,2024-10-18
706000,VIR RECU SA GROUPE LEGRAND,,VIR SEPA NPY:SA GROUPE LEGRAND<br />LIB:PRESTATIONS SERVICES FAC2024437,11516.36,0,2025-02-28
613200,PRLV SEPA SARL ANDRE,,PRLV SEPA NBE:SARL ANDRE<br />LIB:LOYER AVRIL 2025,0,1551.00,2025-04-04
445660,PRLV SEPA SARL ANDRE,,PRLV SEPA NBE:SARL ANDRE<br />LIB:LOYER AVRIL 2025,0,310.20,2025-04-04
401003,PRLV SEPA SARL GIRARD SECURITE,,,0,1750.00,2024-10-10
401001,VIR SEPA EURL GAUTHIER LOGISTIQU,REF863775,VIR SEPA REF:FR54980070 NPY:EURL GAUTHIER LOGISTIQUE<br />LIB:ACOMPTE FOURNISSEUR,0,14300.00,2024-04-30
213100,VIR SEPA SARL PETIT,,,0,113843.85,2024-11-13
611000,PRLV SEPA SAS MOREAU,REF705415,,0,875.00,2025-06-10
445660,PRLV SEPA SAS MOREAU,REF705415,,0,175.00,2025-06-10
421000,VIR SEPA SALAIRE AVRIL,,,0,2554.56,2025-04-26
511500,ENCAISSEMENT CB,,,733.03,0,2025-10-27
627000,ENCAISSEMENT CB,,,0,7.33,2025-10-27
403000,VIR SEPA SARL PETIT,,,0,27609.76,2025-10-30
626000,PRLV SEPA EURL MERCIER,,,0,283.75,2024-11-08
411007,VIR RECU SARL GARCIA DISTRIBUTIO,REF191626,,28300.00,0,2024-02-04
401005,PRLV SEPA SCI GUERIN IMPRIMERIE,,,0,11823.49,2024-07-09
601100,PAIEMENT CB SA GROUPE LEGRAND,,CB SA GROUPE LEGRAND FACT:FAC2024046<br />LIB:ACHAT FOURNITURES,0,330.93,2024-02-16
445660,PAIEMENT CB SA GROUPE LEGRAND,,CB SA GROUPE LEGRAND FACT:FAC2024046<br />LIB:ACHAT FOURNITURES,0,66.19,2024-02-16
615000,PRLV SEPA SAS GIRARD,,,0,2199.59,2025-06-09
445660,PRLV SEPA SAS GIRARD,,,0,439.92,2025-06-09
708000,VIREMENT RECU SARL MODE TEXTILE,,,869.30,0,2025-09-27
626000,PRLVT SEPA LA POSTE,,,0,154.32,2025-09-15
627000,PRLV SEPA OVH SAS,,,0,255.16,2025-01-29
401001,PRELEVEMENT SEPA EURL GAUTHIER L,,,0,7774.90,2025-06-27
707000,VIR RECU SA CHIMIE FRANCE,,,12367.16,0,2024-04-08
601100,PRLV SEPA EDF,REF977330,,0,2118.19,2024-11-08
445660,PRLV SEPA EDF,REF977330,,0,423.64,2024-11-08
691000,VIREMENT SEPA DGFIP IS,,,0,46068.96,2024-12-15
512100,VIRINTERNE,,,0,21201.11,2025-10-26
604000,PAIEMENT CB ENGIE,,,0,7932.22,2024-07-20
445660,PAIEMENT CB ENGIE,,,0,1586.44,2024-07-20
411003,VIR RECU SARL GIRARD BTP,,,831.34,0,2025-09-24
631000,PRLV SEPA DGFIP,,,0,450.00,2025-03-15
708000,VIR RECU SARL MODE TEXTILE,,,5000.00,0,2025-11-16
614000,PRLV SEPA SARL PETIT,REF830015,PRLV SEPA NBE:SARL PETIT<br />LIB:CHARGES LOCATIVES T2,0,225.50,2025-05-25
445660,PRLV SEPA SARL PETIT,REF830015,PRLV SEPA NBE:SARL PETIT<br />LIB:CHARGES LOCATIVES T2,0,45.10,2025-05-25
613200,PRLV SEPA SARL BONNET,,,0,3159.28,2024-07-01
445660,PRLV SEPA SARL BONNET,,,0,631.86,2024-07-01
401003,VIREMENT SEPA SARL GIRARD SECURI,,,0,19947.03,2024-06-27
401001,VIR SEPA EURL GAUTHIER LOGISTIQU,,,0,12040.97,2025-02-05
706000,VIR RCU SA INDUSTRIE NORD,,VIR SEPA NPY:SA INDUSTRIE NORD<br />LIB:PRESTATIONS SERVICES FAC2024171,15912.78,0,2025-01-09
218000,VIR SEPA SA PICARD,REF714519,VIR SEPA NPY:SA PICARD<br />LIB:IMMOBILISATION CORPORELLE,0,5541.67,2024-02-17
445620,VIR SEPA SA PICARD,REF714519,VIR SEPA NPY:SA PICARD<br />LIB:IMMOBILISATION CORPORELLE,0,1108.33,2024-02-17
641000,VIR SEPA SALAIRE AVRIL,,VIR SEPA<br />LIB:REMUNERATION AVRIL,0,2288.92,2024-04-30
707000,VIR RECU SARL MODE TEXTILE,,,6243.28,0,2025-09-17
708000,VIR RECU SARL MODE TEXTILE,,,4758.34,0,2024-02-15
211000,VIR SARL GAUTIER,REF110853,,0,145477.47,2025-09-22
421000,VIREMENT SEPA SALAIRE MARS,,VIR SEPA<br />LIB:SALAIRE MARS 2025,0,1339.03,2025-03-25
401001,VIREMENT SEPA EURL GAUTHIER LOGI,,,0,6481.43,2025-06-03
411003,VIR RECU SARL GIRAD BTP,REF630888,,16987.04,0,2024-04-30
401001,VIR SEPA EURL GAUTHIER LOGISTIQU,,VIR SEPA REF:FR99213392 NPY:EURL GAUTHIER LOGISTIQUE<br />LIB:COMMANDE FOURNITURES LCC:BON COMMANDE 281684,0,11372.95,2025-01-31
511500,ENCAISSEMENT CB,,,2539.23,0,2024-10-27
627000,ENCAISSEMENT CB,,,0,25.39,2024-10-27
514000,REMISE CHEQUE,,REMISE CHQ N 614254<br />LIB:ENCAISSEMENT CHEQUE,6985.93,0,2025-11-30
613200,PRLVT SEPA SAS GIRARD,,,0,2863.12,2024-11-01
445660,PRLVT SEPA SAS GIRARD,,,0,572.63,2024-11-01
626000,PRLV SEPA LA POSTE,,PRLV SEPA NBE:LA POSTE<br />LIB:AFFRANCHISSEMENT,0,142.22,2024-04-01
401002,VIR SEPA SARL FOURNIER BTP,,,0,15000.00,2025-06-26
213100,VIR SEPA SA GROUPE LEGRAND,REF209379,,0,138928.63,2025-09-15
512100,VIR INTERNE,,,0,80704.30,2025-02-22
445510,VIR SEPA DGFIP TVA,,,0,1382.11,2024-01-21
486000,CHARGE CONSTATEE AVANCE,,,0,7597.17,2024-12-23
758000,VIR RECU SA GROUPE ALIMENTAIRE,,,1162.36,0,2024-07-14
401001,PRLV SEPA EURL GAUTHIER LOGISTIQ,REF184734,,0,7331.52,2024-07-25
741000,VIR RECU SUBVENTION,REF811087,VIR SEPA NPY:SAS TECHNOLOGY PLUS<br />LIB:SUBVENTION EXPLOITATION 2025,20197.47,0,2025-12-28
512000,FRAIS BANCAIRES,,FRAIS BANCAIRES<br />LIB:FRAIS DE GESTION NOVEMBRE,0,37.72,2024-11-26
604000,CB ALLIANZ,,,0,4986.88,2024-03-31
445660,CB ALLIANZ,,,0,997.38,2024-03-31
645000,PRLV SEPA URSSAF,,,0,4008.83,2024-04-06
641000,VIR SALAIRE DECEMBRE,,VIR SEPA<br />LIB:SALAIRE DECEMBRE 2025,0,1578.59,2025-12-25
431000,PRLV SEPA URSSAF,,,0,1773.94,2024-06-15
627000,PRLV SEPA BOUYGUES TELECOM,REF832584,PRLV SEPA NBE:BOUYGUES TELECOM<br />LIB:ABONNEMENT INTERNET,0,100.00,2025-11-16
211000,VIREMENT SEPA SARL MARTIN,,,0,91000.00,2025-05-14
411001,VIR RECU SCI HENRY SECURITE,,,25201.11,0,2025-11-07
708000,VIR RECU SARL MODE TEXTILE,,,1670.48,0,2025-12-22
621000,PRLV SEPA SARL BONNET,,PRLV SEPA NBE:SARL BONNET<br />LIB:PERSONNEL INTERIMAIRE,0,527.92,2024-08-26
445660,PRLV SEPA SARL BONNET,,PRLV SEPA NBE:SARL BONNET<br />LIB:PERSONNEL INTERIMAIRE,0,105.59,2024-08-26
512100,VIR INTERNE,,,0,60812.63,2024-04-13
601100,CARTE MAIF,REF265154,,0,824.45,2025-09-27
445660,CARTE MAIF,REF265154,,0,164.89,2025-09-27
445510,VIR SEPA DGFIP TVA,REF663531,VIR SEPA NPY:DGFIP<br />LIB:TVA A DECAISSER T4 2024,0,7809.57,2024-10-17
707000,VIR RECU SAS ECO ENERGIE,,,4895.75,0,2025-02-28
613200,PRLV SEPA EURL BERNARD,,,0,1973.82,2025-07-05
445660,PRLV SEPA EURL BERNARD,,,0,394.77,2025-07-05
641000,VIREMENT SEPA SALAIRE OCTOBRE,,VIR SEPA<br />LIB:REMUNERATION OCTOBRE,0,2137.78,2024-10-30
512000,VIR INTERNE,,,0,5927.00,2025-02-25
641000,VIREMENT SEPA SALAIRE MARS,,,0,2974.51,2025-03-29
681000,DOTATION AMORTISSEMENT,,,0,807.56,2025-12-29
628000,PAIEMENT CB ENGIE,REF790633,,0,125.12,2025-09-29
411004,VIREMENT RECU SA NOEL IMPRIMERIE,,,19104.92,0,2024-11-26
704000,VIR RECU SAS ECO ENERGIE,,,1067.68,0,2024-08-28
401002,VIR SEPA SARL FOURNIER BTP,,,0,1500.00,2025-06-26
635000,PRELEVEMENT SEPA DGFIP,,,0,4500.00,2024-01-26
411002,VIR RECU SA GARNIER TRANSPORTS,,VIR SEPA NPY:SA GARNIER TRANSPORTS IBE:BE48861929000308 BIC:GEBABEBB PDO:BE RCN:FAC2024018<br />LIB:REGLEMENT FACTURE FAC2024018,41500.00,0,2024-01-26
626000,PRLV SEPA SAS FAURE,,,0,300.00,2025-03-22
401007,VIREMENT SEPA SAS MASSON CONSEIL,,,0,6887.57,2024-06-05
707000,VIR RECU SAS DIGITAL SERVICES,,,10688.37,0,2024-12-29
626100,PRLVT SEPA SA FOURNIER,,,0,149.55,2025-10-03
445660,PRLVT SEPA SA FOURNIER,,,0,29.91,2025-10-03
601100,CARTE EDF,,,0,1044.67,2024-10-07
445660,CARTE EDF,,,0,208.93,2024-10-07
661000,FRAIS BANCAIRES,REF555028,FRAIS BANCAIRES<br />LIB:COMMISSION BANCAIRE DECEMBRE,0,80.40,2024-12-08
641000,VIR SEPA SALAIRE JUILLET,,,0,4511.27,2025-07-26
641000,VIR SALAIRE FEVRIER,,,0,1660.00,2024-02-25
512000,VIR INTERNE,,VIR INTERNE REF:FR21031218<br />LIB:VIREMENT DE COMPTE A COMPTE,0,16965.75,2025-06-30
512000,VIR RECU SA LEFEVRE,,,20243.72,0,2025-02-05
771000,VIR RECU SA GROUPE LEGRAND,,,14052.25,0,2024-08-01
691000,VIR SEPA DGFIP IS,REF825621,,0,20658.07,2024-12-10
512000,REMISE CHEQUE,REF103205,REMISE CHQ N 387202,4436.52,0,2024-05-29
618000,CARTE SARL MARTIN,,,0,367.87,2024-04-07
445660,CARTE SARL MARTIN,,,0,73.58,2024-04-07
401001,PRLV SEPA EURL GAUTHIER LOGISTIQ,,,0,1334.52,2025-01-30
419000,VIREMENT RECU SA CHIMIE FRANCE,,VIR SEPA NPY:SA CHIMIE FRANCE<br />LIB:ACOMPTE CLIENT,10890.80,0,2024-08-22
261000,VIR SEPA SARL ANDRE,REF113475,VIR SEPA NPY:SARL ANDRE<br />LIB:TITRES DE PARTICIPATION,0,18058.07,2025-11-15
421000,VIR SEPA SALAIRE AVRIL,,,0,4178.90,2025-04-28
401007,PRLVT SEPA SAS MASSON CONSEIL,,,0,1750.23,2025-02-04
701000,VIR RECU SAS AGENCE MEDIA,REF602026,,23550.00,0,2024-09-22
706000,VIREMENT RECU SA INDUSTRIE NORD,,,8065.70,0,2025-02-16
631000,PRLVT SEPA DGFIP,,,0,2546.90,2025-12-28
401001,VIR SEPA EURL GAUTHIER LOGISTIQU,,,0,9648.63,2025-11-21
401007,VIR SEPA SAS MASSON CONSEIL,,,0,15388.96,2025-11-27
707000,VIR RECU EURL ARTISAN BOIS,,,20072.89,0,2024-07-09
708000,VIR RECU SA INDUSTRIE NORD,,,2875.09,0,2024-01-29
668000,FRAIS FINANCIERS,,,0,292.33,2025-05-26
401001,PRLVT SEPA EURL GAUTHIER LOGISTI,,,0,6951.98,2025-12-06
601100,PRLV SEPA SA GROUPE LEGRAND,,,0,4608.06,2024-02-23
445660,PRLV SEPA SA GROUPE LEGRAND,,,0,921.61,2024-02-23
651000,VIR SAS FAURE,,VIR SEPA NPY:SAS FAURE<br />LIB:REDEVANCE BREVET,0,684.22,2024-09-25
445660,VIR SAS FAURE,,VIR SEPA NPY:SAS FAURE<br />LIB:REDEVANCE BREVET,0,136.84,2024-09-25
641100,VIR SALAIRE FEVRIER,,,0,3769.04,2024-02-26
601100,CB SA GROUPE LEGRAND,,CB SA GROUPE LEGRAND FACT:FAC2024187<br />LIB:ACHAT FOURNITURES,0,775.15,2025-07-17
445660,CB SA GROUPE LEGRAND,,CB SA GROUPE LEGRAND FACT:FAC2024187<br />LIB:ACHAT FOURNITURES,0,155.03,2025-07-17
635000,PRLV SEPA DGFIP,REF208463,,0,3115.11,2024-08-31
701000,VIR RECU SAS AGENCE MEDIA,,,8989.26,0,2025-07-16
401008,PRELEVEMENT SEPA SAS BLANC SECUR,,PRLV SEPA NBE:SAS BLANC SECURITE<br />LIB:REGLEMENT ACHAT,0,508.80,2025-02-27
641000,VIREMENT SEPA SALAIRE MARS,,,0,2311.98,2025-03-28
401002,VIREMENT SEPA SARL FOURNIER BTP,,VIR SEPA REF:FR14055034 NPY:SARL FOURNIER BTP<br />LIB:COMMANDE FOURNITURES LCC:BON COMMANDE 903058,0,20845.33,2025-06-26
713000,VIR RECU SA BTP CONSTRUCTIONS,,,1000.00,0,2024-09-25
602000,CARTE SA LEFEVRE,,,0,7500.00,2025-10-16
445660,CARTE SA LEFEVRE,,,0,1500.00,2025-10-16
411001,VIR RECU SCI HENRY SECURITE,,,5502.21,0,2025-03-26
401001,PRLV SEPA EURL GAUTHIER LOGISTIQ,,,0,4152.44,2025-06-01
419000,VIR RECU SAS LOGISTIQUE PRO,,,7916.71,0,2025-09-06
707000,VIR RECU SAS TECHNOLOGY PLUS,,VIR SEPA NPY:SAS TECHNOLOGY PLUS<br />LIB:VENTE MARCHANDISES FAC2025829,13596.00,0,2025-06-21
706000,VIR RECU SA GROUPE LEGRAND,REF989370,,9043.24,0,2024-03-31
658000,VIR SEPA SAS LAURENT,,,0,1119.91,2024-02-08
791000,VIREMENT ECU MACIF,,VIR SEPA NPY:MACIF<br />LIB:INDEMNITE SINISTRE FR62090056,8350.00,0,2024-08-07
641000,VIR SEPA SALAIRE MAI,,,0,3000.00,2024-05-27
411004,VIREMENT RECU SA NOEL IMPRIMERIE,,VIR SEPA NPY:SA NOEL IMPRIMERIE IBE:FR8129201921818324290922311 BIC:SOGEFRPP PDO:FR RCN:FAC2024947<br />LIB:REGLEMENT FACTURE FAC2024947,7470.23,0,2025-08-30
511500,ENCAISSEMENT CB,,,794.22,0,2024-03-26
627000,ENCAISSEMENT CB,,,0,7.94,2024-03-26
601100,CB SA GROUPE LEGRAND,,CB SA GROUPE LEGRAND FACT:FAC2025537<br />LIB:ACHAT FOURNITURES,0,926.37,2024-01-18
445660,CB SA GROUPE LEGRAND,,CB SA GROUPE LEGRAND FACT:FAC2025537<br />LIB:ACHAT FOURNITURES,0,185.27,2024-01-18
623000,CB ENGIE,REF754332,,0,4166.67,2024-05-19
445660,CB ENGIE,REF754332,,0,833.33,2024-05-19
411004,VIR RECU SA NOEL IMPRIMERIE,REF464550,VIR SEPA NPY:SA NOEL IMPRIMERIE IBE:FR8129201921818324290922311 BIC:SOGEFRPP PDO:FR RCN:FAC2025801<br />LIB:REGLEMENT FACTURE FAC2025801,30000.00,0,2025-10-20
649000,VIR RECU CPAM,,,451.75,0,2025-12-29
411001,VIREMENT RECU SCI HENRY SECURITE,,,1264.81,0,2025-12-22
704000,VIREMENT RECU SARL MODE TEXTILE,,,31500.00,0,2024-05-29
437000,PRELEVEMENT SEPA POLE EMPLOI,,,0,2447.87,2024-12-13
611000,PRLV SEPA SAS FAURE,,,0,14958.33,2024-05-29
445660,PRLV SEPA SAS FAURE,,,0,2991.67,2024-05-29
401007,VIR SAS MASSON CONSEIL,,,0,985.19,2024-10-27
601100,CARTE SA GROUPE LEGRAND,,,0,163.82,2024-07-29
445660,CARTE SA GROUPE LEGRAND,,,0,32.77,2024-07-29
791000,VIREMENT RECU MACIF,,,11814.91,0,2024-08-07
641000,VIR SEPA SALAIRE OCTOBRE,,VIR SEPA<br />LIB:REMUNERATION OCTOBRE,0,1835.26,2024-10-25
211000,VIREMENT SEPA SARL SIMON,,,0,15947.80,2025-08-03
707000,VIR RECU SAS TECHNOLOGY PLUS,,,20201.13,0,2025-09-24
431000,PRLV SEPA URSSAF,,,0,15984.75,2024-07-08
601100,PAIEMENT CB AXA ASSURANCES,,,0,609.67,2025-12-31
445660,PAIEMENT CB AXA ASSURANCES,,,0,121.93,2025-12-31
601100,PAIEMENT CB ORANGE SA,,,0,500.00,2024-02-14
445660,PAIEMENT CB ORANGE SA,,,0,100.00,2024-02-14
401001,PRLV SEPA EURL GAUTHIER LOGISTIQ,,,0,1316.95,2025-10-30
627000,PRLVT SEPA BOUYGUES TELECOM,,PRLV SEPA NBE:BOUYGUES TELECOM<br />LIB:ABONNEMENT INTERNET,0,100.00,2025-07-30
445710,VIR DGFIP TVA,,VIR SEPA NPY:DGFIP<br />LIB:TVA COLLECTEE T3,0,5131.90,2025-07-18
706000,VIR RECU SA INDUSTRIE NORD,,,3831.84,0,2025-03-23
614000,PRELEVEMENT SEPA SA PICARD,REF489644,,0,1223.80,2024-06-22
445660,PRELEVEMENT SEPA SA PICARD,REF489644,,0,244.76,2024-06-22
757000,VIR RECU EURL DESIGN STUDIO,,,16488.74,0,2025-02-18
708000,VIR RECU SARL COMMERCE DU SUD,,,4240.57,0,2025-03-27
658000,VIREMENT SEPA SAS DUVAL,,,0,1725.74,2024-07-11
602000,CB SA LEFEVRE,REF360442,,0,3328.40,2024-09-22
445660,CB SA LEFEVRE,REF360442,,0,665.68,2024-09-22
708000,VIR RECU SARL TRNSPORT EXPRESS,,VIR SEPA NPY:SARL TRANSPORT EXPRESS<br />LIB:PRODUITS ACTIVITES ANNEXES,5000.00,0,2024-12-23
635000,PRLV SEPA DGFIP,,,0,1000.00,2025-02-28
707000,VIREMENT RECU SARL TRANSPORT EXP,,,21281.95,0,2024-08-31
437000,PRELEVEMENT SEPA POLE EMPLOI,,PRLV SEPA NBE:FRANCE TRAVAIL<br />LIB:COTISATIONS CHOMAGE T3,0,3743.00,2025-09-15
628000,CB ENGIE,,,0,128.30,2024-08-01
635000,PRELEVEMENT SEPA DGFIP,,PRLV SEPA NBE:DGFIP<br />LIB:AUTRES IMPOTS 2024,0,2982.13,2024-06-20
641000,VIR SEPA SALAIRE AVRIL,,VIR SEPA<br />LIB:REMUNERATION AVRIL,0,3110.82,2024-04-27
625100,CB SA LEFEVRE,,CB SA LEFEVRE<br />LIB:DEPLACEMENT MISSION,0,68.05,2024-07-27
445660,CB SA LEFEVRE,,CB SA LEFEVRE<br />LIB:DEPLACEMENT MISSION,0,13.61,2024-07-27
606300,CB SARL GAUTIER,,,0,197.99,2025-04-07
445660,CB SARL GAUTIER,,,0,39.60,2025-04-07
601100,CB EDF,,CB EDF FACT:FAC2025533<br />LIB:ACHAT FOURNITURES,0,779.68,2024-06-25
445660,CB EDF,,CB EDF FACT:FAC2025533<br />LIB:ACHAT FOURNITURES,0,155.94,2024-06-25
401006,VIR SEPA SAS ROBIN SECURITE,,,0,11500.00,2024-07-28
401001,VIR EURL GAUTHIER LOGISTIQUE,REF109047,,0,22000.00,2025-08-02
612000,PRLV SEPA SAS LAMBERT,,PRLV SEPA NBE:SAS LAMBERT<br />LIB:CREDIT-BAIL,0,2582.74,2024-01-07
445660,PRLV SEPA SAS LAMBERT,,PRLV SEPA NBE:SAS LAMBERT<br />LIB:CREDIT-BAIL,0,516.55,2024-01-07
512000,VIR RECU SAS FAURE,,,200.00,0,2024-12-12
713000,VIR RECU SARL MODE TEXTILE,REF841539,,8174.06,0,2024-02-29
411001,VIR RECU SCI HENRY SECURITE,REF146145,,19189.86,0,2025-04-30
622000,VIR SEPA EURL MERCIER,,VIR SEPA NPY:EURL MERCIER<br />LIB:HONORAIRES COMPTABLES,0,4458.33,2024-05-01
445660,VIR SEPA EURL MERCIER,,VIR SEPA NPY:EURL MERCIER<br />LIB:HONORAIRES COMPTABLES,0,891.67,2024-05-01
613200,PRLV SEPA EURL BERNARD,,,0,1564.72,2024-10-02
445660,PRLV SEPA EURL BERNARD,,,0,312.94,2024-10-02
411004,VIR RECU SA NOEL IMPRIMERIE,,,43427.70,0,2024-05-16
445710,VIR RECU DGFIP,,,3985.74,0,2024-04-21
411001,VIR RECU SCI HENRY SECURITE,,,50000.00,0,2025-04-25
401007,PRLV SEPA SAS MASSON CONSEIL,REF908445,,0,10795.25,2024-12-04
416000,VIREMENT RECU SAS ECO ENERGIE,,,6236.18,0,2024-08-29
404000,VIR SEPA SARL ANDRE,,,0,24559.08,2024-06-27
641100,VIR SEPA SALAIRE DECEMBRE,,VIR SEPA<br />LIB:REMUNERATION DECEMBRE,0,4246.25,2025-12-31
512000,VIREMENT RECU SARL PETIT,REF414682,VIR SEPA NPY:SARL PETIT<br />LIB:VIREMENT RECU,20826.20,0,2024-05-20
606100,PRLV SEPA SA FOURNIER,,,0,123.27,2024-03-22
445660,PRLV SEPA SA FOURNIER,,,0,24.66,2024-03-22
606100,CB ORANGE SA,,,0,302.18,2024-07-29
445660,CB ORANGE SA,,,0,60.44,2024-07-29
606100,PRLV SEPA SA FOURNIER,,,0,96.84,2024-08-26
445660,PRLV SEPA SA FOURNIER,,,0,19.37,2024-08-26
431000,PRLV SEPA URSSAF,,,0,13973.17,2025-11-15
626000,PRELEVEMENT SEPA LA POSTE,,,0,80.52,2024-01-20
631000,PRLV SEP DGFIP,REF864273,PRLV SEPA NBE:DGFIP<br />LIB:FORMATION CONTINUE 2024,0,2240.00,2024-02-25
701000,VIR RECU SARL MODE TEXTILE,,,5302.57,0,2025-08-15
411007,VIR RECU SARL GARCIA DISTRIBUTIO,,,45690.99,0,2025-11-26
401004,PRELEVEMENT SEPA SAS GARCIA INDU,,PRLV SEPA CPY:FR20879364 NBE:SAS GARCIA INDUSTRIE<br />LIB:FACTURE FAC2024820,0,4281.84,2025-09-26
511500,ENCAISSEMENT CB,,REMISE CB DU 281024<br />LIB:ENCAISSEMENT CARTE,2487.16,0,2024-10-28
627000,ENCAISSEMENT CB,,REMISE CB DU 281024<br />LIB:ENCAISSEMENT CARTE,0,24.87,2024-10-28
707000,VIREMENT RECU SA CHIMIE FRANCE,,,20340.81,0,2024-07-26
611000,PRELEVEMENT SEPA SAS MOREAU,,,0,3537.92,2024-10-29
445660,PRELEVEMENT SEPA SAS MOREAU,,,0,707.58,2024-10-29
691000,VIR SEPA DGFIP IS,,,0,24375.47,2024-12-12
628000,CB MACIF,,,0,44.56,2025-09-25
421000,VIR SEPA SALAIRE AVRIL,,,0,4968.07,2024-04-28
445510,VIREMENT SEPA DGFIP TVA,,,0,14278.73,2025-04-23
421000,VIR SEPA SALAIRE FEVRIER,,,0,4918.21,2024-02-25
411001,VIR RECU SCI HENRY SECURITE,,,29075.54,0,2025-05-30
606100,PRLV SEPA MACIF,,,0,645.29,2025-06-27
445660,PRLV SEPA MACIF,,,0,129.06,2025-06-27
601100,PRLV SEPA SA GROUPE LEGRAND,REF463656,,0,5383.99,2025-03-25
445660,PRLV SEPA SA GROUPE LEGRAND,REF463656,,0,1076.80,2025-03-25
411001,VIREMENT RECU SCI HENRY SECURITE,,,2674.44,0,2025-04-30
701000,VIREMENT RECU SAS CONSEIL RH,,VIR SEPA NPY:SAS CONSEIL RH<br />LIB:VENTE PRODUITS FINIS FAC2024659,200.00,0,2024-08-06
713000,VIR RECU SA BTP CONSTRUCTIONS,,,7163.67,0,2024-06-09
401005,PRELEVEMENT SEPA SCI GUERIN IMPR,,,0,6500.00,2024-07-16
486000,CHARGE CONSTATEE AVANCE,,,0,6281.42,2025-12-21
419000,VIR RECU SA PHARMA SANTE,,,15400.00,0,2025-02-28
612000,PRLVT SEPA SAS LAMBERT,,,0,2221.25,2025-03-22
445660,PRLVT SEPA SAS LAMBERT,,,0,444.25,2025-03-22
707000,VIR RECU SA CHIMIE FRANCE,,VIR SEPA NPY:SA CHIMIE FRANCE<br />LIB:VENTE MARCHANDISES FAC2024659,2555.50,0,2024-01-31
625100,CB SARL MARTIN,REF680155,CB SARL MARTIN<br />LIB:FRAIS VOYAGE,0,1343.62,2024-10-27
445660,CB SARL MARTIN,REF680155,CB SARL MARTIN<br />LIB:FRAIS VOYAGE,0,268.73,2024-10-27
401001,VIR SEPA EURL GAUTHIER LOGISTIQU,,VIR SEPA REF:FR59935925 NPY:EURL GAUTHIER LOGISTIQUE<br />LIB:COMMANDE FOURNITURES LCC:BON COMMANDE 408069,0,3950.75,2024-01-27
625100,CARTE SARL MARTIN,,,0,364.72,2024-11-03
445660,CARTE SARL MARTIN,,,0,72.94,2024-11-03
625200,CB SAS FAURE,,,0,50.00,2025-11-24
445660,CB SAS FAURE,,,0,10.00,2025-11-24
601100,PAIEMENT CB EURL BERNARD,,CB EURL BERNARD FACT:FAC2025038<br />LIB:ACHAT FOURNITURES,0,1033.51,2025-11-22
445660,PAIEMENT CB EURL BERNARD,,CB EURL BERNARD FACT:FAC2025038<br />LIB:ACHAT FOURNITURES,0,206.70,2025-11-22
401003,VIR SEPA SARL GIRARD SECURITE,,,0,10740.00,2025-12-21
512100,VIR INTERNE,,,0,28071.00,2024-02-29
781000,REPRISE AMORTISSEMENT,,LIB:REPRISE AMORTISSEMENT T4 2025,8102.53,0,2025-12-27
641100,VIREMENT SEPA SALAIRE NOVEMBRE,,,0,3217.56,2025-11-28
411005,VIREMENT RECU SCI ROUSSEL ELECTR,REF689970,VIR SEPA NPY:SCI ROUSSEL ELECTRICITE IBE:DE59148090265642462589 BIC:DEUTDEFF PDO:DE RCN:FAC2024404<br />LIB:REGLEMENT FACTURE FAC2024404,8216.93,0,2024-10-13
401005,VIR SEPA SCI GUERIN IMPRIMERIE,,,0,1373.48,2024-10-27
401006,PRLV SEPA SAS ROBIN SECURITE,,,0,4280.16,2024-01-03
701000,VIR RECU EURL DESIGN STUDIO,,,9490.00,0,2024-01-25
614000,PRLV SEPA EURL BERNARD,,,0,1250.00,2024-04-25
445660,PRLV SEPA EURL BERNARD,,,0,250.00,2024-04-25
625100,CB EURL BERNARD,,,0,416.67,2024-12-03
445660,CB EURL BERNARD,,,0,83.33,2024-12-03
615000,PRLV SEPA SAS GIRARD,REF822285,,0,213.41,2025-09-22
445660,PRLV SEPA SAS GIRARD,REF822285,,0,42.68,2025-09-22
601100,CB MAIF,,,0,362.15,2025-01-22
445660,CB MAIF,,,0,72.43,2025-01-22
421000,VIR SEPA SALAIRE SEPTEMBRE,,,0,3724.77,2024-09-30
403000,VIR SEPA SA GROUPE LEGRAND,,VIR SEPA NPY:SA GROUPE LEGRAND<br />LIB:EFFETS A PAYER,0,24999.18,2024-08-29
661000,AGIOS BANCAIRES,,,0,300.00,2024-12-03
512000,REMISE CHEQUE,,,14688.54,0,2025-01-30
514000,REMISE CHEQUE,,REMISE CHQ N 269553<br />LIB:ENCAISSEMENT CHEQUE,8389.81,0,2025-09-16
512000,REMISE CHEQUE,,,6000.00,0,2025-04-29
401004,VIREMENT SEPA SAS GARCIA INDUSTR,,VIR SEPA REF:FR39207240 NPY:SAS GARCIA INDUSTRIE<br />LIB:ACOMPTE FOURNISSEUR,0,14983.98,2025-10-26
512000,REMISE CHEQUE,,,11473.26,0,2025-11-19
623000,B ENGIE,,CB ENGIE<br />LIB:PUBLICITE ANNONCES,0,2030.22,2025-01-25
445660,B ENGIE,,CB ENGIE<br />LIB:PUBLICITE ANNONCES,0,406.05,2025-01-25
791000,VIR RECU MACIF,REF739311,VIR SEPA NPY:MACIF<br />LIB:INDEMNITE SINISTRE FR13843111,11439.18,0,2024-06-25
637000,PRLV SEPA GFIP,,PRLV SEPA NBE:DGFIP<br />LIB:TAXE SUR SALAIRES T2,0,1274.58,2024-04-30
641000,VIR SEPA SALAIRE OCTOBRE,,VIR SEPA<br />LIB:REMUNERATION OCTOBRE,0,2838.19,2024-10-25
601100,PAIEMENT CB MAIF,,,0,665.30,2024-12-19
445660,PAIEMENT CB MAIF,,,0,133.06,2024-12-19
601100,PRLVT SEPA SA GROUPE LEGRAND,,,0,6395.18,2025-03-16
445660,PRLVT SEPA SA GROUPE LEGRAND,,,0,1279.04,2025-03-16
437000,PRLVT SEPA POLE EMPLOI,,,0,7670.78,2024-10-05
471000,OPERATION ATTENTE,REF955081,LIB:OPERATION EN ATTENTE REF:FR20861539,0,3937.44,2025-04-05
401003,PRLV SEPA SARL GIRARD SECURITE,,,0,2147.41,2025-12-10
614000,PRELEVEMENT SEPA SA PICARD,,,0,1059.15,2024-07-17
445660,PRELEVEMENT SEPA SA PICARD,,,0,211.83,2024-07-17
275000,VIR SEPA SA GROUPE LEGRAND,REF277106,,0,8721.64,2025-03-21
707000,VIREMENT RECU SAS DIGITAL SERVIC,,,24686.46,0,2024-12-26
601100,CB MAIF,,CB MAIF<br />LIB:ACHAT MARCHANDISES,0,2521.88,2025-09-27
445660,CB MAIF,,CB MAIF<br />LIB:ACHAT MARCHANDISES,0,504.38,2025-09-27
708000,VIREMENT RECU SARL COMMERCE DU S,,,600.00,0,2024-08-26
707000,VIR RECU SAS TECHNOLOGY PLUS,,VIR SEPA NPY:SAS TECHNOLOGY PLUS<br />LIB:VENTE MARCHANDISES FAC2024467,18877.55,0,2025-08-29
641000,VIR SEPA SALAIRE AVRIL,,,0,4500.00,2024-04-26
411006,VIR RECU SARL LEFEVRE CONSEIL,,,12000.00,0,2024-04-11
512000,FRAIS BANCAIRES,,,0,140.00,2025-06-18
164000,PRELEVEMENT SEPA ECHEANCE EMPRNT,,PRLV SEPA<br />LIB:ECHEANCE EMPRUNT FR13999571,0,1676.01,2024-12-23
661100,PRELEVEMENT SEPA ECHEANCE EMPRNT,,PRLV SEPA<br />LIB:ECHEANCE EMPRUNT FR13999571,0,377.10,2024-12-23
616000,PRELEVEMENT SEPA ECHEANCE EMPRNT,,PRLV SEPA<br />LIB:ECHEANCE EMPRUNT FR13999571,0,41.90,2024-12-23
706000,VIR RECU SA GROUPE LEGRAND,,,3000.00,0,2025-08-28
401008,VIR SEPA SAS BLANC SECURITE,REF949539,VIR SEPA REF:FR41135220 NPY:SAS BLANC SECURITE<br />LIB:ACOMPTE FOURNISSEUR,0,1903.25,2024-11-30
645100,PRLVT SEPA MUTUELLE,,PRLV SEPA NBE:MUTUELLE<br />LIB:PREVOYANCE SANTE DECEMBRE,0,1970.45,2025-12-04
437000,PRELEVEMENT SEPA POLE EMPLOI,,,0,2428.58,2025-08-12
401007,PRLV SEPA SAS MASSON CONSEIL,,,0,4724.81,2024-12-08
706000,VIREMENT RECU SA INDUSTRIE NORD,REF822755,,14473.21,0,2024-09-14
445510,VIR SEPA DGFIP TVA,,VIR SEPA NPY:DGFIP<br />LIB:TVA A DECAISSER T3 2025,0,12080.06,2025-07-18
701000,VIREMENT RECU SAS TECHNOLOGY PLU,,,3825.65,0,2025-07-14
602000,CARTE SA LEFEVRE,,,0,8000.00,2025-08-18
445660,CARTE SA LEFEVRE,,,0,1600.00,2025-08-18
401001,VIR SEPA EURL GAUTIER LOGISTIQUE,,,0,11069.52,2024-08-18
512000,VIR INTERNE,,,0,4694.18,2025-08-01
512000,FRAIS BANCAIRES,,,0,200.00,2025-02-27
580000,VIR INTERNE,,,0,1258.26,2025-11-26
416000,VIR RECU SARL COMMERCE DU SUD,,,2089.14,0,2025-04-23
606300,CB AXA ASSURANCES,,CB AXA ASSURANCES<br />LIB:PETIT EQUIPEMENT,0,833.33,2024-04-26
445660,CB AXA ASSURANCES,,CB AXA ASSURANCES<br />LIB:PETIT EQUIPEMENT,0,166.67,2024-04-26
701000,VIREMENT RECU SAS CONSEIL RH,,,14547.87,0,2024-02-24
445710,VIREMENT RECU DGFIP,,VIR SEPA NPY:DGFIP<br />LIB:REMBOURSEMENT TVA T4 2024,26769.33,0,2024-10-24
706000,VIREMENT RECU SA INDUSTRIE NORD,,VIR SEPA NPY:SA INDUSTRIE NORD<br />LIB:PRESTATIONS SERVICES FAC2025675,5941.77,0,2024-06-25
641000,VIR SEPA SALAIRE JANVIER,REF985194,,0,1549.20,2025-01-30
601100,CB EDF,REF990429,,0,2097.05,2024-05-31
445660,CB EDF,REF990429,,0,419.41,2024-05-31
651000,VIR SEPA SAS MOREAU,,VIR SEPA NPY:SAS MOREAU<br />LIB:REDEVANCE BREVET,0,3138.20,2025-03-24
445660,VIR SEPA SAS MOREAU,,VIR SEPA NPY:SAS MOREAU<br />LIB:REDEVANCE BREVET,0,627.64,2025-03-24
601100,CARTE SA GROUPE LEGRAND,,,0,458.92,2024-06-10
445660,CARTE SA GROUPE LEGRAND,,,0,91.79,2024-06-10
606100,PRLV SEPA MACIF,,,0,333.33,2024-05-12
445660,PRLV SEPA MACIF,,,0,66.67,2024-05-12
645000,PRLVT SEPA URSSAF,,,0,11978.10,2025-06-05
645000,PRELEVEMENT SEPA URSSAF,,,0,16960.82,2024-12-15
741000,VIR RECU SUBVENTION,,,49815.12,0,2024-08-25
708000,VIR RECU SARL MODE TEXTILE,,VIR SEPA NPY:SARL MODE TEXTILE<br />LIB:PRODUITS ACTIVITES ANNEXES,3540.51,0,2024-11-29
626000,PRELEVEMENT SEPA SAS GIRARD,,,0,66.49,2025-10-31
626000,PRELEVEMENT SEPA LA POSTE,,PRLV SEPA NBE:LA POSTE<br />LIB:AFFRANCHISSEMENT,0,71.45,2025-03-28
651000,VIREMENT SEPA SAS FAURE,,,0,2419.87,2025-01-29
445660,VIREMENT SEPA SAS FAURE,,,0,483.97,2025-01-29
706000,VIR RECU SA GROUPE LEGRAND,,,9500.00,0,2025-11-28
411002,VIREMENT RECU SA GARNIER TRANSPO,,VIR SEPA NPY:SA GARNIER TRANSPORTS IBE:BE48861929000308 BIC:GEBABEBB PDO:BE RCN:FAC2024343<br />LIB:REGLEMENT FACTURE FAC2024343,39281.68,0,2025-11-21
411001,VIREMENT RECU SCI HENRY SECURITE,REF822447,,21613.73,0,2024-02-17
616000,PRLV SEPA AXA ASSURANCES,,,0,1891.29,2024-07-24
623000,CB SAS DUPONT,,,0,1543.82,2025-07-25
445660,CB SAS DUPONT,,,0,308.76,2025-07-25
661000,INTERETS EMPRUNT,REF441159,,0,1140.90,2024-09-16
211000,VIR SEPA SARL ANDRE,REF300686,,0,134848.77,2024-01-23
401001,VIR SEPA EURL GAUTHIER LOGISTIQU,,VIR SEPA REF:FR41081935 NPY:EURL GAUTHIER LOGISTIQUE<br />LIB:FACTURE FOURNISSEUR FAC2025694 LC2:ECHEANCE SEPTEMBRE,0,11953.64,2025-09-06
437000,PRLV SEPA POLE EMPLOI,,,0,8000.00,2025-08-15
707000,VIREMENT RECU SA CHIMIE FRANCE,,,23581.03,0,2025-04-13
645100,PRLV SEPA MUTUELLE,,PRLV SEPA NBE:MUTUELLE<br />LIB:PREVOYANCE SANTE OCTOBRE,0,1612.48,2025-10-07
708000,VIR RECU SAS DIGITAL SERVICES,,,2890.00,0,2024-07-26
421000,VIR SALAIRE JUILLET,,VIR SEPA<br />LIB:SALAIRE JUILLET 2024,0,4757.66,2024-07-31
218000,VIREMENT SEPA SAS DUPONT,REF436892,,0,12197.37,2025-03-30
445620,VIREMENT SEPA SAS DUPONT,REF436892,,0,2439.48,2025-03-30
601100,CARTE EDF,,CB EDF<br />LIB:ACHAT MARCHANDISES,0,3911.42,2024-04-26
445660,CARTE EDF,,CB EDF<br />LIB:ACHAT MARCHANDISES,0,782.28,2024-04-26
580000,VIR INTERNE,,VIR INTERNE<br />LIB:VIREMENT INTERNE,0,3315.04,2025-08-26
437000,PRLV SEPA POLE EMPLOI,,PRLV SEPA NBE:FRANCE TRAVAIL<br />LIB:COTISATIONS CHOMAGE T1,0,8000.00,2025-03-13
511500,ENCAISSEMENT CB,,,1604.52,0,2024-10-22
627000,ENCAISSEMENT CB,,,0,16.05,2024-10-22
641100,VIR SALAIRE AVRIL,REF515062,,0,3397.26,2024-04-25
512000,VIRINTERNE,,,0,28458.23,2024-01-25
512000,FRAIS BANCAIRES,,,0,52.63,2024-11-26
641000,VIREMENT SEPA SALAIRE JUIN,REF763393,,0,3150.00,2024-06-29
164000,PRLV SEPA ECHEANCE EMPRUNT,REF460783,,0,4871.65,2025-02-11
661100,PRLV SEPA ECHEANCE EMPRUNT,REF460783,,0,1096.12,2025-02-11
616000,PRLV SEPA ECHEANCE EMPRUNT,REF460783,,0,121.79,2025-02-11
704000,VIR RECU SA CHIMIE FRANCE,REF427206,,18666.35,0,2025-11-04
708000,VIR RECU SARL TRANSPORT EXPRESS,,,662.24,0,2025-09-26
661000,FRAIS BANCAIRES,,,0,51.27,2024-06-14
512000,REMISE CHEQUE,,,1728.94,0,2025-05-02
401007,VIR SEPA SAS MASSON CONSEIL,,VIR SEPA REF:FR81509839 NPY:SAS MASSON CONSEIL<br />LIB:FACTURE FOURNISSEUR FAC2024311 LC2:ECHEANCE AVRIL,0,8500.00,2024-04-01
641100,VIR SALAIRE AOUT,,VIR SEPA<br />LIB:CONGES PAYES AOUT 2024,0,2620.00,2024-08-30
512000,VIR RECU SAS MOREAU,REF708339,,339.97,0,2025-09-30
708000,VIR RECU SARL TRANSPORT EXPRESS,,,2653.04,0,2025-10-03
645000,PRLV SEPA URSSAF,,,0,19061.22,2024-11-06
512000,FRAIS BANCAIRES,,,0,105.66,2024-03-27
649000,VIR RECU CPAM,,,760.00,0,2025-07-11
625100,CB EURL BERNARD,REF294624,CB EURL BERNARD<br />LIB:FRAIS VOYAGE,0,1557.87,2024-05-25
445660,CB EURL BERNARD,REF294624,CB EURL BERNARD<br />LIB:FRAIS VOYAGE,0,311.57,2024-05-25
625100,CB MAIF,,,0,332.62,2024-01-10
445660,CB MAIF,,,0,66.52,2024-01-10
645000,PRLV SEPA URSSAF,,,0,18527.48,2024-05-13
401001,VIREMENT SEPA EURL GAUTHIER LOGI,REF423643,,0,16437.36,2024-07-27
641000,VIR SEPA SALAIRE MAI,,,0,2604.70,2024-05-27
641000,VIR SALAIRE MAI,,,0,3152.94,2025-05-28
623000,CB SAS MOREAU,,CB SAS MOREAU<br />LIB:PUBLICITE ANNONCES,0,2449.21,2024-03-31
445660,CB SAS MOREAU,,CB SAS MOREAU<br />LIB:PUBLICITE ANNONCES,0,489.84,2024-03-31
625100,CB SARL GAUTIER,,CB SARL GAUTIER<br />LIB:FRAIS VOYAGE,0,416.67,2025-05-27
445660,CB SARL GAUTIER,,CB SARL GAUTIER<br />LIB:FRAIS VOYAGE,0,83.33,2025-05-27
613200,PRLV SEPA SARL BONNET,,PRLV SEPA NBE:SARL BONNET<br />LIB:LOYER NOVEMBRE 2024,0,3933.12,2024-11-05
445660,PRLV SEPA SARL BONNET,,PRLV SEPA NBE:SARL BONNET<br />LIB:LOYER NOVEMBRE 2024,0,786.63,2024-11-05
411002,VIREMENT RECU SA GARNIER TRANSPO,,,17400.00,0,2024-02-25
601100,PAIEMENT CB EDF,,CB EDF FACT:FAC2024612<br />LIB:ACHAT FOURNITURES,0,28.86,2024-07-06
445660,PAIEMENT CB EDF,,CB EDF FACT:FAC2024612<br />LIB:ACHAT FOURNITURES,0,5.77,2024-07-06
612000,PRELEVEMENT SEPA SAS LAMBERT,,,0,2397.77,2024-09-04
445660,PRELEVEMENT SEPA SAS LAMBERT,,,0,479.55,2024-09-04
631000,PRLV SEPA DGFIP,,,0,2592.65,2025-11-30
631000,PRLVT SEPA DFIP,,,0,2404.44,2025-08-27
445510,VIREMENT SEPA DGFIP TVA,,,0,16000.00,2024-04-19
411001,IR RECU SCI HENRY SECURITE,,,7493.94,0,2024-04-30
706000,VIR RECU SA INDUSTRIE NORD,,,2700.00,0,2025-02-11
401002,PRELEVEMENT SEPA SARL FOURNIER B,,,0,5579.26,2025-06-30
713000,VIR RECU SARL MODE TEXTILE,,,4011.93,0,2025-04-30
218000,VIREMENT SEPA SA PICARD,,,0,7874.87,2025-09-24
445620,VIREMENT SEPA SA PICARD,,,0,1574.98,2025-09-24
641000,VIREMENT SEPA SALAIRE SEPTEMBRE,,VIR SEPA<br />LIB:SALAIRE SEPTEMBRE 2025,0,3479.39,2025-09-27
627000,PRLV SEPA SFR,,,0,80.00,2024-10-26
401001,PRELEVEMENT SEPA EURL GAUTHIER L,,,0,5342.44,2024-05-31
625200,CARTE SAS MOREAU,,,0,250.00,2025-03-10
445660,CARTE SAS MOREAU,,,0,50.00,2025-03-10
512000,FRAIS BANCAIRES,,,0,200.00,2025-01-28
641000,VIR SEPA SALAIRE OCTOBRE,,,0,1300.00,2025-10-31
275000,VIREMENT SEPA SCI ROUX,,,0,3800.00,2024-01-25
261000,VIR SAS LAMBERT,,VIR SEPA NPY:SAS LAMBERT<br />LIB:TITRES DE PARTICIPATION,0,30600.00,2024-10-29
401005,PRLVT SEPA SCI GUERIN IMPRIMERIE,,,0,5600.00,2025-09-27
604000,CB SARL CONSULTANT RH,,,0,2730.32,2025-12-01
445660,CB SARL CONSULTANT RH,,,0,546.07,2025-12-01
601100,CARTE EDF,,,0,1316.96,2024-06-21
445660,CARTE EDF,,,0,263.39,2024-06-21
403000,VIR SCI ROUX,,,0,13940.00,2025-01-24
601100,PAIEMENT CB SA GROUPE LEGRAND,,CB SA GROUPE LEGRAND<br />LIB:ACHAT MARCHANDISES,0,3620.82,2025-07-26
445660,PAIEMENT CB SA GROUPE LEGRAND,,CB SA GROUPE LEGRAND<br />LIB:ACHAT MARCHANDISES,0,724.17,2025-07-26
401004,PRLV SEPA SAS GARCIA INDUSTRIE,,,0,2019.40,2024-12-25
606300,CB SARL GAUTIER,,,0,58.40,2025-11-11
445660,CB SARL GAUTIER,,,0,11.68,2025-11-11
615000,PRLVT SEPA SARL SIMON,REF490101,,0,1355.83,2025-12-30
445660,PRLVT SEPA SARL SIMON,REF490101,,0,271.17,2025-12-30
641000,VIR SEPA SALAIRE MARS,,VIR SEPA<br />LIB:REMUNERATION MARS,0,2263.71,2024-03-25
601100,CARTE FREE MOBILE,,CB FREE MOBILE<br />LIB:ACHAT MARCHANDISES,0,583.33,2025-06-09
445660,CARTE FREE MOBILE,,CB FREE MOBILE<br />LIB:ACHAT MARCHANDISES,0,116.67,2025-06-09
641000,VIR SALAIRE AVRIL,,,0,1800.00,2025-04-28
741000,VIR RECU SUBVENTION,,VIR SEPA NPY:SA CHIMIE FRANCE<br />LIB:SUBVENTION EXPLOITATION 2024,43637.57,0,2024-02-29
411001,VIR RECU SCI HENR SECURITE,,,44786.14,0,2024-04-26
411001,VIR RECU SCI HENRY SECURITE,REF320363,VIR SEPA NPY:SCI HENRY SECURITE IBE:DE79571492966369656769 BIC:DEUTDEFF PDO:DE RCN:FAC2024124<br />LIB:REGLEMENT FACTURE FAC2024124,20917.27,0,2024-12-31
651000,VIR SAS MOREAU,REF923664,,0,672.65,2025-03-20
445660,VIR SAS MOREAU,REF923664,,0,134.53,2025-03-20
401001,PRLV SEPA EURL GAUTHIER LOGISTIQ,,,0,1094.14,2024-04-27
707000,VIR RECU SA CHIMIE FRANCE,,VIR SEPA NPY:SA CHIMIE FRANCE<br />LIB:VENTE MARCHANDISES FAC2025138,14244.29,0,2025-11-26
641000,VIR SALAIRE MAI,,,0,3000.00,2024-05-25
626000,PRLV SEPA SAS GIRARD,,,0,190.00,2025-11-30
403000,VIR SEPA SA GROUPE LEGRAND,,VIR SEPA NPY:SA GROUPE LEGRAND<br />LIB:EFFETS A PAYER,0,29982.39,2024-09-18
411007,VIR RECU SARL GARCIA DISTRIBUTIO,,,25585.80,0,2025-10-06
411001,VIREMENT RECU SCI HENRY SECURITE,REF951327,VIR SEPA NPY:SCI HENRY SECURITE IBE:DE79571492966369656769 BIC:DEUTDEFF PDO:DE RCN:FAC2025407<br />LIB:REGLEMENT FACTURE FAC2025407,22852.30,0,2025-03-11
401004,VIREMENT SEPA SAS GARCIA INDUSTR,,,0,19500.00,2024-12-13
601100,CB MAIF,,,0,2500.00,2024-01-28
445660,CB MAIF,,,0,500.00,2024-01-28
606100,CB SA FOURNIER,,CB SA FOURNIER<br />LIB:FOURNITURES NON STOCKABLES,0,416.67,2025-07-25
445660,CB SA FOURNIER,,CB SA FOURNIER<br />LIB:FOURNITURES NON STOCKABLES,0,83.33,2025-07-25
205000,VIR SEPA SARL ANDRE,,,0,16000.00,2024-09-07
706000,VIR RECU SA PHARMA SANTE,,,13105.50,0,2024-02-20
511500,ENCAISSEMENT CB,,,3000.00,0,2025-11-12
627000,ENCAISSEMENT CB,,,0,30.00,2025-11-12
211000,VIR SEPA SARL GAUTIER,,VIR SEPA NPY:SARL GAUTIER<br />LIB:TERRAIN,0,180048.38,2024-06-30
631000,PRELEVEMENT SEPA DGFIP,,,0,3221.31,2025-05-14
651000,VIR SEPA SARL GAUTIER,,,0,1270.30,2025-12-26
445660,VIR SEPA SARL GAUTIER,,,0,254.06,2025-12-26
641000,VIR SEPA SALAIRE FEVRIER,,,0,4351.28,2025-02-25
512000,FRAIS BANCAIRES,,FRAIS BANCAIRES<br />LIB:FRAIS DE GESTION FEVRIER,0,46.65,2025-02-15
486000,CHARGE CONSTATEE AVANCE,,,0,5500.00,2025-12-20
401008,VIR SEPA SAS BLANC SECURITE,REF555485,,0,6276.91,2025-07-30
641000,VIR SALAIRE AVRIL,,,0,4073.96,2025-04-27
213100,VIR EURL BERNARD,,VIR SEPA NPY:EURL BERNARD<br />LIB:CONSTRUCTION,0,147127.46,2025-03-29
411003,VIR RECU SARL GIRARD BTP,REF414991,,20366.63,0,2025-07-28
641100,VIR SALAIRE NOVEMBRE,,VIR SEPA<br />LIB:CONGES PAYES NOVEMBRE 2025,0,2539.36,2025-11-25
645100,PRLV SEPA MUTUELLE,,,0,1281.02,2025-10-25
661000,INTERETS EMPRUNT,,INTERETS<br />LIB:INTERET DEBITEUR OCTOBRE 2025,0,1596.35,2025-10-05
707000,VIR RECU SAS DIGITAL SERVICES,,,12920.00,0,2025-08-31
707000,VIR RECU SAS TECHNOLOGY PLUS,,,17404.49,0,2024-10-25
757000,VIR RECU SA PHARMA SANTE,REF846189,,22894.52,0,2025-03-30
625200,CB SAS MOREAU,,CB SAS MOREAU<br />LIB:FRAIS HEBERGEMENT,0,190.96,2025-09-27
445660,CB SAS MOREAU,,CB SAS MOREAU<br />LIB:FRAIS HEBERGEMENT,0,38.19,2025-09-27
613200,PRLV SEPA EURL MERCIER,,PRLV SEPA NBE:EURL MERCIER<br />LIB:LOYER NOVEMBRE 2024,0,2034.99,2024-11-04
445660,PRLV SEPA EURL MERCIER,,PRLV SEPA NBE:EURL MERCIER<br />LIB:LOYER NOVEMBRE 2024,0,407.00,2024-11-04
614000,PRLV SEPA EURL BERNARD,,,0,292.85,2024-12-26
445660,PRLV SEPA EURL BERNARD,,,0,58.57,2024-12-26
401001,PRLVT SEPA EURL GAUTHIER LOGISTI,,PRLV SEPA CPY:FR20799848 NBE:EURL GAUTHIER LOGISTIQUE<br />LIB:FACTURE FAC2024846,0,6942.71,2025-05-30
401002,VIR SEPA SARL FOURNIER BTP,REF996634,,0,4312.84,2025-06-28
706000,VIR RECU EURL DESIGN STUDIO,,,15000.00,0,2024-09-26
401004,PRLV SEPA SAS GARCIA INDUSTRIE,,PRLV SEPA CPY:FR11755720 NBE:SAS GARCIA INDUSTRIE<br />LIB:FACTURE FAC2025697,0,4399.50,2024-09-19
601100,CBEDF,,,0,238.61,2024-07-03
445660,CBEDF,,,0,47.72,2024-07-03
411001,VIR RECU SCI HENRY SECURITE,REF686859,,27700.00,0,2024-01-31
512000,FRAIS BANCAIRES,,,0,132.32,2024-05-31
741000,VIR RECU SUBVENTION,,,14188.67,0,2025-01-30
411004,VIR RECU SA NOEL IMPRIMERIE,,VIR SEPA NPY:SA NOEL IMPRIMERIE IBE:FR8129201921818324290922311 BIC:SOGEFRPP PDO:FR<br />LIB:REGLEMENT CLIENT FAC2024076,18989.61,0,2024-04-24
601100,CB SA GROUPE LEGRAND,,,0,1117.50,2025-07-31
445660,CB SA GROUPE LEGRAND,,,0,223.50,2025-07-31
512000,VIR INTERE,REF262315,,0,15089.35,2024-03-29
641000,VIR SEPA SALAIRE NOVEMBRE,,,0,1782.29,2025-11-25
641000,VIR SALAIRE AOUT,,VIR SEPA<br />LIB:SALAIRE AOUT 2024,0,3233.73,2024-08-27
401001,VIR SEPA EURL GAUTHIER LOGISTIQU,,,0,19940.06,2024-09-28
411003,VIREMENT RECU SARL GIRARD BTP,,,30540.52,0,2025-01-03
633000,PRLV SEPA DGFIP,,,0,3800.00,2025-08-02
411004,VIR RECU SA NOEL IMPRIMERIE,,,47100.00,0,2024-08-18
411001,VIR RECU SCI HENRY SECURITE,,,7774.89,0,2025-11-27
401001,PRLV SEPA EURL GAUTHIER LOGISTIQ,,,0,1836.42,2025-12-14
411003,VIREMENT RECU SARL GIRARD BTP,,VIR SEPA NPY:SARL GIRARD BTP IBE:FR6565717087582511379734835 BIC:AGRIFRPP PDO:FR RCN:FAC2025076<br />LIB:REGLEMENT FACTURE FAC2025076,29815.94,0,2024-12-19
621000,PRELEVEMENT SEPA EURL BERNARD,,,0,3166.67,2025-07-15
445660,PRELEVEMENT SEPA EURL BERNARD,,,0,633.33,2025-07-15
512000,VIR RECU SA FOURNIER,,VIR SEPA NPY:SA FOURNIER<br />LIB:VIREMENT RECU,28560.17,0,2024-05-25
681000,DOTATION AMORTISSEMENT,,,0,10536.59,2025-12-27
704000,VIR RECU SA CHIMIE FRANCE,,VIR SEPA NPY:SA CHIMIE FRANCE<br />LIB:TRAVAUX FAC2024053,45393.57,0,2025-06-30
641100,VIR SEPA SALAIRE JUILLET,REF794352,VIR SEPA<br />LIB:CONGES PAYES JUILLET 2024,0,3229.38,2024-07-31
601100,CB EDF,,,0,500.00,2024-07-19
445660,CB EDF,,,0,100.00,2024-07-19
628000,PAIEMENT CB SARL ANDRE,,,0,98.98,2024-08-30
604000,CB SARL CONSULTANT RH,,CB SARL CONSULTANT RH<br />LIB:ACHAT ETUDES PRESTATIONS,0,1297.20,2025-01-30
445660,CB SARL CONSULTANT RH,,CB SARL CONSULTANT RH<br />LIB:ACHAT ETUDES PRESTATIONS,0,259.44,2025-01-30
606300,CB OVH SAS,REF985764,CB OVH SAS<br />LIB:PETIT EQUIPEMENT,0,833.33,2024-11-21
445660,CB OVH SAS,REF985764,CB OVH SAS<br />LIB:PETIT EQUIPEMENT,0,166.67,2024-11-21
411002,VIRRECU SA GARNIER TRANSPORTS,,,32512.35,0,2025-04-22
164000,PRELEVEMENT SEPA ECHEANCE EMPRUN,,PRLV SEPA<br />LIB:ECHEANCE EMPRUNT FR89703171,0,1120.00,2024-05-04
661100,PRELEVEMENT SEPA ECHEANCE EMPRUN,,PRLV SEPA<br />LIB:ECHEANCE EMPRUNT FR89703171,0,252.00,2024-05-04
616000,PRELEVEMENT SEPA ECHEANCE EMPRUN,,PRLV SEPA<br />LIB:ECHEANCE EMPRUNT FR89703171,0,28.00,2024-05-04
601100,PRLV SEPA SA GROUPE LEGRAND,,,0,5341.67,2025-01-01
445660,PRLV SEPA SA GROUPE LEGRAND,,,0,1068.33,2025-01-01
411002,VIREMENT RECU SA GARNIER TRANSPO,,,31429.13,0,2024-09-14
411003,VIREMENT RECU SARL GIRARD BTP,,VIR SEPA NPY:SARL GIRARD BTP IBE:FR6565717087582511379734835 BIC:AGRIFRPP PDO:FR RCN:FAC2024383<br />LIB:REGLEMENT FACTURE FAC2024383,15787.52,0,2025-07-29
401008,PRLVT SEPA SAS BLANC SECURITE,,,0,5528.93,2025-03-10
641100,VIR SEPA SALAIRE AVRIL,,,0,3208.59,2025-04-25
641100,VIR SEPA SALAIRE OCTOBRE,,,0,3539.07,2024-10-28
401005,PRLV SEPA SCI GUERIN IMPRIMERIE,REF633763,PRLV SEPA CPY:FR73579466 RUM:FR73579466 NBE:SCI GUERIN IMPRIMERIE<br />LIB:REGLEMENT FACTURE,0,4345.35,2024-11-30
601100,PAIEMENT CB EDF,,,0,1680.86,2025-03-04
445660,PAIEMENT CB EDF,,,0,336.17,2025-03-04
471000,OPERATION ATTENTE,,LIB:OPERATION EN ATTENTE REF:FR64171337,0,4092.40,2024-11-30
601100,CARTE MAIF,,,0,1208.33,2025-09-23
445660,CARTE MAIF,,,0,241.67,2025-09-23
707000,VIREMENT RECU SA CHIMIE FRANCE,,,16565.70,0,2025-05-15
211000,VIREMENT SEPA SARL ANDRE,,,0,183790.00,2025-01-22
401005,VIR SEPA SCI GUERIN IMPRIMERIE,,,0,1554.81,2025-07-15
625100,CARTE SARL ANDRE,,,0,833.33,2024-06-29
445660,CARTE SARL ANDRE,,,0,166.67,2024-06-29
411001,VIR RECU SCI HENRY SECURITE,,,12000.00,0,2024-08-27
511500,ENCAISSEMENT CB,,,2084.14,0,2024-06-27
627000,ENCAISSEMENT CB,,,0,20.84,2024-06-27
635000,PRELEVEMENT SEPA DGFIP,REF187430,,0,2111.05,2025-07-14
411004,VIREMENT RECU SA NOEL IMPRIMERIE,REF718644,,47373.06,0,2024-08-03
627000,PRLVT SEPA BOUYGUS TELECOM,,PRLV SEPA NBE:BOUYGUES TELECOM<br />LIB:ABONNEMENT INTERNET,0,46.62,2025-07-08
614000,PRLV SEPA SA PICARD,,PRLV SEPA NBE:SA PICARD<br />LIB:CHARGES LOCATIVES T2,0,120.87,2024-06-06
445660,PRLV SEPA SA PICARD,,PRLV SEPA NBE:SA PICARD<br />LIB:CHARGES LOCATIVES T2,0,24.17,2024-06-06
419000,VIR RECU SAS LOGISTIQUE PR,,VIR SEPA NPY:SAS LOGISTIQUE PRO<br />LIB:ACOMPTE CLIENT,13377.51,0,2024-06-13
419000,VIR RECU SA AERO COMPOSANTS,,VIR SEPA NPY:SA AERO COMPOSANTS<br />LIB:ACOMPTE CLIENT,7407.10,0,2025-10-30
401009,VIREMENT SEPA EURL MERCIER IMMOB,REF315782,,0,10390.92,2025-09-15
401004,VIREMENT SEPA SAS GARCIA INDUSTR,,VIR SEPA REF:FR86895650 NPY:SAS GARCIA INDUSTRIE<br />LIB:ACOMPTE FOURNISSEUR,0,10250.00,2025-07-31
431000,PRELEVEMENT SEPA URSSAF,REF713561,PRLV SEPA NBE:URSSAF<br />LIB:COTISATIONS MAI,0,10448.96,2024-05-15
706000,VIR RECU SA INDUSTRIE NORD,,,8900.00,0,2025-11-30
635000,PRELEVEMENT SEPA DGFIP,,,0,2363.17,2024-11-30
623000,PAIEMENT CB SARL ANDRE,,,0,2418.16,2025-12-17
445660,PAIEMENT CB SARL ANDRE,,,0,483.63,2025-12-17
646000,PRLV SEPA POLE EMPLOI,REF566273,,0,3857.77,2024-12-11
580000,VIR INTERNE,,,0,30575.04,2024-09-29
661000,AGIOS BANCAIRES,,AGIOS BANCAIRES<br />LIB:AGIOS TRIMESTRIELS T1 2024,0,229.10,2024-02-15
601100,PRLV SEPA VEOLIA,,,0,2390.67,2024-07-29
445660,PRLV SEPA VEOLIA,,,0,478.13,2024-07-29
213100,VIR SEPA SARL PETIT,,,0,103485.46,2024-01-23
641000,VIR SALAIRE FEVRIER,REF620719,,0,4510.91,2024-02-28
431000,PRELEVEMENT SEPA URSSAF,,,0,14017.87,2024-12-13
602000,CARTE SAS MOREAU,,CB SAS MOREAU<br />LIB:ACHAT MATIERES PREMIERES,0,6268.83,2024-03-17
445660,CARTE SAS MOREAU,,CB SAS MOREAU<br />LIB:ACHAT MATIERES PREMIERES,0,1253.77,2024-03-17
411001,VIR RECU SCI HENRY SECURITE,,VIR SEPA NPY:SCI HENRY SECURITE IBE:DE79571492966369656769 BIC:DEUTDEFF PDO:DE<br />LIB:REGLEMENT CLIENT FAC2024428,27000.00,0,2025-07-15
791000,VIR RECU CPAM,,,737.29,0,2024-04-01
205000,VIREMENT SEPA SARL MARTIN,,,0,15048.68,2024-04-24
601100,PRLV SEPA SA GROUPE LEGRAND,,,0,4708.33,2025-01-28
445660,PRLV SEPA SA GROUPE LEGRAND,,,0,941.67,2025-01-28
621000,PRLV SEPA EURL BERNARD,,,0,989.80,2025-10-26
445660,PRLV SEPA EURL BERNARD,,,0,197.96,2025-10-26
411003,VIR RECU SARL GIRARD BTP,,,11689.66,0,2025-06-05
213100,VIR SEPA SARL MARTIN,,VIR SEPA NPY:SARL MARTIN<br />LIB:CONSTRUCTION,0,72200.00,2024-02-04
411003,VIREMENT RECU SARL GIRARD BTP,,,23597.18,0,2024-11-30
445710,VIR SEPA DGFIP TVA,REF949257,,0,10469.49,2025-01-20
401001,VIR EURL GAUTHIER LOGISTIQUE,REF516551,VIR SEPA REF:FR69232050 NPY:EURL GAUTHIER LOGISTIQUE<br />LIB:FACTURE FOURNISSEUR FAC2025786 LC2:ECHEANCE JUILLET,0,10843.51,2024-07-28
401003,VIREMENT SEPA SARL GIRARD SECURI,,,0,10658.69,2024-05-01
401002,PRLV SEPA SARL FOURNIER BTP,,,0,11850.00,2024-08-09
621000,PRLV SEPA SAS DUPONT,,,0,4275.57,2025-09-10
445660,PRLV SEPA SAS DUPONT,,,0,855.11,2025-09-10
401002,PRLV SEPA SARL FOURNIER BTP,REF568705,,0,7096.15,2025-10-21
512000,FRAIS BANCAIRES,,,0,90.00,2025-02-28
416000,VIR RECU SARL COMMERCE DU SUD,,VIR SEPA NPY:SARL COMMERCE DU SUD<br />LIB:CREANCE DOUTEUSE,6436.42,0,2025-12-28
601100,CB SA GROUPE LEGRAND,,,0,702.54,2025-03-30
445660,CB SA GROUPE LEGRAND,,,0,140.51,2025-03-30
625100,CB SARL GAUTIER,,,0,496.87,2024-08-27
445660,CB SARL GAUTIER,,,0,99.38,2024-08-27
411001,VIREMENT RECU SCI HENRY SECURITE,REF924536,,7200.00,0,2024-06-20
707000,VIR RECU SAS DIGITAL SERVICES,,VIR SEPA NPY:SAS DIGITAL SERVICES<br />LIB:VENTE MARCHANDISES FAC2025289,21986.08,0,2024-03-29
401001,PRLV SEPA EURL GAUTHIER LOGISTIQ,,,0,920.43,2024-08-27
511500,ENCAISSEMENT CB,,,2021.72,0,2024-01-22
627000,ENCAISSEMENT CB,,,0,20.22,2024-01-22
213100,VIR SARL PETIT,,,0,47500.00,2025-01-31
401006,VIR SEPA SAS ROBIN SECURITE,,VIR SEPA REF:FR39448796 NPY:SAS ROBIN SECURITE<br />LIB:FACTURE FOURNISSEUR FAC2024822 LC2:ECHEANCE MAI,0,6276.70,2025-05-30
628000,PAIEMENT CB SARL CONSULTANT RH,,,0,140.00,2024-04-30
411002,VIREMENT RECU SA GARNIER TRANSPO,,,1829.48,0,2024-10-30
467000,VIR SEPA SAS DUVAL,,VIR SEPA NPY:SAS DUVAL<br />LIB:COMPTE TRANSITOIRE,0,7000.00,2025-05-04
601100,CB EDF,,CB EDF FACT:FAC2025375<br />LIB:ACHAT FOURNITURES,0,1150.37,2024-11-03
445660,CB EDF,,CB EDF FACT:FAC2025375<br />LIB:ACHAT FOURNITURES,0,230.07,2024-11-03
431000,PRLV SEPA URSSAF,,,0,11700.00,2024-01-09
419000,VIR RECU SA AERO COMPOSANTS,REF851378,VIR SEPA NPY:SA AERO COMPOSANTS<br />LIB:ACOMPTE CLIENT,16370.90,0,2024-03-02
411001,VIREMENT RECU SCI HENRY SECURITE,,,42492.77,0,2024-07-28
625100,CB EURLBERNARD,,,0,416.67,2025-08-25
445660,CB EURLBERNARD,,,0,83.33,2025-08-25
623000,PAIEMENT CB SAS DUPONT,,CB SAS DUPONT<br />LIB:PUBLICITE ANNONCES,0,2652.07,2025-12-02
445660,PAIEMENT CB SAS DUPONT,,CB SAS DUPONT<br />LIB:PUBLICITE ANNONCES,0,530.42,2025-12-02
704000,VIR RECU SAS CONSEIL RH,,,5000.00,0,2025-08-28
401002,VIR SEPA SARL FOURNIER BTP,,,0,6961.48,2025-10-04
625100,PAIEMENT CB EURL BERNARD,,,0,200.00,2024-01-29
445660,PAIEMENT CB EURL BERNARD,,,0,40.00,2024-01-29
401001,PRLV SEPA EURL GAUTHIER LOGISTIQ,REF420305,PRLV SEPA NBE:EURL GAUTHIER LOGISTIQUE<br />LIB:REGLEMENT ACHAT,0,1993.81,2024-04-02
641000,VIR SEPA SALAIRE NOVEMBRE,REF876383,,0,1900.00,2025-11-26
580000,VIR INTERNE,,,0,45860.10,2025-01-02
601100,CB SARL BONNET,,,0,1532.62,2025-02-25
445660,CB SARL BONNET,,,0,306.53,2025-02-25
403000,VIR SEPA SCI ROUX,,,0,4462.31,2024-06-08
411001,VIR RECU SCI HENRY SECURITE,,,14595.96,0,2025-10-15
637000,PRELEVEMENT SEPA DGFIP,,,0,2330.12,2024-12-05
606100,PRLV SEPA SA FOURNIER,,,0,424.81,2024-04-29
445660,PRLV SEPA SA FOURNIER,,,0,84.96,2024-04-29
218000,VIR SEPA SAS DUPONT,,,0,26981.14,2024-02-12
445620,VIR SEPA SAS DUPONT,,,0,5396.23,2024-02-12
421000,VIR SEPA SALAIRE JUIN,REF898672,,0,4703.06,2024-06-30
205000,VIR SEPA SARL MARTIN,,,0,21412.93,2024-05-11
613200,PRLV SEPA EURL BERNARD,,,0,1250.00,2025-10-02
445660,PRLV SEPA EURL BERNARD,,,0,250.00,2025-10-02
601100,CB SA GROUPE LEGRAND,REF559507,CB SA GROUPE LEGRAND<br />LIB:ACHAT MARCHANDISES,0,2416.67,2025-10-14
445660,CB SA GROUPE LEGRAND,REF559507,CB SA GROUPE LEGRAND<br />LIB:ACHAT MARCHANDISES,0,483.33,2025-10-14
628000,CARTE ENGIE,,,0,196.83,2025-11-28
601100,CB EF,,,0,2535.82,2025-01-14
445660,CB EF,,,0,507.16,2025-01-14
205000,VIR SEPA SARL ANDRE,,VIR SEPA NPY:SARL ANDRE<br />LIB:LOGICIEL FAC2025702,0,13344.09,2025-03-23
401002,VIR SEPA SARL FOURNIER BTP,,,0,7750.00,2024-05-30
445510,VIREMENT SEPA DGFIP TVA,REF173057,,0,13620.00,2024-04-20
601100,CB EDF,,,0,2413.29,2025-09-30
445660,CB EDF,,,0,482.66,2025-09-30
624000,CB MACIF,,,0,50.22,2025-11-06
445660,CB MACIF,,,0,10.04,2025-11-06
626000,PRLV SEPA LA POSTE,,,0,176.63,2024-09-09
706000,VIR RECU EURL DESIGN STUDIO,,,12648.41,0,2024-01-20
401004,VIR SEPA SAS GARCIA INDUSTRIE,,,0,18606.27,2025-03-17
641000,VIREMENT SEPA SALAIRE JUILLET,,VIR SEPA<br />LIB:SALAIRE JUILLET 2025,0,1834.08,2025-07-31
646000,PRELEVEMENTSEPA POLE EMPLOI,REF805334,,0,3430.46,2025-10-06
401001,VIR SEPA EURL GAUTHIER LOGISTIQU,,,0,11889.01,2025-11-13
708000,VIR RECU SARL MODE TEXTILE,,VIR SEPA NPY:SARL MODE TEXTILE<br />LIB:PRODUITS ACTIVITES ANNEXES,2598.44,0,2024-07-28
411001,VIR RECU SCI HENRY SECURITE,,,48435.11,0,2025-06-28
606100,PREEVEMENT SEPA SARL MARTIN,,PRLV SEPA NBE:SARL MARTIN<br />LIB:EAU ELECTRICITE,0,204.42,2025-09-20
445660,PREEVEMENT SEPA SARL MARTIN,,PRLV SEPA NBE:SARL MARTIN<br />LIB:EAU ELECTRICITE,0,40.89,2025-09-20
626100,PRELEVEMENT SEPA SA LEFEVRE,,,0,83.33,2024-09-25
445660,PRELEVEMENT SEPA SA LEFEVRE,,,0,16.67,2024-09-25
758000,VIR RECU SAS AGENCE MEDI,,,2000.00,0,2025-02-01
706000,VIR RECU SAS ECO ENERGIE,,VIR SEPA NPY:SAS ECO ENERGIE<br />LIB:HONORAIRES OCTOBRE,10833.14,0,2024-10-29
626000,PRLV SEPA LA POSTE,,,0,103.24,2024-04-02
706000,VIR RECU SA GROUPE LEGRAND,,,6000.00,0,2024-01-07
707000,VIR RECU SAS TECHNOLOGY PLUS,,,10000.00,0,2024-10-31
401003,PRELEVEMENT SEPA SARL GIRAD SECU,,,0,1427.79,2024-04-04
411001,VIR RECU SCI HENRY SECURITE,REF657114,,27407.55,0,2025-12-04
624000,CARTE CABINET EXPERTISE COMPTABL,,,0,288.68,2024-03-24
445660,CARTE CABINET EXPERTISE COMPTABL,,,0,57.74,2024-03-24
401002,VIR SEPA SARL FOURNIER BTP,,VIR SEPA REF:FR23918286 NPY:SARL FOURNIER BTP<br />LIB:ACOMPTE FOURNISSEUR,0,3307.79,2024-05-27
601100,PAIEMENT CB EDF,,,0,1611.72,2024-11-03
445660,PAIEMENT CB EDF,,,0,322.34,2024-11-03
601100,CB MAIF,,,0,1591.67,2024-04-12
445660,CB MAIF,,,0,318.33,2024-04-12
681000,DOTATION AMORTISSEMENT,,LIB:DOTATION AMORTISSEMENT T4 2025,0,3300.00,2025-12-28
606100,CB SA FOURNIER,REF150678,,0,50.00,2024-06-17
445660,CB SA FOURNIER,REF150678,,0,10.00,2024-06-17
401004,PRELEVEMENT SEPA SAS GARCIA INDU,,,0,10072.67,2025-02-01
401001,VIR SEPA EURL GAUTHIER LOGISTIQU,,,0,10000.00,2024-06-02
403000,VIREMENT SEPA SA GROUPE LEGRAND,,VIR SEPA NPY:SA GROUPE LEGRAND<br />LIB:EFFETS A PAYER,0,26477.54,2024-08-19
512100,VIR INTERNE,REF173386,,0,35276.62,2025-06-16
401001,VIR SEPA EURL GAUTHIER LOGISTIQU,,,0,17050.00,2025-04-23
445710,VIR RECU DGFIP,,VIR SEPA NPY:DGFIP<br />LIB:REMBOURSEMENT TVA T4 2024,17000.00,0,2024-10-22
401004,VIR SAS GARCIA INDUSTRIE,,,0,19803.83,2025-11-13
411005,VIREMENT RECU SCI ROUSSEL ELECTR,,VIR SEPA NPY:SCI ROUSSEL ELECTRICITE IBE:DE59148090265642462589 BIC:DEUTDEFF PDO:DE<br />LIB:REGLEMENT CLIENT FAC2024615,16000.00,0,2024-12-15
530000,RETRAIT CAISSE,,,0,416.14,2025-01-09
218000,VIR SEPA SAS DUPONT,,,0,12251.57,2025-11-25
445620,VIR SEPA SAS DUPONT,,,0,2450.31,2025-11-25
621000,PRLV SEPA SARL SIMON,,,0,7895.86,2025-07-29
445660,PRLV SEPA SARL SIMON,,,0,1579.17,2025-07-29
411003,VIR RECU SARL GIRARD BTP,,,32441.36,0,2025-05-12
401001,PRLVT SEPA EURL GAUTHIER LOGISTI,,,0,3420.94,2024-08-07
511500,ENCAISSEMENT CB,,,300.00,0,2025-05-31
627000,ENCAISSEMENT CB,,,0,3.00,2025-05-31
401005,VIR SCI GUERIN IMPRIMERIE,,VIR SEPA REF:FR80294150 NPY:SCI GUERIN IMPRIMERIE<br />LIB:ACOMPTE FOURNISSEUR,0,10978.92,2024-09-14
627000,PRLVT SEPA BOUYGUES TELECOM,,,0,72.70,2024-09-21
621000,PRELEVEMENT SEPA SARL PETIT,,,0,3060.04,2025-06-27
445660,PRELEVEMENT SEPA SARL PETIT,,,0,612.01,2025-06-27
637000,PRLV SEPA DGFIP,,,0,1502.53,2024-05-30
613200,PRLV SEPA SAS DUVAL,,,0,1013.27,2024-06-02
445660,PRLV SEPA SAS DUVAL,,,0,202.65,2024-06-02
601100,CB MAIF,REF874683,CB MAIF<br />LIB:ACHAT MARCHANDISES,0,1130.29,2024-08-25
445660,CB MAIF,REF874683,CB MAIF<br />LIB:ACHAT MARCHANDISES,0,226.06,2024-08-25
627000,PRELEVEMENT SEPA OVH SAS,,PRLV SEPA NBE:OVH SAS<br />LIB:HEBERGEMENT SERVEUR,0,300.00,2024-05-06
601100,PRELEVEMENT SEPA SAS GIRARD,REF136346,,0,3319.02,2024-06-29
445660,PRELEVEMENT SEPA SAS GIRARD,REF136346,,0,663.80,2024-06-29
416000,VIR RECU SAS CONSEIL RH,,VIR SEPA NPY:SAS CONSEIL RH<br />LIB:CREANCE DOUTEUSE,9899.36,0,2025-01-31
408000,FACTURE NON PARVENUE SAS DUPONT,,,0,3766.71,2025-11-08
218000,VIREMENT SEPA EURL MERCIER,,VIR SEPA NPY:EURL MERCIER<br />LIB:IMMOBILISATION CORPORELLE,0,9360.42,2024-04-06
445620,VIREMENT SEPA EURL MERCIER,,VIR SEPA NPY:EURL MERCIER<br />LIB:IMMOBILISATION CORPORELLE,0,1872.08,2024-04-06
606100,CB SA FOURNIER,,,0,226.29,2024-01-31
445660,CB SA FOURNIER,,,0,45.26,2024-01-31
612000,PRELEVEMENT SEPA SARL PETIT,,,0,3333.33,2024-05-05
445660,PRELEVEMENT SEPA SARL PETIT,,,0,666.67,2024-05-05
627000,PRLV SEPA BOUYGUES TELECOM,,,0,100.00,2024-02-20
401009,VIREMENT SEPA EURL MERCIER IMMOB,,,0,15893.43,2025-05-27
601100,PRLV SEPA EDF,REF787313,,0,630.28,2025-02-09
445660,PRLV SEPA EDF,REF787313,,0,126.06,2025-02-09
411004,VIR RECU SA NOEL IMPRIMERIE,,VIR SEPA NPY:SA NOEL IMPRIMERIE IBE:FR8129201921818324290922311 BIC:SOGEFRPP PDO:FR<br />LIB:REGLEMENT CLIENT FAC2025887,22265.57,0,2025-12-10
631000,PRLVT SEA DGFIP,,PRLV SEPA NBE:DGFIP<br />LIB:FORMATION CONTINUE 2024,0,2059.42,2024-08-08
651000,VIREMENT SEPA SAS FAURE,,VIR SEPA NPY:SAS FAURE<br />LIB:REDEVANCE BREVET,0,2895.38,2024-08-04
445660,VIREMENT SEPA SAS FAURE,,VIR SEPA NPY:SAS FAURE<br />LIB:REDEVANCE BREVET,0,579.08,2024-08-04
411001,VIR RECU SCI HENRY SECURITE,REF407246,,10202.65,0,2025-01-16
641000,VIR SEPA SALAIRE FEVRIER,,,0,4992.97,2024-02-25
615000,PRLVT SEPA SARL SIMON,REF105726,PRLV SEPA NBE:SARL SIMON<br />LIB:ENTRETIEN REPARATIONS,0,2276.67,2024-12-31
445660,PRLVT SEPA SARL SIMON,REF105726,PRLV SEPA NBE:SARL SIMON<br />LIB:ENTRETIEN REPARATIONS,0,455.34,2024-12-31
611000,PRLV SEPA SARL PETIT,,PRLV SEPA NBE:SARL PETIT<br />LIB:SOUS-TRAITANCE,0,1221.79,2025-08-13
445660,PRLV SEPA SARL PETIT,,PRLV SEPA NBE:SARL PETIT<br />LIB:SOUS-TRAITANCE,0,244.36,2025-08-13
623000,CARTE ENGIE,REF116477,,0,495.96,2024-12-29
445660,CARTE ENGIE,REF116477,,0,99.19,2024-12-29
411002,VIREMENT RECU SA GARNIER TRANSPO,,VIR SEPA NPY:SA GARNIER TRANSPORTS IBE:BE48861929000308 BIC:GEBABEBB PDO:BE<br />LIB:REGLEMENT CLIENT FAC2025138,21527.88,0,2025-09-27
635000,PRLVT SEPA DGFIP,,,0,100.00,2025-07-31
606300,CB SAS GIRARD,,,0,124.63,2025-10-28
445660,CB SAS GIRARD,,,0,24.93,2025-10-28
512000,REMISE CHEQUE,,,7000.00,0,2025-03-29
606100,PRLV SEPA SAS DUPONT,REF388628,,0,519.09,2025-05-28
445660,PRLV SEPA SAS DUPONT,REF388628,,0,103.82,2025-05-28
401002,VIREMENT SEPA SARL FOURNIER BTP,,,0,13150.00,2025-09-20
628000,CARTE SARL CONSULTANT RH,,,0,80.41,2025-08-26
401001,PRELEVEMENT SEPA EURL GAUTHIER L,,PRLV SEPA CPY:FR24153933 RUM:FR24153933 NBE:EURL GAUTHIER LOGISTIQUE<br />LIB:REGLEMENT FACTURE,0,3634.90,2025-01-12
164000,PRLV SEPA ECHEANCEEMPRUNT,,,0,1182.70,2024-02-29
661100,PRLV SEPA ECHEANCEEMPRUNT,,,0,266.11,2024-02-29
616000,PRLV SEPA ECHEANCEEMPRUNT,,,0,29.57,2024-02-29
401004,VIR SEPA SAS GARCIA INDUSTRIE,,,0,455.27,2024-04-15
401004,VIR SEPA SAS GARCIA INDUSTRIE,,,0,7022.68,2024-12-06
512100,VIR INTERNE,,VIR INTERNE REF:FR38759979<br />LIB:VIREMENT ENTRE COMPTES,0,44460.47,2024-12-30
613200,PRELEVEMENT SEPA EURL MERCIER,,,0,1962.72,2024-12-01
445660,PRELEVEMENT SEPA EURL MERCIER,,,0,392.55,2024-12-01
514000,REMISE CHEQUE,,,9317.76,0,2025-05-11
512000,FRAIS BANCAIRES,,,0,200.00,2024-07-26
641100,VIR SEPA SALAIRE JUILLET,,,0,3566.75,2025-07-28
218000,CARTE SAS DUPONT,,,0,4862.29,2025-03-30
445620,CARTE SAS DUPONT,,,0,972.46,2025-03-30
775000,VIR RECU SARL COMMERCE DU SUD,,,7687.83,0,2024-07-17
411001,VIR RECU SCI HENRY SECURITE,,,19356.81,0,2025-01-05
635000,PRLV SEPA DGFIP,,,0,4000.00,2025-03-22
621000,PRLV SEPA SAS DUPONT,,,0,6346.43,2025-12-25
445660,PRLV SEPA SAS DUPONT,,,0,1269.29,2025-12-25
512000,FRAIS BANCAIRES,REF711176,,0,122.06,2025-09-13
621000,PRLVT SEPA SAS DUPONT,REF229734,,0,566.89,2024-07-10
445660,PRLVT SEPA SAS DUPONT,REF229734,,0,113.38,2024-07-10
706000,VIREMENT RECU SA INDUSTRIE NORD,,,9887.21,0,2025-01-03
704000,VIR RECU SA CHIMIE FRANCE,,,19490.00,0,2024-02-26
641000,VIREMENT SEPA SALAIRE AOUT,,VIR SEPA<br />LIB:SALAIRE AOUT 2025,0,3185.13,2025-08-28
411005,VIREMENT RECU SCI ROUSSEL ELECTR,REF629638,,21706.50,0,2024-05-31
627000,PRLV SEPA OVH SAS,,,0,252.46,2024-03-25
626000,PRLV SEPA EURL BERNARD,,,0,100.22,2024-01-31
530000,RETRAIT CAISSE,,RETRAIT DAB<br />LIB:APPROVISIONNEMENT CAISSE,0,312.25,2024-07-19
514000,REMISE CHEQUE,,,6900.00,0,2025-08-12
514000,REMISE CHEQUE,,,6393.27,0,2024-08-01
613200,PRLV SEPA SCI ROUX,,,0,833.33,2024-09-02
445660,PRLV SEPA SCI ROUX,,,0,166.67,2024-09-02
641000,VIR SEPA SALAIRE AVRIL,,,0,1800.00,2025-04-25
411008,VIR RECU SCI PETIT ELECTRICITE,,VIR SEPA NPY:SCI PETIT ELECTRICITE IBE:FR3379857962349216244198983 BIC:AGRIFRPP PDO:FR<br />LIB:REGLEMENT CLIENT FAC2025677,7788.72,0,2024-01-31
701000,VIREMENT RECU SAS TECHNOLOGY PLU,,VIR SEPA NPY:SAS TECHNOLOGY PLUS<br />LIB:VENTE PRODUITS FINIS FAC2025440,10860.69,0,2025-09-25
530000,RETRAIT CAISSE,,,0,460.44,2024-09-18
467000,VIR SEPA SAS FAURE,REF475541,,0,6239.75,2025-10-20
404000,VIR SEPA SA FOURNIER,REF496589,,0,14000.00,2024-09-28
401005,VIR SCI GUERIN IMPRIMERIE,,,0,18353.04,2025-07-29
601100,CB EDF,,,0,103.67,2024-06-26
445660,CB EDF,,,0,20.74,2024-06-26
606100,PRLV SEPA MACIF,,PRLV SEPA NBE:MACIF<br />LIB:EAU ELECTRICITE,0,382.03,2024-06-08
445660,PRLV SEPA MACIF,,PRLV SEPA NBE:MACIF<br />LIB:EAU ELECTRICITE,0,76.41,2024-06-08
623000,CB SAS DPONT,,,0,3765.54,2024-12-11
445660,CB SAS DPONT,,,0,753.11,2024-12-11
626000,PRELEVEMENT SEPA EURL BERNARD,,,0,52.00,2025-03-20
411005,VIR RECU SCI ROUSSEL ELECTRICITE,REF768256,,35263.51,0,2025-09-30
403000,VIREMENT SEPA SCI ROUX,REF774698,,0,27069.87,2025-12-14
401001,VIR EURL GAUTHIER LOGISTIQUE,,,0,7119.83,2024-06-14
641100,VIR SALAIRE MARS,,,0,3302.52,2025-03-27
641000,VIREMENT SEPA SALAIRE MAI,,,0,2160.86,2024-05-29
622000,VIR SEPA EURL MERCIER,REF964808,,0,416.67,2024-03-26
445660,VIR SEPA EURL MERCIER,REF964808,,0,83.33,2024-03-26
602000,CARTE SA LEFEVRE,,CB SA LEFEVRE<br />LIB:ACHAT MATIERES PREMIERES,0,5031.70,2024-08-26
445660,CARTE SA LEFEVRE,,CB SA LEFEVRE<br />LIB:ACHAT MATIERES PREMIERES,0,1006.34,2024-08-26
706000,VIR RECU EURL DESIGN STUDIO,,,17805.01,0,2024-06-28
641100,VIREMENT SEPA SALAIRE AOUT,,,0,1505.63,2025-08-30
606100,CARTE SAS MOREAU,,CB SAS MOREAU<br />LIB:FOURNITURES NON STOCKABLES,0,299.37,2024-12-11
445660,CARTE SAS MOREAU,,CB SAS MOREAU<br />LIB:FOURNITURES NON STOCKABLES,0,59.88,2024-12-11
645000,PRLV SEPA URSSAF,,,0,8632.57,2025-07-07
661000,FRAIS BANCAIRES,REF876507,,0,79.46,2025-03-27
606300,CB SAS MOREAU,,,0,64.09,2024-12-28
445660,CB SAS MOREAU,,,0,12.82,2024-12-28
411001,VIR RECU SCI HENRY SECURITE,,VIR SEPA NPY:SCI HENRY SECURITE IBE:DE79571492966369656769 BIC:DEUTDEFF PDO:DE RCN:FAC2025109<br />LIB:REGLEMENT FACTURE FAC2025109,16215.58,0,2024-12-21
707000,VIREMENT RECU EURL DESIGN STUDIO,,,2370.48,0,2024-05-25
613200,PRLV SEPA EURL MERCIER,REF259365,,0,691.40,2025-08-03
445660,PRLV SEPA EURL MERCIER,REF259365,,0,138.28,2025-08-03
621000,PRLV SEPA SAS DUPONT,,,0,1925.45,2024-03-30
445660,PRLV SEPA SAS DUPONT,,,0,385.09,2024-03-30
625100,CB SARL GAUTIER,,,0,833.33,2024-11-29
445660,CB SARL GAUTIER,,,0,166.67,2024-11-29
408000,FACTURE NON PARVENUE SAS MOREAU,,,0,1190.73,2024-08-09
401002,PRLV SEPA SARL FOURNIER BTP,,,0,5229.28,2025-03-28
646000,PRLV SEPA POLE EMPLOI,,,0,4333.35,2024-02-14
641000,VIREMENT SEPA SALAIRE DECEMBRE,REF245699,VIR SEPA<br />LIB:REMUNERATION DECEMBRE,0,3441.41,2024-12-25
512000,VIR RECU SARL PETIT,,,10500.00,0,2025-08-27
580000,VIR INTERNE,,VIR INTERNE<br />LIB:VIREMENT INTERNE,0,42377.85,2024-09-03
445710,VIR SEPA DGFIP TVA,,,0,14743.14,2025-10-21
164000,PRLVT SEPA ECHEANCE EMPRUNT,,PRLV SEPA<br />LIB:ECHEANCE EMPRUNT FR15707233,0,5040.87,2024-05-02
661100,PRLVT SEPA ECHEANCE EMPRUNT,,PRLV SEPA<br />LIB:ECHEANCE EMPRUNT FR15707233,0,1134.19,2024-05-02
616000,PRLVT SEPA ECHEANCE EMPRUNT,,PRLV SEPA<br />LIB:ECHEANCE EMPRUNT FR15707233,0,126.02,2024-05-02
626000,PRLV SEPA SAS FAURE,,,0,173.89,2025-05-27
707000,VIREMENT RECU SAS DIGITAL SERVIC,,,24712.07,0,2025-11-25
411003,VIR RECU SARL GIRARD BTP,REF845647,,3795.60,0,2025-07-29
606100,CARTE SA FOURNIER,,,0,60.20,2025-01-29
445660,CARTE SA FOURNIER,,,0,12.04,2025-01-29
641000,VIR SEPA SALAIRE JANVIER,,,0,1921.96,2024-01-31
641100,VIR SEPA SALAIRE NOVEMBRE,,,0,3891.09,2024-11-30
757000,VIR RECU EURL ARTISAN BOIS,,,7000.00,0,2025-05-17
708000,VIR RECU SARL TRANSPORT EXPRESS,REF219330,,207.09,0,2024-06-17
205000,VIR SEPA SA LEFEVRE,,VIR SEPA NPY:SA LEFEVRE<br />LIB:LOGICIEL FAC2024373,0,7970.79,2024-08-25
708000,VIR RECU SARL COMMERCE DU SUD,,,458.03,0,2025-06-27
512000,REMISE CHEQUE,,REMISE CHQ N 574291,8660.74,0,2025-02-07
416000,VIR RECU EURL ARTISAN BOIS,,VIR SEPA NPY:EURL ARTISAN BOIS<br />LIB:CREANCE DOUTEUSE,9300.00,0,2025-08-30
613200,PRELEVEMENT SEPA EURL BERNARD,,,0,1954.46,2024-04-05
445660,PRELEVEMENT SEPA EURL BERNARD,,,0,390.89,2024-04-05
641000,VIR SEPA SALAIRE JANVIER,,VIR SEPA<br />LIB:SALAIRE JANVIER 2024,0,3293.78,2024-01-29
411008,VIR RECU SCI PETIT ELECTRICITE,,VIR SEPA NPY:SCI PETIT ELECTRICITE IBE:FR3379857962349216244198983 BIC:AGRIFRPP PDO:FR<br />LIB:REGLEMENT CLIENT FAC2024081,5858.36,0,2024-09-21
624000,CB MACIF,,,0,416.67,2024-06-27
445660,CB MACIF,,,0,83.33,2024-06-27
401001,PRLV SEPA EURL GAUTHIER LOGISTIQ,,PRLV SEPA NBE:EURL GAUTHIER LOGISTIQUE<br />LIB:REGLEMENT ACHAT,0,2649.16,2025-02-08
512100,VIR INTERNE,REF324818,,0,97570.69,2025-08-24
606100,PRLV SEA SA FOURNIER,,,0,666.67,2024-08-04
445660,PRLV SEA SA FOURNIER,,,0,133.33,2024-08-04
467000,VIR SEPA SAS DUPONT,,,0,8145.78,2025-05-30
606100,PRLV SEPA SARL BONNET,,,0,642.36,2025-04-06
445660,PRLV SEPA SARL BONNET,,,0,128.47,2025-04-06
645000,PRLV SEPA URSSAF,,PRLV SEPA NBE:URSSAF<br />LIB:COTISATIONS PATRONALES T2 2024,0,15162.90,2024-04-13
708000,VIREMENT RECU SARL COMMERCE DU S,,,1479.74,0,2025-06-12
401001,VIREMENT SEPA EURL GAUTHIER LOGI,,,0,12445.93,2024-04-22
612000,PRELEVEMENT SEPA SARL PETIT,,PRLV SEPA NBE:SARL PETIT<br />LIB:CREDIT-BAIL,0,1140.57,2025-03-12
445660,PRELEVEMENT SEPA SARL PETIT,,PRLV SEPA NBE:SARL PETIT<br />LIB:CREDIT-BAIL,0,228.12,2025-03-12
411001,VIR RECU SCI HENRY SECURITE,,,23971.42,0,2024-08-20
512000,VIR INTERNE,,,0,3435.40,2025-04-28
625100,PAIEMENT CB SARL GAUTIER,,,0,1183.56,2025-04-25
445660,PAIEMENT CB SARL GAUTIER,,,0,236.71,2025-04-25
411005,VIREMENT RECU SCI ROUSSEL ELECTR,,,5139.17,0,2024-08-02
618000,PAIEMENT CB SARL MARTIN,,CB SARL MARTIN<br />LIB:DOCUMENTATION TECHNIQUE,0,85.50,2025-12-29
445660,PAIEMENT CB SARL MARTIN,,CB SARL MARTIN<br />LIB:DOCUMENTATION TECHNIQUE,0,17.10,2025-12-29
411001,VIR RECU SCI HENRY SECURITE,,,22765.61,0,2024-09-16
401004,VIR SAS GARCIA INDUSTRIE,,,0,16000.00,2024-06-26
707000,VIR RECU SAS TECHNOLOGY PLUS,,,3841.03,0,2024-11-11
403000,VIR SEPA SARL BONNET,REF777522,,0,12792.43,2025-09-22
512000,VIR RECU SAS MOREAU,,VIR SEPA NPY:SAS MOREAU<br />LIB:VIREMENT RECU,1067.83,0,2025-04-25
635000,PRLVT SEPA DGFIP,,,0,3574.44,2025-03-29
645000,PRLV SEPA URSSAF,,,0,16811.42,2024-05-10
401007,VIR SEPA SAS MASSON CONSEIL,,VIR SEPA REF:FR71477363 NPY:SAS MASSON CONSEIL<br />LIB:FACTURE FOURNISSEUR FAC2025787 LC2:ECHEANCE SEPTEMBRE,0,4493.87,2024-09-30
401001,VIREMENT SEPA EURL GAUTHIER LOGI,,,0,6507.01,2024-07-23
691000,VIR SEPA DGFIP IS,REF668722,,0,43642.66,2024-06-11
164000,PRLV SEPA ECHEANCE EMPRUNT,,,0,1120.00,2024-07-27
661100,PRLV SEPA ECHEANCE EMPRUNT,,,0,252.00,2024-07-27
616000,PRLV SEPA ECHEANCE EMPRUNT,,,0,28.00,2024-07-27
641000,VIREMENT SEPA SALAIRE DECEMBRE,,,0,4750.00,2025-12-25
613200,PRELEVEMENT SEPA EURL ERNARD,REF390910,,0,3376.87,2025-12-03
445660,PRELEVEMENT SEPA EURL ERNARD,REF390910,,0,675.38,2025-12-03
625200,CARTE SAS FAURE,,CB SAS FAURE<br />LIB:FRAIS HEBERGEMENT,0,409.08,2024-03-29
445660,CARTE SAS FAURE,,CB SAS FAURE<br />LIB:FRAIS HEBERGEMENT,0,81.82,2024-03-29
611000,PRLV SEPA SARL BONNET,,,0,1923.92,2025-02-25
445660,PRLV SEPA SARL BONNET,,,0,384.79,2025-02-25
625100,CARTE EURL BERNARD,,,0,925.88,2024-12-17
445660,CARTE EURL BERNARD,,,0,185.18,2024-12-17
645000,PRLV SEPA URSSAF,,,0,12825.60,2025-06-05
421000,VIR SEPA SALAIRE JUILLET,,,0,4286.95,2024-07-25
401002,VIREMEN SEPA SARL FOURNIER BTP,,,0,19596.22,2025-11-30
602000,PAIEMENT CB SAS DUPONT,,CB SAS DUPONT<br />LIB:ACHAT MATIERES PREMIERES,0,1613.07,2024-04-06
445660,PAIEMENT CB SAS DUPONT,,CB SAS DUPONT<br />LIB:ACHAT MATIERES PREMIERES,0,322.61,2024-04-06
411003,VIR RECU SARL GIRARD BTP,,,38500.00,0,2024-10-09
411001,VIREMENT RECU SCI HENRY SECURITE,,,9475.63,0,2025-10-22
613200,PRLV SEPA EURL BERNARD,,PRLV SEPA NBE:EURL BERNARD<br />LIB:LOYER JUIN 2025,0,2746.32,2025-06-03
445660,PRLV SEPA EURL BERNARD,,PRLV SEPA NBE:EURL BERNARD<br />LIB:LOYER JUIN 2025,0,549.27,2025-06-03
706000,VIREMENT RECU SA GROUPE LEGAND,,,6139.10,0,2025-02-26
411002,VIR RECU SA GARNIER TRANSPORTS,,,31107.01,0,2025-12-13
626000,PRLV SEPA LA POSE,,,0,10.90,2025-07-26
706000,VIR RECU SA INDUSTRIE NORD,,,8600.00,0,2025-10-31
621000,PRLV SEPA EURL BERNARD,,PRLV SEPA NBE:EURL BERNARD<br />LIB:PERSONNEL INTERIMAIRE,0,3810.22,2024-12-07
445660,PRLV SEPA EURL BERNARD,,PRLV SEPA NBE:EURL BERNARD<br />LIB:PERSONNEL INTERIMAIRE,0,762.04,2024-12-07
411004,VIREMENT RECU SA NOEL IMPRIMERIE,,,25565.08,0,2024-10-27
471000,OPERATION ATTENTE,,,0,4213.66,2025-11-29
701000,VIREMENT RECU SAS AGENCE MEDIA,,,11750.93,0,2024-08-31
601100,PRLV SEPA EDF,,PRLV SEPA NBE:EDF<br />LIB:COMMANDE FAC2024882,0,5031.52,2025-01-30
445660,PRLV SEPA EDF,,PRLV SEPA NBE:EDF<br />LIB:COMMANDE FAC2024882,0,1006.30,2025-01-30
401003,PRLV SEPA SARL GIRARD SECURITE,,,0,4981.24,2025-05-29
661000,AGIOS BANCAIRES,,,0,50.00,2024-01-28
416000,VIREMENT RECU SAS ECO ENERGIE,,,8240.17,0,2024-03-28
614000,PRLVT SEPA SAS LAURENT,REF837912,,0,239.92,2024-02-20
445660,PRLVT SEPA SAS LAURENT,REF837912,,0,47.98,2024-02-20
512000,REMISE CHEQUE,REF945392,,5573.97,0,2025-05-12
613200,PRELEVEMENT SEPA SARL BONNET,,,0,1195.21,2024-08-01
445660,PRELEVEMENT SEPA SARL BONNET,,,0,239.04,2024-08-01
401008,VIR SEPA SAS BLANC SECURITE,,,0,9930.38,2025-04-30
445710,VIREMENT SEPA DGFIP TVA,REF158817,,0,11013.21,2025-04-23
616000,PRLV SEPA AXA ASSURANCES,,PRLV SEPA NBE:AXA ASSURANCES<br />LIB:PRIME ASSURANCE,0,1118.96,2024-03-31
445710,VIREMENT RECU DGFIP,,,20000.00,0,2024-01-18
641000,VIR SEPA SALAIRE SEPTEMBRE,,,0,3510.78,2024-09-26
411001,VIR RECU SCI HENRY SECURITE,,VIR SEPA NPY:SCI HENRY SECURITE IBE:DE79571492966369656769 BIC:DEUTDEFF PDO:DE RCN:FAC2024816<br />LIB:REGLEMENT FACTURE FAC2024816,36000.00,0,2025-03-22
626000,PRELEVEMENT SEPA SAS FAURE,,,0,100.00,2025-08-28
641000,VIR SEPA SALAIRE OCTOBRE,,,0,2015.61,2024-10-28
411003,VIR RECU SARL GIRARD BTP,,,15993.89,0,2025-03-13
606100,CARTE MACIF,,,0,219.62,2025-09-08
445660,CARTE MACIF,,,0,43.93,2025-09-08
512000,FRAIS BANCAIRES,,,0,94.77,2025-03-29
213100,VIR SEPA SARL GAUTIER,,,0,52991.15,2024-06-29
512000,FRAIS BANCAIRES,,FRAIS BANCAIRES<br />LIB:FRAIS DE GESTION MARS,0,139.24,2024-03-30
641000,VIR SEPA SALAIRE AVRIL,,VIR SEPA<br />LIB:SALAIRE AVRIL 2025,0,1300.00,2025-04-27
601100,CB SARL SIMON,,,0,1223.70,2025-10-08
445660,CB SARL SIMON,,,0,244.74,2025-10-08
404000,VIR SEPA SAS FAURE,,VIR SEPA NPY:SAS FAURE<br />LIB:ACHAT IMMOBILISATION,0,36987.18,2024-01-25
512100,VIR INTERNE,,VIR INTERNE REF:FR95773115<br />LIB:VIREMENT ENTRE COMPTES,0,8560.00,2025-09-17
411004,VIR RECU SA NOEL IMPRIMERIE,,,18172.77,0,2025-04-04
401005,VIR SEPA SCI GUERIN IMPRIMERIE,REF716170,,0,4271.66,2025-07-28
706000,VIR RECU SAS DIGITAL SERVICES,,,12940.00,0,2024-07-05
437000,PRLV SEPA OLE EMPLOI,,,0,1891.61,2025-04-12
416000,VIR RECU SAS LOGISTIQUE PRO,,,5410.00,0,2025-11-27
761000,VIR RECU INTERETS,,,11.13,0,2025-03-23
401003,VIR SEPA SARL GIRARD SECURITE,,,0,9500.00,2024-01-09
625100,CARTE EURL BERNARD,,,0,760.87,2024-08-30
445660,CARTE EURL BERNARD,,,0,152.18,2024-08-30
416000,VIREMENT RECU SAS ECO ENERGIE,,,3672.60,0,2025-12-18
512000,VIR INTERNE,,VIR INTERNE REF:FR44553693<br />LIB:VIREMENT DE COMPTE A COMPTE,0,27119.94,2025-01-08
613200,PRLV SEPA SARL BONNET,,,0,2930.38,2025-08-01
445660,PRLV SEPA SARL BONNET,,,0,586.08,2025-08-01
411004,VIR RECU SA NOEL IMPRIMERIE,,,43000.00,0,2024-02-25
635000,PRLVT SEPA DGFIP,,PRLV SEPA NBE:DGFIP<br />LIB:AUTRES IMPOTS 2024,0,2449.66,2024-09-14
403000,VIR SCI ROUX,,,0,9064.86,2025-01-30
641000,VIR SEPA SALAIRE FEVRIER,REF728958,,0,1932.51,2025-02-28
625100,PAIEMENT CB MAIF,,,0,250.52,2024-04-02
445660,PAIEMENT CB MAIF,,,0,50.10,2024-04-02
411001,VIR RECU SCI HENRY SECURITE,REF733445,,16000.00,0,2025-09-12
645000,PRELEVEMENT SEPA URSSAF,,,0,6071.08,2024-07-07
701000,VIR RECU SAS CONSEIL RH,,,16765.26,0,2025-01-01
621000,PRLV SEPA SAS DUPONT,REF720166,,0,7507.90,2024-03-29
445660,PRLV SEPA SAS DUPONT,REF720166,,0,1501.58,2024-03-29
713000,VIREMENT RECU SAS TECHNOLOGY PLU,REF652221,,6846.57,0,2025-12-22
512100,VIR INTERNE,,VIR INTERNE REF:FR31024707<br />LIB:VIREMENT ENTRE COMPTES,0,10792.89,2024-09-25
401002,VIR SEPA SARL FOURNIER BTP,,VIR SEPA REF:FR99839136 NPY:SARL FOURNIER BTP<br />LIB:COMMANDE FOURNITURES LCC:BON COMMANDE 847506,0,13130.00,2025-08-18
445510,VIR SEPA DGFIP TVA,,,0,4709.83,2024-07-20
614000,PRLV SEPA SA PCARD,,PRLV SEPA NBE:SA PICARD<br />LIB:CHARGES LOCATIVES T3,0,116.67,2024-07-30
445660,PRLV SEPA SA PCARD,,PRLV SEPA NBE:SA PICARD<br />LIB:CHARGES LOCATIVES T3,0,23.33,2024-07-30
512000,VIR RECU SAS MOREAU,,,20031.21,0,2024-01-31
601100,CB SA GROUPE LEGRAND,,,0,1523.66,2024-04-24
445660,CB SA GROUPE LEGRAND,,,0,304.73,2024-04-24
625100,CB SARL GAUTIER,,,0,753.00,2024-05-12
445660,CB SARL GAUTIER,,,0,150.60,2024-05-12
602000,CB SAS LAMBERT,,,0,6488.00,2024-12-07
445660,CB SAS LAMBERT,,,0,1297.60,2024-12-07
631000,PRLV SEPA DGFIP,,,0,2265.87,2025-01-08
411005,VIR RECU SCI ROUSSEL ELECTRICITE,,,31927.50,0,2025-03-29
411003,VIR RECU SARL GIRARD BTP,,,22507.75,0,2025-03-11
661000,AGIOS BANCAIRES,,,0,214.77,2025-04-27
708000,VIR RECU EURL DESIGN STUDIO,,,229.33,0,2025-10-28
631000,PRLV SEPA DGFIP,,PRLV SEPA NBE:DGFIP<br />LIB:TAXE APPRENTISSAGE 2024,0,3421.38,2024-03-21
641100,VIR SEPA SALAIRE SEPTEMBRE,,VIR SEPA<br />LIB:CONGES PAYES SEPTEMBRE 2024,0,2000.00,2024-09-30
411002,VIREMENT RECU SA GARNIER TRANSPO,,,14388.79,0,2024-07-06
626000,PRELEVEMENT SEPA EURL BERNARD,REF254221,PRLV SEPA NBE:EURL BERNARD<br />LIB:TELECOMMUNICATIONS,0,244.68,2025-08-06
691000,VIR SEPA DGFIP IS,,,0,7234.07,2024-12-19
471000,OPERATION ATTENTE,,,0,3921.33,2024-05-15
627000,PRLV SEPA BOUYGUES TELECOM,,,0,58.28,2024-09-02
512000,REMISE CHEQUE,,REMISE CHQ N 692767,11000.00,0,2024-11-25
401009,PRLV SEPA EURL MERCIER IMMOBILIE,,,0,1500.00,2024-06-05
704000,VIR RECU SA CHIMIE FRANCE,,,36837.22,0,2025-04-07
471000,OPERATION ATTENTE,REF461980,LIB:OPERATION EN ATTENTE REF:FR44085998,0,1430.23,2025-09-27
401005,PRELEVEMENT SEPA SCI GUERIN IMPR,,,0,4740.00,2025-09-24
641000,VIR SEPA SALAIRE MARS,REF520124,VIR SEPA<br />LIB:SALAIRE MARS 2025,0,3013.20,2025-03-29
641000,VIREMENT SEPA SALAIRE MARS,,,0,1338.22,2025-03-31
512000,VIR INTERNE,,,0,13878.75,2024-10-08
627000,PRELEVEMENT SEPA BOUYGUES TELECO,,,0,41.21,2025-05-14
401002,PRLV SEPA SARL FOURNIER BTP,,,0,6740.00,2025-03-28
401003,VIREMENT SEPA SARL GIRARD SECURI,,VIR SEPA REF:FR16339700 NPY:SARL GIRARD SECURITE<br />LIB:COMMANDE FOURNITURES LCC:BON COMMANDE 189044,0,5768.48,2025-02-01
637000,PRLV SEPA DGFIP,REF511158,PRLV SEPA NBE:DGFIP<br />LIB:TAXE SUR SALAIRES T1,0,200.00,2024-01-12
631000,PRLV SEPA DGFIP,,,0,2543.28,2025-08-20
416000,VIREMENT RECU SAS ECO ENERGIE,REF977273,VIR SEPA NPY:SAS ECO ENERGIE<br />LIB:CREANCE DOUTEUSE,4988.40,0,2024-11-25
401006,VIREMENT SEPA SAS ROBIN SECURITE,,,0,8249.88,2024-03-27
623000,CB SAS DPONT,,CB SAS DUPONT<br />LIB:PUBLICITE ANNONCES,0,1507.94,2025-11-27
445660,CB SAS DPONT,,CB SAS DUPONT<br />LIB:PUBLICITE ANNONCES,0,301.59,2025-11-27
401003,PRLV SEPA SARL GIRARD SECURITE,REF466112,,0,2521.94,2025-09-12
261000,VIR SEPA SARL ANDRE,,,0,11525.79,2025-01-17
411005,VIR RECU SCI ROUSSEL ELECTRICITE,,VIR SEPA NPY:SCI ROUSSEL ELECTRICITE IBE:DE59148090265642462589 BIC:DEUTDEFF PDO:DE RCN:FAC2025859<br />LIB:REGLEMENT FACTURE FAC2025859,5664.95,0,2025-02-03
411001,VIR RECU SCI HENRY SECURITE,,,13455.33,0,2024-07-28
601100,CARTE SAS DUPONT,REF368322,,0,1262.58,2025-05-08
445660,CARTE SAS DUPONT,REF368322,,0,252.52,2025-05-08
211000,VIR SEPA SARL ANDRE,,,0,62527.06,2024-01-05
401009,VIR SEPA EURL MERCIER IMMOBILIER,,,0,12927.02,2025-05-31
512000,FRAIS BANCAIRES,,FRAIS BANCAIRES<br />LIB:FRAIS DE GESTION DECEMBRE,0,109.25,2024-12-06
601100,CB MAIF,,,0,1565.79,2025-07-08
445660,CB MAIF,,,0,313.16,2025-07-08
401001,VIR EURL GAUTHIER LOGISTIQUE,,,0,706.37,2025-02-14
411001,VIR RECU SCI HENRY SECURITE,,,43327.12,0,2024-10-29
411002,VIR RECU SA GARNIER TRANSPORTS,,,2252.24,0,2025-05-28
431000,PRELEVEMENT SEPA URSSAF,,,0,13613.94,2024-08-06
645000,PRLEVEMENT SEPA URSSAF,,PRLV SEPA NBE:URSSAF<br />LIB:COTISATIONS PATRONALES T4 2025,0,15500.00,2025-11-11
164000,PRLV SEPA ECHEANCE EMPRUNT,REF651141,,0,7002.69,2025-07-25
661100,PRLV SEPA ECHEANCE EMPRUNT,REF651141,,0,1575.61,2025-07-25
616000,PRLV SEPA ECHEANCE EMPRUNT,REF651141,,0,175.07,2025-07-25
471000,OPERATION ATTENTE,REF555714,,0,1500.00,2024-11-04
471000,OPERATION ATTENTE,REF765189,,0,3082.53,2025-12-19
621000,PRELEVEMENT SEPA SARL BONNET,,PRLV SEPA NBE:SARL BONNET<br />LIB:PERSONNEL INTERIMAIRE,0,2072.60,2024-06-10
445660,PRELEVEMENT SEPA SARL BONNET,,PRLV SEPA NBE:SARL BONNET<br />LIB:PERSONNEL INTERIMAIRE,0,414.52,2024-06-10
615000,PRLVT SEPA SAS DUPONT,,PRLV SEPA NBE:SAS DUPONT<br />LIB:ENTRETIEN REPARATIONS,0,1914.10,2024-04-21
445660,PRLVT SEPA SAS DUPONT,,PRLV SEPA NBE:SAS DUPONT<br />LIB:ENTRETIEN REPARATIONS,0,382.82,2024-04-21
713000,VIREMENT RECU SARL MODE TEXTILE,,,6259.90,0,2025-09-18
626100,PRLV SEPA SA LEFEVRE,REF758171,,0,166.67,2024-05-26
445660,PRLV SEPA SA LEFEVRE,REF758171,,0,33.33,2024-05-26
701000,VIREMENT RECU SAS CONSEIL RH,,,27240.40,0,2025-05-28
512000,VIR RECU SAS MOREAU,,VIR SEPA NPY:SAS MOREAU<br />LIB:VIREMENT RECU,613.39,0,2025-10-21
411003,VIREMENT RECU SARL GIRARD BTP,,,24979.48,0,2024-06-29
401003,PRLVT SEPA SARL GIRARD SECURITE,,,0,243.39,2024-06-25
606300,PAIEMENT CB SARL GAUTIER,,,0,997.67,2025-05-26
445660,PAIEMENT CB SARL GAUTIER,,,0,199.54,2025-05-26
631000,PRELEVEMENT SEPA DGFIP,,,0,1637.04,2025-11-21
606300,CARTE SAS GIRARD,REF788280,,0,125.00,2024-04-27
445660,CARTE SAS GIRARD,REF788280,,0,25.00,2024-04-27
613200,PRLV SEPA SARL BONNET,,,0,575.42,2025-02-03
445660,PRLV SEPA SARL BONNET,,,0,115.08,2025-02-03
601100,CB SAS FAURE,,,0,2278.72,2024-10-25
445660,CB SAS FAURE,,,0,455.74,2024-10-25
411006,VIREMENT RECU SARL LEFEVRE CONSE,,,12675.79,0,2024-12-26
411001,VIREMENT RECU SCI HENRY SECURITE,,,10000.00,0,2024-03-26
613200,PRLV SEPA EURL BERNARD,,,0,4131.02,2024-04-04
445660,PRLV SEPA EURL BERNARD,,,0,826.21,2024-04-04
401003,VIREMENT SEPA SARL GIRARD SECURI,,,0,10219.47,2025-12-15
514000,REMISE CHEQUE,,,6034.56,0,2024-06-25
641000,VIR SEPA SALAIRE JANVIER,,VIR SEPA<br />LIB:REMUNERATION JANVIER,0,2628.01,2024-01-31
641100,VIREMENT SEPA SALAIRE JANVIER,,,0,2062.67,2024-01-29
431000,PRLV SEPA URSSAF,,,0,2749.56,2024-08-05
408000,FACTURE NON PARVENUE SAS GIRARD,,,0,3403.25,2024-07-18
445510,VIR SEPA DGFIP TVA,,,0,4275.94,2025-07-17
641100,VIR SEPA SALAIRE SEPTEMBRE,,VIR SEPA<br />LIB:CONGES PAYES SEPTEMBRE 2025,0,3402.88,2025-09-26
612000,PRLV SEPA SA PICARD,,,0,3184.48,2024-04-02
445660,PRLV SEPA SA PICARD,,,0,636.90,2024-04-02
601100,PRLV SEPA EDF,,,0,259.35,2024-10-23
445660,PRLV SEPA EDF,,,0,51.87,2024-10-23
691000,VIREMENT SEPA DGFIP IS,REF867374,,0,44763.77,2025-12-11
641000,VIR SEPA SALAIRE NOVEMBRE,,VIR SEPA<br />LIB:SALAIRE NOVEMBRE 2025,0,3543.32,2025-11-27
511500,ENCAISSEMENT CB,,,1000.00,0,2025-08-28
627000,ENCAISSEMENT CB,,,0,10.00,2025-08-28
661000,AGIOS BANCAIRES,,,0,183.40,2025-07-30
437000,PRLVT SEPA POLE EMPLOI,,PRLV SEPA NBE:FRANCE TRAVAIL<br />LIB:COTISATIONS CHOMAGE T2,0,4834.93,2025-04-05
416000,VIR RECU SARL COMMERCE DU SUD,,,10000.00,0,2025-11-25
411002,VIREMENT RECU SA GARNIER TRANSPO,,,43871.90,0,2025-11-02
601100,PRLV SEPA EDF,REF201377,,0,3417.63,2024-09-27
445660,PRLV SEPA EDF,REF201377,,0,683.53,2024-09-27
661000,FRAIS BANCAIRES,,,0,92.02,2025-05-11
411003,VIREMENT RECU SARL GIRARD BTP,,,4819.43,0,2025-04-28
486000,CHARGE CONSTATEE AVANCE,,LIB:CHARGE CONSTATEE D AVANCE DECEMBRE 2024,0,1251.71,2024-12-26
625100,CARTE EURL BERNARD,,,0,1427.30,2025-01-10
445660,CARTE EURL BERNARD,,,0,285.46,2025-01-10
641000,VIR SEPA SALAIRE JUILLET,,,0,1530.36,2024-07-30
645000,PRLV SEPA URSSAF,,,0,19190.00,2024-09-06
621000,PRELEVEMENT SEPA SARL ANDRE,,PRLV SEPA NBE:SARL ANDRE<br />LIB:PERSONNEL INTERIMAIRE,0,5851.90,2024-04-25
445660,PRELEVEMENT SEPA SARL ANDRE,,PRLV SEPA NBE:SARL ANDRE<br />LIB:PERSONNEL INTERIMAIRE,0,1170.38,2024-04-25
707000,VIREMENT RECU SA INDUSTRIE NORD,,,100.00,0,2024-06-18
601100,PAIEMENT CB MAIF,,CB MAIF FACT:FAC2025073<br />LIB:ACHAT FOURNITURES,0,758.58,2024-11-29
445660,PAIEMENT CB MAIF,,CB MAIF FACT:FAC2025073<br />LIB:ACHAT FOURNITURES,0,151.72,2024-11-29
641000,VIR SEPA SALAIRE FEVRIER,,VIR SEPA<br />LIB:REMUNERATION FEVRIER,0,3000.00,2024-02-27
621000,PRELEVEMENT SEPA SARL BONNET,,,0,7370.59,2025-01-29
445660,PRELEVEMENT SEPA SARL BONNET,,,0,1474.12,2025-01-29
661000,AGIOS BANCAIRES,,,0,500.00,2024-08-07
706000,VIREMENT RECU EURL DESIGN STUDIO,,VIR SEPA NPY:EURL DESIGN STUDIO<br />LIB:PRESTATIONS SERVICES FAC2024851,134.55,0,2024-05-26
631000,PRELEVEMENT SEPA DGFIP,,PRLV SEPA NBE:DGFIP<br />LIB:FORMATION CONTINUE 2025,0,758.59,2025-11-26
622000,VIR SEPA EURL MERCIER,,,0,3477.04,2024-02-28
445660,VIR SEPA EURL MERCIER,,,0,695.41,2024-02-28
401006,PRLV SEPA SAS ROBIN SECURITE,,PRLV SEPA CPY:FR39593939 NBE:SAS ROBIN SECURITE<br />LIB:FACTURE FAC2024415,0,1100.00,2025-01-29
401001,VIR SEPA EURL GAUTHIER LOGISTIQU,,,0,18889.78,2024-02-25
621000,PRLV SEPA SARL ANDRE,,,0,5562.65,2025-10-08
445660,PRLV SEPA SARL ANDRE,,,0,1112.53,2025-10-08
411001,VIR RECU SCI HENRY SECURITE,,VIR SEPA NPY:SCI HENRY SECURITE IBE:DE79571492966369656769 BIC:DEUTDEFF PDO:DE RCN:FAC2024187<br />LIB:REGLEMENT FACTURE FAC2024187,8700.00,0,2024-03-27
401001,VIR SEPA EURL GAUTHIER LOGISTIQU,,,0,8500.00,2024-05-28
706000,VIR RECU EURL DESIGN STUDIO,,VIR SEPA NPY:EURL DESIGN STUDIO<br />LIB:HONORAIRES JUIN,13920.77,0,2024-06-28
661000,FRAIS BANCAIRES,,FRAIS BANCAIRES<br />LIB:COMMISSION BANCAIRE MARS,0,28.24,2025-03-06
661000,AGIOS BANCAIRES,,,0,500.00,2024-07-31
771000,VIR RECU SA GROUPE LEGRAND,,,9353.97,0,2025-10-18
641000,VIR SEPA SALAIRE JUIN,,,0,3867.01,2025-06-28
616000,PRLV SEPA AXA ASSURANCES,,,0,572.29,2025-11-30
411003,VIREMENT RECU SARL GIRARD BTP,REF946097,,42838.94,0,2025-01-04
419000,VIR RECU SAS LOGISTIQUE PRO,REF426908,,1371.57,0,2024-09-29
761000,VIREMENT RECU INTERETS,,VIR SEPA<br />LIB:INTERET CREDITEUR T3 2025,1000.00,0,2025-08-30
661000,INTEETS EMPRUNT,,,0,1372.88,2024-04-30
645000,PRLV SEPA URSSAF,,,0,18509.27,2024-06-14
616000,PRLV SEPA MACIF,,PRLV SEPA NBE:MACIF<br />LIB:ASSURANCE 2024,0,4190.19,2024-06-30
601100,PRELEVEMENT SEPA MAIF,,,0,368.22,2024-03-16
445660,PRELEVEMENT SEPA MAIF,,,0,73.64,2024-03-16
401002,PRLV SEPA SARL FOURNIER BTP,REF133262,,0,1470.09,2024-02-29
411002,VIR RECU SA GARNIER TRANSPORTS,,,21145.01,0,2025-03-28
641000,VIR SEPA SALAIRE JANVIER,REF122243,,0,4153.58,2024-01-27
445510,VIR SEPA GFIP TVA,,,0,5765.45,2025-04-19
757000,VIREMENT RECU EURL DESIGN STUDIO,REF806486,,22320.07,0,2025-12-25
511500,ENCAISEMENT CB,,REMISE CB DU 260125<br />LIB:ENCAISSEMENT CARTE,2155.32,0,2025-01-26
627000,ENCAISEMENT CB,,REMISE CB DU 260125<br />LIB:ENCAISSEMENT CARTE,0,21.55,2025-01-26
580000,VIR INTERNE,REF512540,,0,14314.50,2025-10-12
641000,VIR EPA SALAIRE MARS,,,0,2864.16,2025-03-25
701000,VIREMENT RECU SAS AGENCE MEDIA,,,29847.52,0,2025-02-22
401001,VIR SEPA EURL GAUTHIER LOGISTIQU,,,0,4190.30,2024-08-27
707000,VIREMENT RECU SA CHIMIE FRANCE,REF643707,VIR SEPA NPY:SA CHIMIE FRANCE<br />LIB:VENTE MARCHANDISES FAC2024819,17430.00,0,2025-01-27
706000,VIREMENT RECU SA GROUPE LEGRAND,,,16765.34,0,2024-11-20
614000,PRLV SEPA SARL MARTIN,,PRLV SEPA NBE:SARL MARTIN<br />LIB:CHARGES LOCATIVES T4,0,852.09,2025-11-07
445660,PRLV SEPA SARL MARTIN,,PRLV SEPA NBE:SARL MARTIN<br />LIB:CHARGES LOCATIVES T4,0,170.42,2025-11-07
631000,PRELEVEMENT SEPA DGFIP,REF400536,PRLV SEPA NBE:DGFIP<br />LIB:TAXE APPRENTISSAGE 2025,0,3508.02,2025-10-13
613200,PRLV SEPA EURL MERCIER,,,0,2281.47,2024-06-03
445660,PRLV SEPA EURL MERCIER,,,0,456.30,2024-06-03
512000,VIR RECU SAS MOREAU,,,26907.50,0,2024-07-26
641000,VIR SALAIRE FEVRIER,,,0,4918.29,2025-02-26
627000,PRLV SEPA BOUYGUES TELECOM,,,0,41.80,2024-12-13
615000,PRLV SEPA SARL SIMON,,,0,2083.33,2024-04-25
445660,PRLV SEPA SARL SIMON,,,0,416.67,2024-04-25
211000,VIR SEPA SARL MARTIN,,,0,15950.00,2024-10-31
401002,PRLVT SEPA SARL FOURNIER BTP,,,0,8900.00,2024-06-30
512000,REMISE CHEQUE,,,10644.34,0,2025-10-30
445710,VIR RECU DGFIP,,VIR SEPA NPY:DGFIP<br />LIB:REMBOURSEMENT TVA T2 2025,3772.11,0,2025-04-19
401006,PRLV SEPA SAS ROBIN SECURITE,,,0,4484.94,2024-04-29
641000,VIR SALAIRE AOUT,,,0,1300.00,2025-08-25
706000,VIR RECU EURL DESIGN STUDIO,,VIR SEPA NPY:EURL DESIGN STUDIO<br />LIB:PRESTATIONS SERVICES FAC2025981,10640.57,0,2024-02-10
613200,RLVT SEPA SAS DUPONT,,PRLV SEPA NBE:SAS DUPONT<br />LIB:LOYER JANVIER 2024,0,2922.83,2024-01-02
445660,RLVT SEPA SAS DUPONT,,PRLV SEPA NBE:SAS DUPONT<br />LIB:LOYER JANVIER 2024,0,584.57,2024-01-02
514000,REMISE CHEQUE,,,1768.46,0,2024-01-11
403000,VIR SEPA SA GROUPE LEGRAND,,,0,8124.70,2024-06-29
512000,VIR INTERNE,,,0,39600.00,2024-12-27
701000,VIREMENT RECU SAS TECHNOLOGY PLU,,,3386.74,0,2025-08-26
416000,VIR RECU EURL ARTISAN BOIS,REF492784,VIR SEPA NPY:EURL ARTISAN BOIS<br />LIB:CREANCE DOUTEUSE,745.80,0,2024-04-29
411005,VIR RECU SCI ROUSSEL ELECTRICITE,,VIR SEPA NPY:SCI ROUSSEL ELECTRICITE IBE:DE59148090265642462589 BIC:DEUTDEFF PDO:DE<br />LIB:REGLEMENT CLIENT FAC2025257,6000.00,0,2025-06-30
411001,VIR RECU SCI HENRY SECURITE,,,16117.32,0,2024-10-27
627000,PRLV SEPA BOUYGUES TELECOM,REF923624,,0,74.05,2024-10-21
411002,VIR RECU SA GARNIER TRANSPORTS,,,32493.65,0,2024-04-30
611000,PLV SEPA SAS FAURE,,PRLV SEPA NBE:SAS FAURE<br />LIB:SOUS-TRAITANCE,0,14770.45,2025-12-10
445660,PLV SEPA SAS FAURE,,PRLV SEPA NBE:SAS FAURE<br />LIB:SOUS-TRAITANCE,0,2954.09,2025-12-10
707000,VIREMENT RECU SAS DIGITAL SERVIC,,,13593.91,0,2024-03-30
421000,VIR SEPA SALAIRE SEPTEMBRE,,,0,2012.74,2025-09-29
512000,FRAIS BANCAIRES,REF969885,FRAIS BANCAIRES<br />LIB:FRAIS DE GESTION AOUT,0,22.81,2025-08-27
408000,FACTURE NON PARVENUE SAS LAMBERT,,,0,2763.65,2024-11-01
512000,VIREMENT RECU SARL PETIT,REF483474,,17799.18,0,2024-04-22
401001,PRLV SEPA EURL GAUTHIER LOGISTIQ,,,0,2157.21,2024-09-30
651000,VIR SEPA SARL BONNET,,,0,2016.68,2024-08-30
445660,VIR SEPA SARL BONNET,,,0,403.34,2024-08-30
625100,CARTE MAIF,,CB MAIF<br />LIB:DEPLACEMENT MISSION,0,568.90,2025-09-09
445660,CARTE MAIF,,CB MAIF<br />LIB:DEPLACEMENT MISSION,0,113.78,2025-09-09
514000,REMISE CHEQUE,,,3965.30,0,2024-07-26
706000,VIR RECU SA GROUPE LEGRAND,,VIR SEPA NPY:SA GROUPE LEGRAND<br />LIB:HONORAIRES SEPTEMBRE,2262.71,0,2025-09-30
621000,PRLV SEPA SAS DUPONT,,,0,2075.61,2024-09-08
445660,PRLV SEPA SAS DUPONT,,,0,415.12,2024-09-08
606100,PRELEVEMEN SEPA SA FOURNIER,,,0,98.47,2024-01-16
445660,PRELEVEMEN SEPA SA FOURNIER,,,0,19.70,2024-01-16
471000,OPEATION ATTENTE,,LIB:OPERATION EN ATTENTE REF:FR70051158,0,5000.00,2024-11-28
704000,VIREMENT RECU SAS ECO ENERGIE,,VIR SEPA NPY:SAS ECO ENERGIE<br />LIB:TRAVAUX FAC2024734,39892.30,0,2025-03-27
411003,VIR RECU SARL GIRARD BTP,,VIR SEPA NPY:SARL GIRARD BTP IBE:FR6565717087582511379734835 BIC:AGRIFRPP PDO:FR<br />LIB:REGLEMENT CLIENT FAC2024025,25756.27,0,2024-08-29
411004,VIR RECU SA NOEL IMPRIMERIE,,,47140.23,0,2024-01-30
708000,VIR RECU SAS TECHNOLOGY PLUS,REF766951,,1578.69,0,2025-03-18
411001,VIR RECU SCI HENRY SECURITE,,VIR SEPA NPY:SCI HENRY SECURITE IBE:DE79571492966369656769 BIC:DEUTDEFF PDO:DE<br />LIB:REGLEMENT CLIENT FAC2024930,14991.57,0,2024-03-29
403000,VIR SEPA SCI ROUX,,,0,21136.38,2024-06-26
635000,PRLV SEPA DGFIP,,,0,425.78,2025-10-20
467000,VIR SEPA SAS DUVAL,,,0,2533.03,2024-05-04
602000,CB SA LEFEVRE,,,0,10916.67,2024-02-25
445660,CB SA LEFEVRE,,,0,2183.33,2024-02-25
404000,VIREMENT SEPA SAS FAURE,,VIR SEPA NPY:SAS FAURE<br />LIB:ACHAT IMMOBILISATION,0,38500.00,2025-04-16
713000,VIR RECU SAS TECHNOLOGY PLUS,,,9992.45,0,2024-10-21
626000,PRLV SEPA LA POSTE,,,0,109.19,2025-02-28
626000,PRLV SEPA LA POSTE,,,0,26.94,2024-07-08
641000,VIR SEPA SALAIRE FEVRIER,,VIR SEPA<br />LIB:REMUNERATION FEVRIER,0,3547.10,2025-02-27
641000,VIR SEPA SALAIRE OCTOBRE,,,0,1800.00,2024-10-31
615000,PRELEVEMENT SEPA SAS GIRARD,REF258356,,0,2352.48,2024-11-03
445660,PRELEVEMENT SEPA SAS GIRARD,REF258356,,0,470.50,2024-11-03
401002,VIR SEPA SARL FOURNIER BTP,,VIR SEPA REF:FR13226103 NPY:SARL FOURNIER BTP<br />LIB:ACOMPTE FOURNISSEUR,0,7000.00,2025-05-29
601100,CB MIF,,,0,416.67,2025-06-22
445660,CB MIF,,,0,83.33,2025-06-22
631000,PRL SEPA DGFIP,,,0,875.39,2025-07-24
701000,VIR RECU SAS TECHNOLOGY PLUS,,,27490.00,0,2025-07-29
626000,PRELEVEMENT SEPA LA POSTE,,PRLV SEPA NBE:LA POSTE<br />LIB:AFFRANCHISSEMENT,0,52.19,2024-11-30
261000,VIR SEPA SAS LAMBERT,,,0,75031.46,2024-10-30
706000,VIR RECU SA INDUSTRIE NORD,,,3326.47,0,2025-03-15
404000,VIR SEPA SAS FAURE,REF152622,,0,42632.30,2025-08-08
641000,VIREMENT SEPA SALAIRE OCTOBRE,REF793715,,0,4280.46,2024-10-31
437000,PRELEVEMENT SEPA POLE EMPLOI,,,0,757.07,2024-02-07
401001,VIR EURL GAUTHIER LOGISTIQUE,,VIR SEPA REF:FR20958287 NPY:EURL GAUTHIER LOGISTIQUE<br />LIB:FACTURE FOURNISSEUR FAC2024870 LC2:ECHEANCE DECEMBRE,0,6803.48,2025-12-19
601100,PAIEMENT CB SA GROUPE LEGRAND,REF167603,,0,1385.23,2025-08-29
445660,PAIEMENT CB SA GROUPE LEGRAND,REF167603,,0,277.05,2025-08-29
606100,PRELEVEMENT SEPA SAS MOREAU,,,0,416.67,2025-05-10
445660,PRELEVEMENT SEPA SAS MOREAU,,,0,83.33,2025-05-10
614000,PRLV SEPA SARL PETIT,REF119010,,0,1500.00,2024-06-30
445660,PRLV SEPA SARL PETIT,REF119010,,0,300.00,2024-06-30
445510,VIR SEPA DGFIP TVA,,,0,9696.06,2024-10-19
658000,VIR SEPA SAS LAURENT,,,0,1921.51,2025-06-25
512000,VIR RECU SARL SIMON,,,1212.69,0,2024-01-26
626000,PRELEVEMENT SEPA EURL BERNARD,,,0,100.00,2024-06-11
606100,CB SAS MOREAU,REF448599,,0,190.79,2025-06-15
445660,CB SAS MOREAU,REF448599,,0,38.16,2025-06-15
403000,VIREMENT SEPA SCI ROUX,,,0,17459.40,2025-12-27
511500,ENCAISSEMENT CB,,,1698.42,0,2025-03-26
627000,ENCAISSEMENT CB,,,0,16.98,2025-03-26
628000,CB SCI ROUX,,,0,79.99,2024-06-29
606100,PRLVT SEPA SAS MORAU,,,0,666.67,2025-11-05
445660,PRLVT SEPA SAS MORAU,,,0,133.33,2025-11-05
401007,PRELEVEMENT SEPA SAS MASSON CONS,,PRLV SEPA CPY:FR91878594 NBE:SAS MASSON CONSEIL<br />LIB:FACTURE FAC2025853,0,3683.01,2024-10-29
411001,VIREMENT RECU CI HENRY SECURITE,,VIR SEPA NPY:SCI HENRY SECURITE IBE:DE79571492966369656769 BIC:DEUTDEFF PDO:DE RCN:FAC2025940<br />LIB:REGLEMENT FACTURE FAC2025940,29873.70,0,2025-09-15
706000,VIR RECU SA GROUPE LEGRAND,,VIR SEPA NPY:SA GROUPE LEGRAND<br />LIB:HONORAIRES AVRIL,4446.96,0,2025-04-27
512000,FRAIS BANCAIRES,REF464488,FRAIS BANCAIRES<br />LIB:FRAIS DE GESTION FEVRIER,0,200.00,2025-02-28
707000,VIREMENT RECU SARL MODE TEXTILE,,,9752.38,0,2024-01-21
614000,PRLV SEPA SARL PETIT,,,0,1120.03,2025-09-26
445660,PRLV SEPA SARL PETIT,,,0,224.01,2025-09-26
606100,PRELEVEMENT SEPA MACIF,REF534714,,0,563.29,2024-10-25
445660,PRELEVEMENT SEPA MACIF,REF534714,,0,112.66,2024-10-25
641000,VIR SPA SALAIRE AOUT,,VIR SEPA<br />LIB:REMUNERATION AOUT,0,3625.02,2024-08-30
512000,FRAIS BANCAIRES,,,0,182.37,2024-08-25
614000,PRLV SEPA SARL PETIT,,,0,184.27,2024-10-26
445660,PRLV SEPA SARL PETIT,,,0,36.85,2024-10-26
512000,VIR RECU SARL ETIT,,,29581.72,0,2024-05-02
741000,VIR RECU SUBVENTION,,,48635.04,0,2025-09-24
401001,VIR SEPA EURL GAUTHIER LOGISTIQU,,VIR SEPA REF:FR80359304 NPY:EURL GAUTHIER LOGISTIQUE<br />LIB:FACTURE FOURNISSEUR FAC2024864 LC2:ECHEANCE FEVRIER,0,7523.72,2024-02-29
612000,PRLV SEPA SARL PETIT,,,0,1875.00,2025-12-13
445660,PRLV SEPA SARL PETIT,,,0,375.00,2025-12-13
775000,VIREMENT RECU SA GROUPE ALIMENTA,,VIR SEPA NPY:SA GROUPE ALIMENTAIRE<br />LIB:CESSION VEHICULE,18556.03,0,2024-10-26
601100,CARTE SARL MARTIN,,,0,1026.86,2024-11-17
445660,CARTE SARL MARTIN,,,0,205.37,2024-11-17
641000,VIR SEPA SALAIRE MARS,,,0,4500.00,2025-03-31
606100,CB MACIF,,CB MACIF<br />LIB:FOURNITURES NON STOCKABLES,0,416.67,2025-12-25
445660,CB MACIF,,CB MACIF<br />LIB:FOURNITURES NON STOCKABLES,0,83.33,2025-12-25
218000,CB SAS FAURE,,CB SAS FAURE<br />LIB:ACHAT MATERIEL,0,5159.81,2024-06-30
445620,CB SAS FAURE,,CB SAS FAURE<br />LIB:ACHAT MATERIEL,0,1031.96,2024-06-30
205000,VIR SEPA SARL ANDRE,,VIR SEPA NPY:SARL ANDRE<br />LIB:LOGICIEL FAC2024583,0,10460.00,2024-02-29
512100,VIR INTERNE,,,0,81000.00,2025-05-14
613200,PRLVT SEPA EURL BERNARD,,PRLV SEPA NBE:EURL BERNARD<br />LIB:LOYER MAI 2024,0,3859.10,2024-05-03
445660,PRLVT SEPA EURL BERNARD,,PRLV SEPA NBE:EURL BERNARD<br />LIB:LOYER MAI 2024,0,771.82,2024-05-03
708000,VIR RECU SARL TRANSPORT EXPRESS,,,846.34,0,2025-08-02
645000,PRLV SEPA URSSAF,REF688369,,0,17940.17,2025-08-12
613200,PRELEVEMENT SEPA EURL BERNARD,,,0,799.49,2024-07-04
445660,PRELEVEMENT SEPA EURL BERNARD,,,0,159.90,2024-07-04
411001,VIR RECU SCI HENRY SECURITE,,VIR SEPA NPY:SCI HENRY SECURITE IBE:DE79571492966369656769 BIC:DEUTDEFF PDO:DE<br />LIB:REGLEMENT CLIENT FAC2024809,20894.27,0,2024-08-07
706000,VIREMENT RECU SA GROUPE ALIMENTA,,VIR SEPA NPY:SA GROUPE ALIMENTAIRE<br />LIB:PRESTATIONS SERVICES FAC2025741,13000.00,0,2024-03-28
601100,CB SA GROUPE LEGRAND,REF999908,,0,1790.62,2024-10-25
445660,CB SA GROUPE LEGRAND,REF999908,,0,358.13,2024-10-25
741000,VIR RECU SUBVENTION,,,45400.00,0,2024-08-12
649000,IR RECU CPAM,,VIR SEPA NPY:CPAM<br />LIB:INDEMNITES JOURNALIERES JUIN,147.44,0,2025-06-29
641000,VIR SEPA SALAIRE SEPTEMBRE,,,0,3232.63,2024-09-29
601100,PRLV SEPA MAIF,,PRLV SEPA NBE:MAIF<br />LIB:COMMANDE FAC2025989,0,3935.00,2024-10-01
445660,PRLV SEPA MAIF,,PRLV SEPA NBE:MAIF<br />LIB:COMMANDE FAC2025989,0,787.00,2024-10-01
275000,VIR SEPA SA GROUPE LEGRAND,,VIR SEPA NPY:SA GROUPE LEGRAND<br />LIB:DEPOT GARANTIE,0,7404.69,2024-05-30
658000,VIREMENT SEPA SAS MOREAU,,,0,288.44,2025-06-26
641000,VIR SALAIRE MARS,,,0,3036.99,2025-03-26
411001,VIREMENT RECU SCI HENRY SECURITE,,,36418.52,0,2025-06-20
512000,VIR RECU SARL GAUTIER,,,3841.85,0,2024-10-07
401001,VIREMENT SEPA EURL GAUTHIER LOGI,,,0,11800.00,2025-02-28
411002,VIREMENT RECU SA GARNIER TRANSPO,,,16100.00,0,2025-07-11
641000,VIR SEPA SALAIRE OCTOBRE,,,0,1730.00,2025-10-28
601100,CARTE SA GROUPE LEGRAND,,CB SA GROUPE LEGRAND FACT:FAC2024202<br />LIB:ACHAT FOURNITURES,0,818.82,2025-01-30
445660,CARTE SA GROUPE LEGRAND,,CB SA GROUPE LEGRAND FACT:FAC2024202<br />LIB:ACHAT FOURNITURES,0,163.76,2025-01-30
401007,VIR SEPA SAS MASSON CONSEIL,,,0,8641.60,2025-10-01
613200,PRLV SEPA EURL MERCIER,,,0,3980.88,2024-11-02
445660,PRLV SEPA EURL MERCIER,,,0,796.18,2024-11-02
401007,VIR SAS MASSON CONSEIL,,,0,20500.00,2025-04-25
625100,CB EURL BERNARD,,,0,682.70,2025-12-23
445660,CB EURL BERNARD,,,0,136.54,2025-12-23
613200,PRLVT SEPA EURL MERCIER,,,0,3201.52,2024-11-01
445660,PRLVT SEPA EURL MERCIER,,,0,640.30,2024-11-01
411001,VIR RECU SCI HENRY SECURITE,,VIR SEPA NPY:SCI HENRY SECURITE IBE:DE79571492966369656769 BIC:DEUTDEFF PDO:DE RCN:FAC2025340<br />LIB:REGLEMENT FACTURE FAC2025340,12900.04,0,2024-02-29
601100,PRLV SEPA EDF,,PRLV SEPA NBE:EDF<br />LIB:COMMANDE FAC2024174,0,3487.31,2024-06-18
445660,PRLV SEPA EDF,,PRLV SEPA NBE:EDF<br />LIB:COMMANDE FAC2024174,0,697.46,2024-06-18
641100,VIR SEPA SALAIRE SEPTEMBRE,,,0,1732.48,2024-09-29
445510,VIR SEPA DGFIP TVA,,VIR SEPA NPY:DGFIP<br />LIB:TVA A DECAISSER T1 2024,0,3060.00,2024-01-22
613200,PRLVT SEPA SARL BONNET,,,0,3695.27,2025-01-03
445660,PRLVT SEPA SARL BONNET,,,0,739.05,2025-01-03
401007,PRLVT SEPA SAS MASSON CONSEIL,,PRLV SEPA NBE:SAS MASSON CONSEIL<br />LIB:REGLEMENT ACHAT,0,2335.31,2024-03-01
613200,PRLVT SEPA SARL BONNET,,PRLV SEPA NBE:SARL BONNET<br />LIB:LOYER AVRIL 2025,0,1257.08,2025-04-03
445660,PRLVT SEPA SARL BONNET,,PRLV SEPA NBE:SARL BONNET<br />LIB:LOYER AVRIL 2025,0,251.42,2025-04-03
641000,VIR SALAIRE MARS,,,0,4150.00,2025-03-28
401009,PRLV SEPA EURL MERCIER IMMOBILIE,REF110003,,0,4700.00,2025-02-27
606100,CARTE MACIF,,CB MACIF<br />LIB:FOURNITURES NON STOCKABLES,0,246.27,2025-01-25
445660,CARTE MACIF,,CB MACIF<br />LIB:FOURNITURES NON STOCKABLES,0,49.26,2025-01-25
411001,VIR RECU SCI HENRY SECURITE,,,6350.00,0,2025-10-03
641100,VIREMENT SEPA SALAIRE MAI,,VIR SEPA<br />LIB:CONGES PAYES MAI 2025,0,1700.00,2025-05-29
401008,PRLV SEPA SAS BLANC SECURITE,,,0,3660.18,2025-09-11
411001,VIR RECU SCI HENRY SECURITE,,,28440.59,0,2024-04-11
419000,VIR RECU SA AERO COMPOSANTS,,,18712.94,0,2025-03-31
401004,PRELEVEMENT SEPA SAS GARCIA INDU,,PRLV SEPA CPY:FR56767556 NBE:SAS GARCIA INDUSTRIE<br />LIB:FACTURE FAC2025893,0,6820.05,2024-01-20
437000,PRLV SEPA POLE EMPLOI,,PRLV SEPA NBE:FRANCE TRAVAIL<br />LIB:COTISATIONS CHOMAGE T1,0,1986.24,2024-01-08
625100,PAIEMENT CB MAIF,,CB MAIF<br />LIB:DEPLACEMENT MISSION,0,369.14,2025-11-24
445660,PAIEMENT CB MAIF,,CB MAIF<br />LIB:DEPLACEMENT MISSION,0,73.83,2025-11-24
401001,PRLV SEPA EURL GAUTHIER LOGISTIQ,,PRLV SEPA CPY:FR49160578 RUM:FR49160578 NBE:EURL GAUTHIER LOGISTIQUE<br />LIB:REGLEMENT FACTURE,0,13000.00,2024-01-26
401001,PRLV SEPA EURL GAUTHIER LOGISTIQ,,,0,6000.00,2024-05-09
401001,VIR SEPA EURL GAUTHIER LOGISTIQU,,,0,11511.73,2025-07-27
621000,PRLV SEPA SAS DUPONT,,,0,7910.67,2024-05-22
445660,PRLV SEPA SAS DUPONT,,,0,1582.14,2024-05-22
641100,VIR SALAIRE JANVIER,,,0,4441.44,2025-01-28
618000,CARTE SCI ROUX,REF637756,,0,405.51,2024-07-28
445660,CARTE SCI ROUX,REF637756,,0,81.10,2024-07-28
411006,VIREMENT RECU SARL LEFEVRE CONSE,,VIR SEPA NPY:SARL LEFEVRE CONSEIL IBE:FR9254472416792007230350052 BIC:BNPAFRPP PDO:FR<br />LIB:REGLEMENT CLIENT FAC2024077,14000.00,0,2024-09-25
624000,CARTE SAS LAURENT,,CB SAS LAURENT<br />LIB:TRANSPORT LIVRAISON,0,135.07,2025-05-09
445660,CARTE SAS LAURENT,,CB SAS LAURENT<br />LIB:TRANSPORT LIVRAISON,0,27.02,2025-05-09
411001,VIREMENT RECU SCI HENRY SECURITE,,,4915.39,0,2025-12-03
645100,PRELEVEMENT SEPA MUTUELLE,,,0,665.24,2025-12-16
645100,PRELEVEMENT SEPA MUTUELLE,,,0,1449.15,2025-09-07
645000,PRLV SEPA URSSAF,REF847892,PRLV SEPA NBE:URSSAF<br />LIB:COTISATIONS PATRONALES T2 2025,0,17569.97,2025-04-13
164000,PRLV SEPA ECHEANCE EMPRUNT,,,0,6956.32,2024-09-27
661100,PRLV SEPA ECHEANCE EMPRUNT,,,0,1565.17,2024-09-27
616000,PRLV SEPA ECHEANCE EMPRUNT,,,0,173.91,2024-09-27
205000,VIR SEPA SARL ANDRE,,,0,16000.00,2024-11-30
635000,PRLVT SEPA DGFIP,,,0,4755.32,2025-12-11
708000,VIR RECU SARL MODE TEXTILE,,,2591.40,0,2025-12-26
411006,VIREMEN RECU SARL LEFEVRE CONSEI,,,13900.01,0,2025-09-27
641000,VIREMENT SEPA SALAIRE MAI,,,0,2139.04,2025-05-30
471000,OPERATION ATTENTE,,,0,1000.00,2024-07-30
616000,PRELEVEMENT SEPA ALLIANZ,,,0,2374.27,2024-06-10
614000,PRLV SEPA SARL PETIT,,,0,561.62,2025-03-04
445660,PRLV SEPA SARL PETIT,,,0,112.32,2025-03-04
601100,CB SA GROUPE LEGRAND,,,0,833.33,2024-06-21
445660,CB SA GROUPE LEGRAND,,,0,166.67,2024-06-21
411004,VIR RECU SA NOEL IMPRIMERIE,,VIR SEPA NPY:SA NOEL IMPRIMERIE IBE:FR8129201921818324290922311 BIC:SOGEFRPP PDO:FR<br />LIB:REGLEMENT CLIENT FAC2024479,6335.68,0,2024-09-02
401001,VIR SEPA EURL GAUTHIER LOGISTIQU,,,0,8125.99,2025-01-27
467000,VIREMENT SEPA SAS DUPONT,,,0,2500.00,2025-03-30
211000,VIR SEPA SARL GAUTIER,,,0,103900.00,2025-04-13
401002,PRLV SEPA SARL FOURNIER BTP,,,0,5000.00,2025-04-30
408000,FACTURE NON PARVENUE SARL SIMON,,,0,3500.00,2024-04-29
623000,CARTE EURL BERNARD,,,0,3278.50,2024-01-24
445660,CARTE EURL BERNARD,,,0,655.70,2024-01-24
613200,PRLV SEPA EURL BERNARD,,,0,615.92,2024-01-04
445660,PRLV SEPA EURL BERNARD,,,0,123.19,2024-01-04
645000,PRLV SEPA URSSAF,,PRLV SEPA NBE:URSSAF<br />LIB:COTISATIONS PATRONALES T2 2025,0,19307.94,2025-05-10
411001,VIR RECU SCI HENRY SECURITE,,,1348.94,0,2025-08-26
645000,PRELEVEMENT SEPA URSSAF,,PRLV SEPA NBE:URSSAF<br />LIB:COTISATIONS PATRONALES T4 2025,0,14919.76,2025-10-08
511500,ENCAISSEMENT CB,,REMISE CB DU 270924<br />LIB:ENCAISSEMENT CARTE,2990.84,0,2024-09-27
627000,ENCAISSEMENT CB,,REMISE CB DU 270924<br />LIB:ENCAISSEMENT CARTE,0,29.91,2024-09-27
708000,VIR RECU SARL COMMERCE DU SUD,,,4500.00,0,2024-10-30
411003,VIREMENT RECU SARL GIRARD BTP,,,1973.07,0,2024-08-05
645000,PRLVT SEPA URSSAF,,,0,18400.00,2024-06-12
611000,RLV SEPA SARL BONNET,,,0,11666.67,2025-11-30
445660,RLV SEPA SARL BONNET,,,0,2333.33,2025-11-30
645100,PRLV SEPA MUTUELLE,REF755664,PRLV SEPA NBE:MUTUELLE<br />LIB:PREVOYANCE SANTE JANVIER,0,1336.29,2024-01-14
401001,VIR EURL GAUTHIER LOGISTIQUE,,VIR SEPA REF:FR36603891 NPY:EURL GAUTHIER LOGISTIQUE<br />LIB:ACOMPTE FOURNISSEUR,0,12209.19,2025-06-30
626100,PRELEVEMENT SEPA SAS DUVAL,,,0,166.67,2025-12-09
445660,PRELEVEMENT SEPA SAS DUVAL,,,0,33.33,2025-12-09
401003,VIR SEPA SARL GIRARD SECURITE,,,0,15516.70,2025-04-12
411006,VIR RECU SARL LEFEVRE CONSEIL,,VIR SEPA NPY:SARL LEFEVRE CONSEIL IBE:FR9254472416792007230350052 BIC:BNPAFRPP PDO:FR<br />LIB:REGLEMENT CLIENT FAC2024663,12417.54,0,2025-12-30
658000,VIREMENT SEPA SAS MOREAU,,,0,1729.19,2025-03-10
164000,PRLV SEPA ECHEANCE EMPRUNT,,PRLV SEPA<br />LIB:ECHEANCE EMPRUNT FR98170240,0,7698.61,2024-02-16
661100,PRLV SEPA ECHEANCE EMPRUNT,,PRLV SEPA<br />LIB:ECHEANCE EMPRUNT FR98170240,0,1732.19,2024-02-16
616000,PRLV SEPA ECHEANCE EMPRUNT,,PRLV SEPA<br />LIB:ECHEANCE EMPRUNT FR98170240,0,192.47,2024-02-16
411005,VIR RECU SCI ROUSSEL ELECTRICITE,,,33950.00,0,2024-11-24
403000,VIREMENT SEPA SA GROUPE LEGRAND,REF218616,VIR SEPA NPY:SA GROUPE LEGRAND<br />LIB:EFFETS A PAYER,0,6754.00,2025-12-02
633000,PRELEVEMENT SEPA DGFIP,,PRLV SEPA NBE:DGFIP<br />LIB:CONTRIBUTION ECONOMIQUE TERRITORIALE,0,7151.77,2024-06-08
626100,PRLV SEPA SA FOURNIER,,,0,161.22,2024-08-27
445660,PRLV SEPA SA FOURNIER,,,0,32.24,2024-08-27
401001,VIREMENT SEPA EURL GAUTHIER LOGI,,,0,11648.21,2024-06-30
626000,PRELEVEMEN SEPA LA POSTE,,,0,147.81,2025-03-19
411007,VIR RECU SARL GARCIA DISTRIBUTIO,,,31026.13,0,2025-01-29
411008,VIREMENT RECU SCI PETIT ELECTRIC,,VIR SEPA NPY:SCI PETIT ELECTRICITE IBE:FR3379857962349216244198983 BIC:AGRIFRPP PDO:FR<br />LIB:REGLEMENT CLIENT FAC2024282,26922.55,0,2025-03-15
645000,PRLVT SEPA URSSAF,,,0,12690.00,2024-08-07
411002,VIR RECU SA GARNIER TRANSPORTS,REF391752,,29200.00,0,2024-11-29
164000,PRELEVEMENT SEPA ECHEANCE EMPRUN,,PRLV SEPA<br />LIB:ECHEANCE EMPRUNT FR50364739,0,1400.00,2024-01-25
661100,PRELEVEMENT SEPA ECHEANCE EMPRUN,,PRLV SEPA<br />LIB:ECHEANCE EMPRUNT FR50364739,0,315.00,2024-01-25
616000,PRELEVEMENT SEPA ECHEANCE EMPRUN,,PRLV SEPA<br />LIB:ECHEANCE EMPRUNT FR50364739,0,35.00,2024-01-25
601100,CB SA GROUPE LEGRAND,,,0,1633.33,2025-09-08
445660,CB SA GROUPE LEGRAND,,,0,326.67,2025-09-08
401002,VIR SEPA SARL FOURNIER BTP,,,0,10152.80,2024-02-29
467000,VIR SEPA SAS DUVAL,,VIR SEPA NPY:SAS DUVAL<br />LIB:COMPTE TRANSITOIRE,0,4000.00,2025-08-29
741000,VIREMENT RECU SUBVENTION,,,14000.00,0,2025-06-30
512100,VIR INTERNE,,VIR INTERNE REF:FR40054151<br />LIB:VIREMENT ENTRE COMPTES,0,95020.26,2024-08-29
401003,PRLVT SEPA SARL GIRARD SECURITE,REF290150,,0,710.40,2025-12-17
512000,VIR INTERNE,,,0,14272.34,2024-09-29
645000,PRLVT SEPA URSSAF,,,0,10286.66,2025-10-14
431000,PRLVT SEPA URSSAF,,,0,24795.97,2025-09-10
401004,VIR SEPA SAS GARCIA INDUSTRIE,,,0,12500.00,2024-04-25
431000,PRLVT SEPA URSSAF,,,0,14486.05,2025-10-14
467000,VIR SEPA SAS FAURE,,VIR SEPA NPY:SAS FAURE<br />LIB:COMPTE TRANSITOIRE,0,660.00,2025-01-31
404000,VIR SEPA ARL ANDRE,,,0,15790.77,2025-01-27
512100,VIR INTERNE,,,0,98106.55,2025-02-01
601100,PRLV SEPA EURL MERCIER,,,0,5125.00,2024-10-26
445660,PRLV SEPA EURL MERCIER,,,0,1025.00,2024-10-26
411001,VIR RECU SCI HENRY SECURITE,REF236478,,44329.17,0,2024-07-28
419000,VIREMENT RECU SAS DIGITAL SERVIC,,,13600.00,0,2025-08-26
512000,VIR INTERNE,REF843527,,0,12407.63,2024-09-29
628000,CB SFR,REF108422,,0,33.28,2025-03-27
701000,VIREMENT RECU SAS TECHNOLOGY PLU,,,3119.18,0,2024-04-08
612000,PRLV SEPA SA PICARD,,,0,650.00,2024-06-19
445660,PRLV SEPA SA PICARD,,,0,130.00,2024-06-19
604000,CARTEORANGE SA,,,0,1818.99,2024-05-26
445660,CARTEORANGE SA,,,0,363.80,2024-05-26
411005,VIR RECU SCI ROUSSEL ELECTRICITE,,,39448.40,0,2025-03-29
701000,VIR RECU SAS TECHNOLOGY PLUS,,,26623.65,0,2025-07-19
604000,PAIEMENT CB GOOGLE CLOUD,,CB GOOGLE CLOUD<br />LIB:ACHAT ETUDES PRESTATIONS,0,1008.33,2025-02-28
445660,PAIEMENT CB GOOGLE CLOUD,,CB GOOGLE CLOUD<br />LIB:ACHAT ETUDES PRESTATIONS,0,201.67,2025-02-28
631000,PRELEVEMENT SEPA DGFIP,,,0,1746.73,2024-08-30
512000,VIR RECU SAS FAURE,,VIR SEPA NPY:SAS FAURE<br />LIB:VIREMENT RECU,20717.46,0,2025-07-26
757000,VIR RECU SAS CONSEIL RH,,,4138.25,0,2025-04-28
625200,CB SAS FAURE,,,0,128.37,2024-11-05
445660,CB SAS FAURE,,,0,25.68,2024-11-05
411002,VIREMENT RECU SA GARNIER TRANSPO,,,34000.00,0,2024-03-24
641000,VIR SALAIRE MARS,,,0,3000.00,2025-03-28
791000,VIR RECU CPAM,,VIR SEPA NPY:CPAM<br />LIB:INDEMNITES JOURNALIERES NOVEMBRE,2228.18,0,2024-11-23
401005,VIREMENT SEPA SCI GUERIN IMPRIME,REF848284,,0,18300.00,2025-09-28
741000,VIR RECU SUBVENTION,REF777942,VIR SEPA NPY:SA GROUPE ALIMENTAIRE<br />LIB:SUBVENTION EXPLOITATION 2025,49167.22,0,2025-10-19
626100,PRLVT SEPA SA LEFEVRE,,,0,15.76,2024-02-19
445660,PRLVT SEPA SA LEFEVRE,,,0,3.15,2024-02-19
613200,PRLVT SEPA EURL MERCIER,,,0,1882.50,2025-11-04
445660,PRLVT SEPA EURL MERCIER,,,0,376.50,2025-11-04
401001,VIR SEPA EURL GAUTHIER LOGISTIQU,,,0,10710.60,2024-11-29
641000,VIR SALAIRE MARS,,VIR SEPA<br />LIB:REMUNERATION MARS,0,3200.00,2024-03-31
706000,VIR RECU EURL DESIGN STUDIO,,,9293.54,0,2025-06-30
512000,FRAIS BANCAIRES,,FRAIS BANCAIRES<br />LIB:FRAIS DE GESTION DECEMBRE,0,79.90,2025-12-25
623000,CARTE SARL GAUTIER,,,0,2113.46,2024-08-12
445660,CARTE SARL GAUTIER,,,0,422.69,2024-08-12
612000,PRLV SEPA SA PICARD,,PRLV SEPA NBE:SA PICARD<br />LIB:CREDIT-BAIL,0,1375.00,2025-09-11
445660,PRLV SEPA SA PICARD,,PRLV SEPA NBE:SA PICARD<br />LIB:CREDIT-BAIL,0,275.00,2025-09-11
707000,VIR RECU SAS DIGITAL SERVICES,REF673356,,14142.71,0,2025-05-02
512000,RAIS BANCAIRES,REF212904,,0,73.99,2025-09-17
621000,PRLV SEPA SAS DUPONT,,,0,618.88,2024-03-30
445660,PRLV SEPA SAS DUPONT,,,0,123.78,2024-03-30
625200,CB SAS MOREAU,REF979115,CB SAS MOREAU<br />LIB:FRAIS HEBERGEMENT,0,81.53,2025-12-23
445660,CB SAS MOREAU,REF979115,CB SAS MOREAU<br />LIB:FRAIS HEBERGEMENT,0,16.31,2025-12-23
530000,RETRAIT CAISSE,REF765047,,0,238.77,2025-10-31
641000,VIR SEPA SALAIRE MARS,,,0,1800.00,2024-03-25
530000,RETRAIT CAISSE,,,0,200.00,2025-04-08
621000,PRLV SEPA SARL BONNET,,,0,5202.40,2025-10-06
445660,PRLV SEPA SARL BONNET,,,0,1040.48,2025-10-06
637000,PRLV SEPA DGFIP,,,0,2217.44,2024-06-26
512000,REMISE CHEQUE,,REMISE CHQ N 956397,5817.14,0,2025-10-06
411002,VIR RECU SA GARNIER TRANSPORTS,,VIR SEPA NPY:SA GARNIER TRANSPORTS IBE:BE48861929000308 BIC:GEBABEBB PDO:BE RCN:FAC2025670<br />LIB:REGLEMENT FACTURE FAC2025670,7880.37,0,2024-10-28
411003,VIREMENT RECU SARL GIRARD BTP,REF259988,,2436.78,0,2024-03-12
601100,PRLV SEPA ALLIANZ,,,0,2905.97,2024-01-31
445660,PRLV SEPA ALLIANZ,,,0,581.19,2024-01-31
512000,FRAIS BANCAIRES,,,0,95.51,2024-02-27
641100,VIR SEPA SALAIRE AVRIL,,,0,2640.54,2024-04-25
401002,PRLV SEPA SARL FOURNIER BTP,,,0,2457.22,2025-12-27
421000,VIR SALAIRE JANVIER,,,0,2775.54,2024-01-26
211000,VIREMENT SEPA SARL ANDRE,,,0,76218.93,2025-08-26
511500,ENCAISSEMENT CB,,,2086.47,0,2025-04-25
627000,ENCAISSEMENT CB,,,0,20.86,2025-04-25
411007,VIR RECU SARL GARCIA DISTRIBUTIO,,VIR SEPA NPY:SARL GARCIA DISTRIBUTION IBE:FR6177233592743758002949141 BIC:CCBPFRPP PDO:FR RCN:FAC2025522<br />LIB:REGLEMENT FACTURE FAC2025522,44500.00,0,2024-10-20
627000,PRELEVEMENT SEPA OVH SAS,,PRLV SEPA NBE:OVH SAS<br />LIB:HEBERGEMENT SERVEUR,0,271.57,2025-10-15
625100,CB EURL BERNARD,REF853507,CB EURL BERNARD<br />LIB:DEPLACEMENT MISSION,0,340.62,2024-10-31
445660,CB EURL BERNARD,REF853507,CB EURL BERNARD<br />LIB:DEPLACEMENT MISSION,0,68.13,2024-10-31
613200,PRLV SEPA URL BERNARD,,,0,992.73,2025-03-03
445660,PRLV SEPA URL BERNARD,,,0,198.55,2025-03-03
635000,PRLV SEPA DGFIP,REF186809,PRLV SEPA NBE:DGFIP<br />LIB:AUTRES IMPOTS 2025,0,3557.91,2025-02-28
401009,PRELEVEMENT SEPA EURL MERCIER IM,,,0,7371.58,2025-11-06
404000,VIR SEPA SAS FAURE,,,0,47248.47,2024-04-25
641000,VIREMENT SEPA SALAIRE AOUT,,,0,1300.00,2024-08-25
401003,VIR SARL GIRARD SECURITE,,,0,8404.53,2025-02-28
431000,PRELEVEMENT SEPA URSSAF,,,0,3506.50,2024-09-15
408000,FACTURE NON PARVENUE SAS GIRARD,,,0,2021.18,2024-01-05
437000,PRLV SEPA POLE EMPLOI,,PRLV SEPA NBE:FRANCE TRAVAIL<br />LIB:COTISATIONS CHOMAGE T4,0,7759.85,2025-12-12
623000,CB SAS DUPONT,,CB SAS DUPONT<br />LIB:PUBLICITE ANNONCES,0,863.73,2024-05-24
445660,CB SAS DUPONT,,CB SAS DUPONT<br />LIB:PUBLICITE ANNONCES,0,172.75,2024-05-24
602000,CB SA FOURNIER,,CB SA FOURNIER<br />LIB:ACHAT MATIERES PREMIERES,0,2933.27,2025-01-27
445660,CB SA FOURNIER,,CB SA FOURNIER<br />LIB:ACHAT MATIERES PREMIERES,0,586.66,2025-01-27
612000,PRLV SEPA SA FOURNIER,,PRLV SEPA NBE:SA FOURNIER<br />LIB:CREDIT-BAIL,0,2804.81,2025-09-15
445660,PRLV SEPA SA FOURNIER,,PRLV SEPA NBE:SA FOURNIER<br />LIB:CREDIT-BAIL,0,560.96,2025-09-15
416000,VIR RECU EURL ARTISAN BOIS,,,6408.65,0,2025-10-30
401001,VIR SEPA EURL GAUTHIER LOGISTIQU,,VIR SEPA REF:FR24507066 NPY:EURL GAUTHIER LOGISTIQUE<br />LIB:ACOMPTE FOURNISSEUR,0,5650.00,2024-11-25
706000,VIR RECU SA INDUSTRIE NORD,,,8122.90,0,2024-10-31
411004,VIR RECU SA NOEL IMPRIMERIE,,VIR SEPA NPY:SA NOEL IMPRIMERIE IBE:FR8129201921818324290922311 BIC:SOGEFRPP PDO:FR RCN:FAC2024308<br />LIB:REGLEMENT FACTURE FAC2024308,14511.92,0,2025-11-25
706000,VIREMENT RECU EURL DESIGN STUDIO,,,8640.00,0,2025-08-14
411001,VIR RECU SCI HENRY SECURITE,,VIR SEPA NPY:SCI HENRY SECURITE IBE:DE79571492966369656769 BIC:DEUTDEFF PDO:DE RCN:FAC2025950<br />LIB:REGLEMENT FACTURE FAC2025950,29727.70,0,2024-02-29
601100,CARTE SA PICARD,,CB SA PICARD FACT:FAC2025706<br />LIB:ACHAT FOURNITURES,0,1125.00,2025-06-12
445660,CARTE SA PICARD,,CB SA PICARD FACT:FAC2025706<br />LIB:ACHAT FOURNITURES,0,225.00,2025-06-12
758000,VIREMENT RECU SA BTP CONSTRUCTIO,,,75.06,0,2024-05-13
401008,PRLV SEPA SAS BLANC SECURITE,,PRLV SEPA NBE:SAS BLANC SECURITE<br />LIB:REGLEMENT ACHAT,0,1214.86,2024-10-07
411002,VIR RECU SA GARNIER TRANSPORTS,,,16797.99,0,2024-04-27
606100,PRELEVEMENT SEPA SA FOURNIER,,,0,344.67,2025-04-16
445660,PRELEVEMENT SEPA SA FOURNIER,,,0,68.93,2025-04-16
781000,REPRISE AMORTISSEMENT,,,5150.00,0,2025-12-31
708000,VIR RECU SA INDUSTRIE NORD,,VIR SEPA NPY:SA INDUSTRIE NORD<br />LIB:PRODUITS ACTIVITES ANNEXES,1353.47,0,2025-11-27
401004,VIR SEPA SAS GARCIA INDUSTRIE,REF320356,VIR SEPA REF:FR59978859 NPY:SAS GARCIA INDUSTRIE<br />LIB:ACOMPTE FOURNISSEUR,0,18408.78,2024-09-23
741000,VIR RECU SUBVENTION,,,19622.48,0,2025-09-28
445710,VIR SEPA DGFIP TVA,,,0,10000.00,2025-07-23
512000,REMISE CHEQUE,,,15150.00,0,2024-04-29
437000,PRLV SEPA POLE EMPLOI,,,0,3737.93,2025-10-06
621000,PRLV SEPA EURL BERNARD,,,0,5134.65,2024-06-29
445660,PRLV SEPA EURL BERNARD,,,0,1026.93,2024-06-29
633000,PRLV SEPA DGFIP,,,0,6250.00,2024-12-17
635000,PRELEVEMENT SEPA DGFIP,,,0,2000.00,2025-08-28
416000,VIR RECU EURL ARTISAN BOIS,,,8960.60,0,2024-11-29
606100,CB SA FOURNIER,,,0,379.22,2025-07-10
445660,CB SA FOURNIER,,,0,75.85,2025-07-10
758000,VIR RECU SARL MODE TEXTILE,,,2025.71,0,2025-08-02
411003,VIREMENT RECU SARL GIRARD BTP,,VIR SEPA NPY:SARL GIRARD BTP IBE:FR6565717087582511379734835 BIC:AGRIFRPP PDO:FR RCN:FAC2025254<br />LIB:REGLEMENT FACTURE FAC2025254,41000.00,0,2024-07-10
401006,VIREMENT SEPA SAS ROBIN SECURITE,,,0,10846.15,2025-10-27
601100,CB MAIF,,,0,1806.92,2025-12-19
445660,CB MAIF,,,0,361.38,2025-12-19
631000,PRELEVEMENT SEPA DGFIP,,PRLV SEPA NBE:DGFIP<br />LIB:FORMATION CONTINUE 2025,0,404.34,2025-02-27
601100,CB SAS DUPONT,,,0,3193.92,2025-04-29
445660,CB SAS DUPONT,,,0,638.78,2025-04-29
704000,VIR RECU SAS CONSEIL RH,,,9665.79,0,2024-04-27
401009,PRLV SEPA EURL MERCIER IMMOBILIE,,PRLV SEPA NBE:EURL MERCIER IMMOBILIER<br />LIB:REGLEMENT ACHAT,0,2678.31,2024-01-09
511500,ENCAISSEMENT CB,REF504098,,2328.28,0,2024-04-08
627000,ENCAISSEMENT CB,REF504098,,0,23.28,2024-04-08
625100,CB SARL GAUTIER,,,0,821.19,2024-07-27
445660,CB SARL GAUTIER,,,0,164.24,2024-07-27
404000,VIREMENT SEPA SARL GAUTIER,,VIR SEPA NPY:SARL GAUTIER<br />LIB:ACHAT IMMOBILISATION,0,8530.42,2024-02-26
445510,VIREMENT SEPA DGFIP TVA,,,0,2618.11,2025-01-20
758700,VIR RECU MACIF,,,14004.26,0,2025-09-26
218000,CARTE SAS FAURE,,,0,14235.50,2025-10-25
445620,CARTE SAS FAURE,,,0,2847.10,2025-10-25
691000,VIR SEPA DGFIP IS,,VIR SEPA NPY:DGFIP<br />LIB:IMPOT SUR SOCIETES 2024,0,1226.93,2024-09-13
580000,VIR INTERNE,,VIR INTERNE<br />LIB:VIREMENT INTERNE,0,37059.68,2025-03-22
401001,PRLV SEPA EURL GAUTHIER LOGISTIQ,,PRLV SEPA CPY:FR15216833 NBE:EURL GAUTHIER LOGISTIQUE<br />LIB:FACTURE FAC2025641,0,4000.00,2025-12-09
401001,PRLV SEPA EURL GAUTHIER LOGISTIQ,,,0,7035.26,2025-07-26
401005,PRELEVEMENT SEPA SCI GUERIN IMPR,,,0,1801.66,2024-09-25
645000,PRLV SEPA URSSAF,REF108285,PRLV SEPA NBE:URSSAF<br />LIB:COTISATIONS PATRONALES T3 2024,0,12899.59,2024-07-13
704000,VIREMENT RECU SAS CONSEIL RH,,VIR SEPA NPY:SAS CONSEIL RH<br />LIB:TRAVAUX FAC2025273,1141.62,0,2024-06-04
613200,PRLV SEPA EURL BERNARD,REF443660,,0,2950.00,2025-06-02
445660,PRLV SEPA EURL BERNARD,REF443660,,0,590.00,2025-06-02
512100,VIR INTERNE,,VIR INTERNE REF:FR86664775<br />LIB:VIREMENT ENTRE COMPTES,0,27600.00,2025-09-25
512000,FRAIS BANCAIRES,,,0,139.26,2024-05-06
622000,VIR SEPA SAS LAURENT,REF607538,,0,3106.84,2025-11-26
445660,VIR SEPA SAS LAURENT,REF607538,,0,621.37,2025-11-26
641000,VIREMENT SEPA SALAIRE MARS,,,0,1300.00,2025-03-26
671000,VIREMENT SEPA SAS FAURE,,VIR SEPA NPY:SAS FAURE<br />LIB:CHARGE EXCEPTIONNELLE,0,5950.00,2024-11-29
613200,PRLV SEPA EURL MERCIER,,,0,4166.67,2024-02-02
445660,PRLV SEPA EURL MERCIER,,,0,833.33,2024-02-02
613200,PRLVT SEPA EURL BERNARD,REF347371,PRLV SEPA NBE:EURL BERNARD<br />LIB:LOYER OCTOBRE 2025,0,2322.40,2025-10-05
445660,PRLVT SEPA EURL BERNARD,REF347371,PRLV SEPA NBE:EURL BERNARD<br />LIB:LOYER OCTOBRE 2025,0,464.48,2025-10-05
401003,PRELEVEMENT SEPA SARL GIRARD SEC,,,0,2978.37,2024-06-11
602000,CB SA LEFEVRE,,,0,7408.33,2025-03-27
445660,CB SA LEFEVRE,,,0,1481.67,2025-03-27
645000,PRLV SEPA URSSAF,,PRLV SEPA NBE:URSSAF<br />LIB:COTISATIONS PATRONALES T1 2025,0,4783.03,2025-03-09
626000,PRLV SEPA SAS FAURE,,,0,255.21,2025-09-17
641000,VIR SEPA SALAIRE AOUT,,VIR SEPA<br />LIB:REMUNERATION AOUT,0,3666.97,2025-08-27
512000,VIR RECU SAS FAURE,,,5882.26,0,2025-04-24
706000,VIR RECU EURL DESIGN STUDIO,,,13731.70,0,2025-05-18
708000,VIREMENT RECU SARL MODE TEXTILE,,,1147.18,0,2025-03-30
411001,VIR RECU SCI HENRY SECURITE,,,23092.65,0,2024-02-29
615000,PRELEVEMENT SEPA AS DUPONT,,,0,2027.88,2025-06-30
445660,PRELEVEMENT SEPA AS DUPONT,,,0,405.58,2025-06-30
627000,PRLV SEPA OVH SAS,,,0,477.18,2025-11-26
411003,VIR RECU SARL GIRARD BTP,,,16258.91,0,2025-11-07
511500,ENCAISSEMENT CB,,REMISE CB DU 111225<br />LIB:ENCAISSEMENT CARTE,1031.25,0,2025-12-11
627000,ENCAISSEMENT CB,,REMISE CB DU 111225<br />LIB:ENCAISSEMENT CARTE,0,10.31,2025-12-11
411003,VIREMENT RECU SARL GIRARD BTP,,VIR SEPA NPY:SARL GIRARD BTP IBE:FR6565717087582511379734835 BIC:AGRIFRPP PDO:FR RCN:FAC2024187<br />LIB:REGLEMENT FACTURE FAC2024187,23503.26,0,2024-11-01
401001,PRLV SEPA EURL GAUTHIER LOGISTIQ,,,0,2881.49,2025-08-28
625100,CARTE MAIF,,CB MAIF<br />LIB:DEPLACEMENT MISSION,0,508.55,2025-03-01
445660,CARTE MAIF,,CB MAIF<br />LIB:DEPLACEMENT MISSION,0,101.71,2025-03-01
401006,VIR SEPA SAS ROBIN SECURITE,,,0,24203.62,2024-01-11
633000,PRLV SEPA DGFIP,,PRLV SEPA NBE:DGFIP<br />LIB:CONTRIBUTION ECONOMIQUE TERRITORIALE,0,400.71,2025-10-14
411003,VIREMENT RECU SARL GIRARD BT,REF615175,,15909.63,0,2024-07-26
623000,CB ENGIE,,,0,2396.44,2025-08-30
445660,CB ENGIE,,,0,479.29,2025-08-30
514000,REMISE CHEQUE,REF602006,,3246.69,0,2025-06-18
601100,PRLV SEPA SA GROUPE LEGRAND,,,0,4098.58,2025-12-28
445660,PRLV SEPA SA GROUPE LEGRAND,,,0,819.72,2025-12-28
401001,PRLV SEPA EURL GAUTHIER LOGISTIQ,,,0,13076.61,2024-04-29
421000,VIR SEPA SALAIRE DECEMBRE,REF662583,,0,3911.46,2025-12-29
706000,VIR RECU SA GROUPE LEGRAND,REF434834,VIR SEPA NPY:SA GROUPE LEGRAND<br />LIB:PRESTATIONS SERVICES FAC2025328,13533.63,0,2025-12-27
445710,VIR SEPA DGFIP TVA,,,0,5238.04,2025-10-17
467000,VIR SAS LAURENT,,,0,2435.94,2024-05-25
401001,VIR SEPA EURL GAUTHIER LOGISTIQU,,,0,950.00,2025-01-13
704000,VIR RECU SAS CONSEIL RH,,,14454.29,0,2025-03-09
421000,VIR SEPA SALAIRE AOUT,,,0,5000.00,2025-08-31
401009,PRLVT SEPA EURL MERCIER IMMOBILI,,,0,2005.71,2024-01-24
437000,PRELEVEMENT SEPA POLE EMPLOI,,,0,1520.95,2025-08-15
704000,VIREMENT RECU SAS ECO ENEGIE,,,32091.88,0,2025-11-28
401001,VIR SEPA EURL GAUTHIER LOGISTIQU,,VIR SEPA REF:FR65379326 NPY:EURL GAUTHIER LOGISTIQUE<br />LIB:FACTURE FOURNISSEUR FAC2025188 LC2:ECHEANCE DECEMBRE,0,7382.98,2024-12-10
401002,PRELEVEMENT SEPA SARL FOURNIER B,,,0,5065.26,2025-04-03
708000,VIR RECU SARL TRANSPORT EXPRESS,,VIR SEPA NPY:SARL TRANSPORT EXPRESS<br />LIB:PRODUITS ACTIVITES ANNEXES,2352.35,0,2024-10-09
641100,VIR SEPA SALAIRE MARS,,,0,2547.92,2024-03-25
646000,PRELEVEMENT SEPA POLE EMPLOI,,PRLV SEPA NBE:POLE EMPLOI<br />LIB:COTISATIONS CHOMAGE T1,0,2900.00,2024-02-14
411002,VIREMENT RECU SA GARNIER TRANSPO,,,16000.00,0,2025-04-13
708000,VIR RECU SARL COMMERCE DU SUD,REF697685,,1152.00,0,2024-07-28
637000,PRLV SEPA DGFIP,REF340890,,0,3000.00,2025-05-26
601100,PRLV SEPA SA GROUPE LEGRAND,,,0,333.62,2024-11-29
445660,PRLV SEPA SA GROUPE LEGRAND,,,0,66.73,2024-11-29
601100,CATE SA GROUPE LEGRAND,,CB SA GROUPE LEGRAND FACT:FAC2024306<br />LIB:ACHAT FOURNITURES,0,1528.92,2024-07-30
445660,CATE SA GROUPE LEGRAND,,CB SA GROUPE LEGRAND FACT:FAC2024306<br />LIB:ACHAT FOURNITURES,0,305.79,2024-07-30
628000,CB SARL CONSULTANT RH,,,0,140.25,2024-02-17
411005,VIREMENT RECU SCI ROUSSEL ELECTR,,VIR SEPA NPY:SCI ROUSSEL ELECTRICITE IBE:DE59148090265642462589 BIC:DEUTDEFF PDO:DE RCN:FAC2024078<br />LIB:REGLEMENT FACTURE FAC2024078,49500.00,0,2024-01-30
625100,CB MAIF,,,0,225.83,2024-03-04
445660,CB MAIF,,,0,45.17,2024-03-04
512000,VIR RECU SARL PETIT,,,7000.00,0,2025-07-19
606100,CB SAS MOREAU,REF724616,CB SAS MOREAU<br />LIB:FOURNITURES NON STOCKABLES,0,232.87,2024-01-26
445660,CB SAS MOREAU,REF724616,CB SAS MOREAU<br />LIB:FOURNITURES NON STOCKABLES,0,46.58,2024-01-26
401001,PRELEVEMENT SEPA EURL GAUTHIER L,,,0,13305.43,2025-11-29
218000,VIR SEPA SAS FAURE,,VIR SEPA NPY:SAS FAURE<br />LIB:IMMOBILISATION CORPORELLE,0,34542.82,2025-06-30
445620,VIR SEPA SAS FAURE,,VIR SEPA NPY:SAS FAURE<br />LIB:IMMOBILISATION CORPORELLE,0,6908.57,2025-06-30
625100,CB MAIF,,,0,1666.67,2025-03-20
445660,CB MAIF,,,0,333.33,2025-03-20
706000,VIR RECU SA GROUPE LEGRAND,,,7609.38,0,2025-07-25
511500,ENCAISSEMENT CB,,REMISE CB DU 311225<br />LIB:ENCAISSEMENT CARTE,986.49,0,2025-12-31
627000,ENCAISSEMENT CB,,REMISE CB DU 311225<br />LIB:ENCAISSEMENT CARTE,0,9.86,2025-12-31
771000,VIR RECU SAS LOGISTIQUE PRO,,VIR SEPA NPY:SAS LOGISTIQUE PRO<br />LIB:PRODUIT EXCEPTIONNEL,17538.17,0,2025-09-30
661000,AGIOS BANCAIRES,,,0,57.42,2025-10-21
486000,CHARGE CONSTATEE AVANCE,,,0,6089.19,2025-12-22
758000,VIR RECU SA GROUPE ALIMENTAIRE,,,737.41,0,2024-07-01
613200,PRLV SEPA SAS LAURENT,,,0,416.67,2025-11-04
445660,PRLV SEPA SAS LAURENT,,,0,83.33,2025-11-04
791000,VIREMENT RECU AXA ASSURANCES,,,664.45,0,2024-03-29
613200,PRELEVEMENT SEPA EURL MERCIER,,,0,1083.33,2025-05-03
445660,PRELEVEMENT SEPA EURL MERCIER,,,0,216.67,2025-05-03
758700,VIR RECU AXA ASSURANCES,,,15510.96,0,2025-04-25
411005,VIR RECU SCI ROUSSEL ELECTRICIT,,,29269.21,0,2024-08-27
401006,VIR SEPA SAS ROBIN SECURITE,,VIR SEPA REF:FR90950774 NPY:SAS ROBIN SECURITE<br />LIB:ACOMPTE FOURNISSEUR,0,12677.61,2025-10-19
707000,VIR RECU SA GROUPE LGRAND,,,13624.04,0,2024-01-18
467000,VIR SA FOURNIER,,,0,6990.87,2024-08-25
421000,VIR SEPA SALAIRE JUIN,,VIR SEPA<br />LIB:SALAIRE JUIN 2025,0,2259.64,2025-06-30
625100,CB EURL BERNARD,,,0,208.33,2025-06-28
445660,CB EURL BERNARD,,,0,41.67,2025-06-28
411001,VIR RECU SCI HENRY SECURITE,,,12000.00,0,2025-06-22
437000,PRLV SEPA POLE EMPLOI,,PRLV SEPA NBE:FRANCE TRAVAIL<br />LIB:COTISATIONS CHOMAGE T1,0,3444.24,2025-03-10
601100,PRLV SEPA EDF,,PRLV SEPA NBE:EDF<br />LIB:COMMANDE FAC2025443,0,1181.90,2024-08-31
445660,PRLV SEPA EDF,,PRLV SEPA NBE:EDF<br />LIB:COMMANDE FAC2025443,0,236.38,2024-08-31
211000,VIREMENT SEPA SARL GAUTIER,,,0,72681.95,2025-02-06
411003,VIRRECU SARL GIRARD BTP,,,9871.24,0,2025-02-27
401001,VIR SEPA EURL GAUTHIER LOGISTIQU,,,0,8755.06,2025-02-13
218000,VIR SEPA SA PICARD,REF354079,,0,41553.77,2024-11-28
445620,VIR SEPA SA PICARD,REF354079,,0,8310.75,2024-11-28
261000,VIR SEPA SARL BONNET,,VIR SEPA NPY:SARL BONNET<br />LIB:TITRES DE PARTICIPATION,0,27990.00,2024-04-15
401001,PRLV SEPA EURL GAUTHIER LOGISTQU,REF795094,,0,3893.86,2025-03-16
625100,CB SARL GAUTIER,,,0,416.67,2025-08-08
445660,CB SARL GAUTIER,,,0,83.33,2025-08-08
601100,CB MAIF,,,0,2470.27,2025-02-17
445660,CB MAIF,,,0,494.06,2025-02-17
616000,PRELEVEMENT SEPA ALLIANZ,,PRLV SEPA NBE:ALLIANZ<br />LIB:ASSURANCE 2024,0,1729.27,2024-10-30
706000,VIR RECU SA GROUPE LEGRAND,,,4730.29,0,2025-05-27
661000,FRAIS BANCAIRES,,,0,100.00,2025-08-26
411001,VIR RECU SCI HENRY SECURITE,,,29150.00,0,2025-07-29
622000,VIR SEPA SAS DUVAL,,,0,1666.67,2025-05-30
445660,VIR SEPA SAS DUVAL,,,0,333.33,2025-05-30
708000,VIR RECU SARL COMMERCE DU SUD,,,3964.33,0,2024-08-10
512000,VIR RECU SAS MOREAU,,,29917.86,0,2024-11-21
401005,PRLVT SEPA SCI GUERIN IMPRIMERIE,,,0,4898.94,2025-03-28
401006,PRLV SEPA SAS ROBIN SECURITE,,PRLV SEPA NBE:SAS ROBIN SECURITE<br />LIB:REGLEMENT ACHAT,0,4081.51,2025-08-03
641000,VIREMENT SEPA SALAIRE JUILLET,REF416298,,0,1300.00,2025-07-27
658000,VIR SEPA SAS LAURENT,,VIR SEPA NPY:SAS LAURENT<br />LIB:CHARGES GESTION COURANTE,0,1710.11,2024-11-26
512000,REMISE CHEQUE,,,15633.55,0,2025-10-30
411001,VIREMENT RECU SCI HENRY SECURITE,,,19405.56,0,2024-07-25
627000,PRLV SEPA BOUYGUES TELECOM,,,0,79.65,2024-10-27
706000,VIR RECU SA GROUPE LEGRAND,,VIR SEPA NPY:SA GROUPE LEGRAND<br />LIB:HONORAIRES OCTOBRE,11029.93,0,2025-10-20
635000,PRLV SEPA DGFIP,REF919701,,0,4840.80,2025-08-12
701000,VIREMENT RECUSAS AGENCE MEDIA,REF298836,VIR SEPA NPY:SAS AGENCE MEDIA<br />LIB:VENTE PRODUITS FINIS FAC2025788,25905.83,0,2025-09-15
218000,CB SAS DUPONT,,,0,9577.97,2024-07-28
445620,CB SAS DUPONT,,,0,1915.59,2024-07-28
641000,VIREMENT SEPA SALAIRE JANVIER,,,0,3548.18,2025-01-29
613200,PRELEVEMENT SEPA SARL BONNET,,,0,1151.07,2024-01-03
445660,PRELEVEMENT SEPA SARL BONNET,,,0,230.21,2024-01-03
708000,VIR RECU SAS OGISTIQUE PRO,,,2825.96,0,2024-09-27
611000,PRLV SEPA SAS FAURE,REF607206,,0,4795.39,2024-04-25
445660,PRLV SEPA SAS FAURE,REF607206,,0,959.08,2024-04-25
403000,VIR SCI ROUX,,,0,24500.00,2025-10-29
602000,CB SA LEFEVRE,,,0,857.04,2024-01-16
445660,CB SA LEFEVRE,,,0,171.41,2024-01-16
611000,PRLVT SEPA EURL MERCIER,,PRLV SEPA NBE:EURL MERCIER<br />LIB:SOUS-TRAITANCE,0,5000.00,2024-07-18
445660,PRLVT SEPA EURL MERCIER,,PRLV SEPA NBE:EURL MERCIER<br />LIB:SOUS-TRAITANCE,0,1000.00,2024-07-18
401002,VIR SEPA SARL FOURNIER BTP,,VIR SEPA REF:FR44509498 NPY:SARL FOURNIER BTP<br />LIB:ACOMPTE FOURNISSEUR,0,19374.26,2025-10-13
613200,PRELEVEMENT SEPA EURL BERNARD,,,0,3052.92,2025-03-04
445660,PRELEVEMENT SEPA EURL BERNARD,,,0,610.58,2025-03-04
708000,VIR RECU SARL COMMERCE DU SUD,,,3300.00,0,2024-04-05
411003,VIR RECU SARL GIRARD BTP,REF295585,VIR SEPA NPY:SARL GIRARD BTP IBE:FR6565717087582511379734835 BIC:AGRIFRPP PDO:FR<br />LIB:REGLEMENT CLIENT FAC2025387,7483.20,0,2025-06-25
635000,PRLV SEPA DGFIP,REF314443,,0,1069.79,2024-02-26
601100,PRLV SEPA MAIF,,,0,5810.68,2024-06-27
445660,PRLV SEPA MAIF,,,0,1162.14,2024-06-27
645000,PRELEVEMENT SEPA URSSAF,,,0,16160.11,2025-01-05
704000,VIREMENT RECU SAS CONSEIL RH,,,47393.11,0,2024-09-25
403000,VIR SARL BONNET,,VIR SEPA NPY:SARL BONNET<br />LIB:EFFETS A PAYER,0,18928.05,2024-11-22
411001,VIREMENT RECU SCI HENRY SECURITE,,VIR SEPA NPY:SCI HENRY SECURITE IBE:DE79571492966369656769 BIC:DEUTDEFF PDO:DE<br />LIB:REGLEMENT CLIENT FAC2024366,7451.66,0,2024-10-23
437000,PRLV SEPA POLE EMPLOI,,,0,5091.44,2025-01-12
757000,VIR RECU SA PHARMA SANTE,,,19154.98,0,2025-02-27
512000,FRAIS BANCAIRES,,,0,178.53,2024-01-17
606100,CARTE ENGIE,,,0,22.24,2025-12-29
445660,CARTE ENGIE,,,0,4.45,2025-12-29
401001,PRELEVEMENT SEPA EURL GAUTHIER L,REF868648,,0,490.46,2025-02-03
437000,PRLVT SEPA POLE EMPLOI,,,0,5424.06,2025-12-13
416000,VIR RECU EURL ARTISAN BOIS,,,466.12,0,2025-05-13
514000,REMISE CHEQUE,,,7826.57,0,2024-12-13
641000,VIR SALAIREAOUT,,,0,2605.51,2025-08-25
623000,CB SAS DUPONT,REF980121,,0,2007.28,2025-03-13
445660,CB SAS DUPONT,REF980121,,0,401.46,2025-03-13
661000,INTERETS EMPRUNT,,,0,214.31,2025-01-22
623000,PAIEMENT CB MAIF,,,0,509.62,2024-05-28
445660,PAIEMENT CB MAIF,,,0,101.93,2024-05-28
671000,VIR SEPA SAS FAURE,,,0,9716.37,2025-09-26
641000,VIR SEPA SALAIRE JUILLET,,VIR SEPA<br />LIB:REMUNERATION JUILLET,0,2749.46,2025-07-25
641000,VIR SEPA SALAIRE FEVRIER,,,0,4336.21,2024-02-28
641000,VIREMENT SEPA SALAIRE DECEMBRE,,VIR SEPA<br />LIB:REMUNERATION DECEMBRE,0,3098.90,2024-12-29
604000,PAIEMENT CB SARL CONSULTANT RH,,,0,6770.44,2025-07-24
445660,PAIEMENT CB SARL CONSULTANT RH,,,0,1354.09,2025-07-24
606100,CB MACIF,,,0,326.62,2025-01-13
445660,CB MACIF,,,0,65.32,2025-01-13
164000,PRLV SEPA ECHEANCE EMPRUNT,,,0,5600.00,2024-06-17
661100,PRLV SEPA ECHEANCE EMPRUNT,,,0,1260.00,2024-06-17
616000,PRLV SEPA ECHEANCE EMPRUNT,,,0,140.00,2024-06-17
625100,CB EURL BERNARD,,,0,1419.27,2024-03-10
445660,CB EURL BERNARD,,,0,283.86,2024-03-10
416000,VIR RECU SARL COMMERCE DU SUD,,,6841.29,0,2025-07-28
631000,PRLV SEPA DGFIP,,PRLV SEPA NBE:DGFIP<br />LIB:TAXE APPRENTISSAGE 2025,0,2714.89,2025-05-25
775000,VIR RECU SA GROUPE ALIMENTAIRE,,VIR SEPA NPY:SA GROUPE ALIMENTAIRE<br />LIB:CESSION VEHICULE,9773.59,0,2024-04-18
411001,VIR RECU SCI HENRY SECURITE,,,11300.00,0,2025-02-25
627000,PRLV SEPA BOUYGUES TELECOM,REF964264,,0,100.00,2024-03-14
615000,PRLV SEPA SAS DUPONT,,,0,2329.28,2024-09-28
445660,PRLV SEPA SAS DUPONT,,,0,465.86,2024-09-28
411001,VIREMENT RECU SCI HENRY SECURITE,,VIR SEPA NPY:SCI HENRY SECURITE IBE:DE79571492966369656769 BIC:DEUTDEFF PDO:DE RCN:FAC2024432<br />LIB:REGLEMENT FACTURE FAC2024432,11253.61,0,2024-02-12
635000,PRLV SEPA DGFIP,,,0,3900.00,2025-10-20
601100,PAIEMENT CB SA GROUPE LEGRAND,,CB SA GROUPE LEGRAND FACT:FAC2025985<br />LIB:ACHAT FOURNITURES,0,833.33,2025-02-28
445660,PAIEMENT CB SA GROUPE LEGRAND,,CB SA GROUPE LEGRAND FACT:FAC2025985<br />LIB:ACHAT FOURNITURES,0,166.67,2025-02-28
641100,VIREMENT SEPA SALAIRE MAI,,VIR SEPA<br />LIB:CONGES PAYES MAI 2024,0,1300.00,2024-05-25
601100,CARTE MAIF,,CB MAIF<br />LIB:ACHAT MARCHANDISES,0,1333.33,2025-12-01
445660,CARTE MAIF,,CB MAIF<br />LIB:ACHAT MARCHANDISES,0,266.67,2025-12-01
421000,VIR SALAIRE DECEMBRE,,,0,2805.21,2024-12-29
401004,VIR SEPA SAS GARCIA INDUSTRIE,,,0,6895.21,2025-07-26
512000,VIR INTRNE,,VIR INTERNE REF:FR55273682<br />LIB:VIREMENT DE COMPTE A COMPTE,0,13170.04,2025-08-27
641000,VIREMENT SEPA SALAIRE JANVIER,,,0,3568.89,2025-01-29
606100,PRELEVEMENT SEPA SA FOURNIER,,,0,300.17,2025-12-25
445660,PRELEVEMENT SEPA SA FOURNIER,,,0,60.04,2025-12-25
624000,CARTE MACIF,,,0,35.87,2024-06-29
445660,CARTE MACIF,,,0,7.18,2024-06-29
631000,PRLVT SEPA DGFIP,,PRLV SEPA NBE:DGFIP<br />LIB:FORMATION CONTINUE 2024,0,2518.14,2024-12-12
411004,VIREMENT RECU SA NOEL IMPRIMERIE,,VIR SEPA NPY:SA NOEL IMPRIMERIE IBE:FR8129201921818324290922311 BIC:SOGEFRPP PDO:FR RCN:FAC2024921<br />LIB:REGLEMENT FACTURE FAC2024921,3043.36,0,2024-01-17
668000,FRAIS FINANCIERS,,,0,400.00,2024-09-17
635000,PRLV SEPA DGFIP,,,0,1612.14,2024-03-09
471000,OPERATION ATTENTE,,,0,1174.42,2024-01-10
401007,PRLV SEPA SAS MASSON CONSEIL,REF859870,,0,3350.00,2024-01-28
411001,VIR RECU SCI HENRY SECURITE,,,10130.05,0,2025-11-04
213100,VIREMENT SEPA SARL GAUTIER,REF173946,,0,136864.99,2025-06-27
606300,CB SAS GIRARD,,,0,618.70,2024-05-29
445660,CB SAS GIRARD,,,0,123.74,2024-05-29
606100,CB SAS MOREAU,,,0,375.27,2025-03-28
445660,CB SAS MOREAU,,,0,75.06,2025-03-28
411001,VIR RECU SCI HENRY SECURITE,,VIR SEPA NPY:SCI HENRY SECURITE IBE:DE79571492966369656769 BIC:DEUTDEFF PDO:DE<br />LIB:REGLEMENT CLIENT FAC2025651,22823.78,0,2025-12-24
401005,PRLVT SEPA SCI GUERIN IMPRIMERIE,,,0,2344.19,2024-01-26
624000,CARTE CABINET EXPERTISE COMPTABL,,CB CABINET EXPERTISE COMPTABLE<br />LIB:TRANSPORT LIVRAISON,0,416.67,2024-11-29
445660,CARTE CABINET EXPERTISE COMPTABL,,CB CABINET EXPERTISE COMPTABLE<br />LIB:TRANSPORT LIVRAISON,0,83.33,2024-11-29
613200,PRLVT SEPA EURL BERNARD,,,0,1131.44,2024-12-05
445660,PRLVT SEPA EURL BERNARD,,,0,226.29,2024-12-05
707000,VIR RECU SARL MODE TEXTILE,,,1994.87,0,2024-08-02
635000,PRELEVEMENT SEPA DGFIP,,PRLV SEPA NBE:DGFIP<br />LIB:AUTRES IMPOTS 2025,0,3000.00,2025-08-25
627000,PRELEVEMENT SEPA OVH SAS,REF669460,PRLV SEPA NBE:OVH SAS<br />LIB:HEBERGEMENT SERVEUR,0,462.37,2024-10-04
635000,PRLV SEPA DGFIP,,PRLV SEPA NBE:DGFIP<br />LIB:AUTRES IMPOTS 2024,0,681.33,2024-06-30
708000,VIREMENT RECU SARL MODE TEXTILE,,VIR SEPA NPY:SARL MODE TEXTILE<br />LIB:PRODUITS ACTIVITES ANNEXES,3000.00,0,2024-11-19
635000,PRLVT SEPA DGFIP,REF755929,,0,3000.00,2025-04-14
631000,PRLV SEPA DGFIP,,,0,490.46,2024-01-02
618000,CARTE SARL MARTIN,,,0,389.81,2025-07-24
445660,CARTE SARL MARTIN,,,0,77.96,2025-07-24
601100,CB SA GROUPE LEGRAND,REF398151,CB SA GROUPE LEGRAND<br />LIB:ACHAT MARCHANDISES,0,1215.15,2024-01-18
445660,CB SA GROUPE LEGRAND,REF398151,CB SA GROUPE LEGRAND<br />LIB:ACHAT MARCHANDISES,0,243.03,2024-01-18
621000,PRELEVEMENT SEPA SARL BONNET,,PRLV SEPA NBE:SARL BONNET<br />LIB:PERSONNEL INTERIMAIRE,0,3218.45,2025-01-31
445660,PRELEVEMENT SEPA SARL BONNET,,PRLV SEPA NBE:SARL BONNET<br />LIB:PERSONNEL INTERIMAIRE,0,643.69,2025-01-31
601100,CB MAIF,,CB MAIF FACT:FAC2024292<br />LIB:ACHAT FOURNITURES,0,195.65,2025-06-25
445660,CB MAIF,,CB MAIF FACT:FAC2024292<br />LIB:ACHAT FOURNITURES,0,39.13,2025-06-25
713000,VIR RECU SAS TECHNOLOGY PLUS,REF418811,,312.68,0,2024-03-27
606100,PRLV SEPA MACF,,,0,172.05,2025-02-28
445660,PRLV SEPA MACF,,,0,34.41,2025-02-28
641100,VIREMENT SEPA SALAIRE SEPTEMBRE,,,0,2885.71,2025-09-26
758700,VIR RECU ALLIANZ,,,6946.31,0,2025-01-25
691000,VIR DGFIP IS,,,0,23264.60,2025-12-11
624000,CB MACIF,,CB MACIF<br />LIB:TRANSPORT LIVRAISON,0,115.97,2025-03-20
445660,CB MACIF,,CB MACIF<br />LIB:TRANSPORT LIVRAISON,0,23.20,2025-03-20
631000,PRELEVEMENT SEPA DGFIP,REF588990,,0,2864.24,2024-06-30
401003,PRLV SEPA SARL GIRARD SECURITE,,,0,80.00,2025-06-03
791000,VIREMENT RECU MAIF,,VIR SEPA NPY:MAIF<br />LIB:INDEMNITE SINISTRE FR98993444,12018.32,0,2024-07-28
615000,PRELEVEMENT SEPA SAS GIRARD,,PRLV SEPA NBE:SAS GIRARD<br />LIB:ENTRETIEN REPARATIONS,0,91.96,2025-02-17
445660,PRELEVEMENT SEPA SAS GIRARD,,PRLV SEPA NBE:SAS GIRARD<br />LIB:ENTRETIEN REPARATIONS,0,18.39,2025-02-17
641100,VIR SEPA SALAIRE MAI,,,0,2030.06,2025-05-27
411003,VIREMENT RECU SARL GIRARD BTP,,,3822.12,0,2024-09-01
445710,VIREMENT SEPA DGFIP TVA,,VIR SEPA NPY:DGFIP<br />LIB:TVA COLLECTEE T1,0,6036.40,2024-01-23
708000,VIREMENT RECU SARL TRANSPORT EXP,REF139592,,2205.43,0,2025-04-27
604000,CB SARL CONSULTANT RH,,CB SARL CONSULTANT RH<br />LIB:ACHAT ETUDES PRESTATIONS,0,4676.75,2025-05-15
445660,CB SARL CONSULTANT RH,,CB SARL CONSULTANT RH<br />LIB:ACHAT ETUDES PRESTATIONS,0,935.35,2025-05-15
641000,VIR EPA SALAIRE DECEMBRE,,VIR SEPA<br />LIB:SALAIRE DECEMBRE 2025,0,4528.02,2025-12-25
512000,FRAIS BANCAIRES,,,0,118.03,2025-04-15
411005,VIR RECU SCI ROUSSEL ELECTRICITE,,VIR SEPA NPY:SCI ROUSSEL ELECTRICITE IBE:DE59148090265642462589 BIC:DEUTDEFF PDO:DE RCN:FAC2024096<br />LIB:REGLEMENT FACTURE FAC2024096,1390.63,0,2025-10-25
512000,VIR INTERNE,,,0,26215.77,2025-10-31
411001,VIR RECU SCI HENRY SECURITE,,VIR SEPA NPY:SCI HENRY SECURITE IBE:DE79571492966369656769 BIC:DEUTDEFF PDO:DE<br />LIB:REGLEMENT CLIENT FAC2025367,2210.49,0,2024-05-10
601100,PRLV SEPA SARL ANDRE,,,0,5716.30,2024-03-26
445660,PRLV SEPA SARL ANDRE,,,0,1143.26,2024-03-26
218000,CB SA PICARD,REF210140,CB SA PICARD<br />LIB:ACHAT MATERIEL,0,3362.69,2025-06-30
445620,CB SA PICARD,REF210140,CB SA PICARD<br />LIB:ACHAT MATERIEL,0,672.54,2025-06-30
411005,VIR RECU SCI ROUSSEL ELECTRICITE,,VIR SEPA NPY:SCI ROUSSEL ELECTRICITE IBE:DE59148090265642462589 BIC:DEUTDEFF PDO:DE<br />LIB:REGLEMENT CLIENT FAC2025437,23242.87,0,2025-12-09
403000,VIREMENT SEPA SAS DUVAL,,VIR SEPA NPY:SAS DUVAL<br />LIB:EFFETS A PAYER,0,24966.30,2025-01-15
445510,VIR SEPA DGFIP TVA,,,0,11308.19,2024-10-23
401004,VIR SEPA SAS GARCIA INDUSTRIE,,VIR SEPA REF:FR19705572 NPY:SAS GARCIA INDUSTRIE<br />LIB:COMMANDE FOURNITURES LCC:BON COMMANDE 114169,0,2500.00,2024-03-26
401009,VIRMENT SEPA EURL MERCIER IMMOBI,,VIR SEPA REF:FR78014651 NPY:EURL MERCIER IMMOBILIER<br />LIB:COMMANDE FOURNITURES LCC:BON COMMANDE 344588,0,16931.04,2024-11-27
401002,PRLVT SEPA SARL FOURNIER BTP,,PRLV SEPA CPY:FR15646020 RUM:FR15646020 NBE:SARL FOURNIER BTP<br />LIB:REGLEMENT FACTURE,0,3530.00,2025-09-29
411002,VIR RECU SA GARNIER TRANSPORTS,,VIR SEPA NPY:SA GARNIER TRANSPORTS IBE:BE48861929000308 BIC:GEBABEBB PDO:BE RCN:FAC2025667<br />LIB:REGLEMENT FACTURE FAC2025667,12500.00,0,2025-11-25
627000,PRLVT SEPA BOUYGUES TELECOM,,,0,46.98,2024-06-03
437000,PRLV SEPA POLE EMPLOI,,PRLV SEPA NBE:FRANCE TRAVAIL<br />LIB:COTISATIONS CHOMAGE T2,0,6249.00,2024-04-11
467000,VIREMENT SEPA SAS LAURENT,,,0,7158.57,2024-04-02
606100,PRELEVEMENT SEPA CABINET EXPERTI,,,0,372.62,2024-01-30
445660,PRELEVEMENT SEPA CABINET EXPERTI,,,0,74.52,2024-01-30
512100,VIR INTERNE,,,0,80788.11,2025-03-27
401004,PRLV SEPA SAS GARCIA INDUSTRIE,,PRLV SEPA CPY:FR23944926 RUM:FR23944926 NBE:SAS GARCIA INDUSTRIE<br />LIB:REGLEMENT FACTURE,0,1693.10,2025-04-27
512000,FRAIS BANCAIRES,,FRAIS BANCAIRES<br />LIB:FRAIS DE GESTION MARS,0,123.79,2025-03-25
401002,PRLVT SEPA SARL FOURNIER BTP,,PRLV SEPA CPY:FR26900756 NBE:SARL FOURNIER BTP<br />LIB:FACTURE FAC2025899,0,7404.14,2025-02-01
708000,VIR RECU SARL TRANSPORT EXPRESS,,,4440.34,0,2024-08-26
612000,PRELEVEMENT SEPA SARL MARTIN,,,0,2250.00,2024-10-12
445660,PRELEVEMENT SEPA SARL MARTIN,,,0,450.00,2024-10-12
514000,REMISE CHEQUE,REF397968,REMISE CHQ N 321043<br />LIB:ENCAISSEMENT CHEQUE,7970.36,0,2025-12-22
627000,PRLV SEPA BOUYGUES TELECOM,,,0,85.88,2024-11-29
601100,PRLV SEPA SAS MOREAU,,PRLV SEPA NBE:SAS MOREAU<br />LIB:COMMANDE FAC2024476,0,3201.67,2025-04-06
445660,PRLV SEPA SAS MOREAU,,PRLV SEPA NBE:SAS MOREAU<br />LIB:COMMANDE FAC2024476,0,640.34,2025-04-06
401007,VIR SAS MASSON CONSEIL,,,0,11337.23,2025-05-13
706000,VIR RECU SA INDUSTRIE NORD,,,10542.48,0,2025-11-21
530000,RETRAIT CAISSE,,,0,660.00,2025-04-18
401002,PRLVT SEPA SARL FOURNIER BTP,,,0,10621.18,2025-06-09
616000,PRELEVEMENT SEPA AXA ASSURANCES,,,0,2321.28,2024-11-29
621000,PRELEVEMENT SEPA SARL BONNET,,,0,7643.70,2025-12-16
445660,PRELEVEMENT SEPA SARL BONNET,,,0,1528.74,2025-12-16
411008,VIREMENT RECU SCI PETIT ELECTRIC,,,5950.00,0,2024-06-29
601100,CB EDF,REF320989,,0,390.18,2024-10-23
445660,CB EDF,REF320989,,0,78.04,2024-10-23
401008,VIR SEPA SAS BLANC SECURITE,REF170166,,0,7484.15,2024-05-06
707000,VIR RECU SA GROUPE LEGRAND,,,8458.80,0,2024-08-30
401008,VIREMENT SEPA SAS BLANC SECURITE,,,0,7526.47,2024-02-29
641000,VIREMENT SEPA SALAIRE FEVRIER,,VIR SEPA<br />LIB:SALAIRE FEVRIER 2025,0,3071.16,2025-02-28
512000,VIR INTERNE,,,0,22370.70,2024-08-30
641000,VIR SEPA SALAIRE DECEMBRE,REF693083,,0,4366.65,2025-12-27
471000,OPERATION ATTENTE,REF237323,LIB:OPERATION EN ATTENTE REF:FR56595865,0,700.00,2025-04-25
445710,VIREMENT RECU DGFIP,,,5000.00,0,2025-07-24
431000,PRL SEPA URSSAF,,,0,23482.32,2025-04-09
411001,VIR RECU SCI HENRY SECURITE,,VIR SEPA NPY:SCI HENRY SECURITE IBE:DE79571492966369656769 BIC:DEUTDEFF PDO:DE RCN:FAC2024645<br />LIB:REGLEMENT FACTURE FAC2024645,21316.90,0,2024-11-07
401006,PRLV SEPA SAS ROBIN SECURITE,,,0,1825.53,2025-12-27
626100,PRLV SEPA SAS DUVAL,,PRLV SEPA NBE:SAS DUVAL<br />LIB:FRAIS TELEPHONIQUES,0,29.54,2025-09-15
445660,PRLV SEPA SAS DUVAL,,PRLV SEPA NBE:SAS DUVAL<br />LIB:FRAIS TELEPHONIQUES,0,5.91,2025-09-15
635000,PRLV SEPA DGFIP,,,0,2000.00,2025-12-31
707000,VIR RECU SAS TECHNOLOGY PLUS,,,1742.41,0,2024-11-08
401003,PRLV SEPA SARL GIRARD SECURITE,,,0,259.11,2025-10-19
512000,VIREMENT RECU EURL MERCIER,,VIR SEPA NPY:EURL MERCIER<br />LIB:VIREMENT RECU,20500.36,0,2025-09-30
781000,REPRISE AMORTISSEMENT,,,2589.63,0,2024-12-23
218000,VIREMENT SEPA SAS FAURE,,,0,19235.00,2025-11-08
445620,VIREMENT SEPA SAS FAURE,,,0,3847.00,2025-11-08
401001,PRLV SEPA EURL GAUTHIER LOGISTIQ,,PRLV SEPA CPY:FR66335429 RUM:FR66335429 NBE:EURL GAUTHIER LOGISTIQUE<br />LIB:REGLEMENT FACTURE,0,1366.49,2025-01-24
211000,VIR SEPA SAS DUVAL,,VIR SEPA NPY:SAS DUVAL<br />LIB:TERRAIN,0,135469.11,2025-08-25
211000,VIR SEPA SARL GAUTIER,REF573956,VIR SEPA NPY:SARL GAUTIER<br />LIB:TERRAIN,0,133296.54,2025-10-26
401002,PRLV SEPA SARL FOURNIER BTP,,PRLV SEPA NBE:SARL FOURNIER BTP<br />LIB:REGLEMENT ACHAT,0,459.08,2025-11-07
601100,CB MAIF,,CB MAIF FACT:FAC2024951<br />LIB:ACHAT FOURNITURES,0,1528.57,2024-06-14
445660,CB MAIF,,CB MAIF FACT:FAC2024951<br />LIB:ACHAT FOURNITURES,0,305.72,2024-06-14
403000,VIR SEPA SA GROUPE LEGRAND,,,0,8755.84,2024-11-09
706000,VIR RECU SA GROUPE LEGRAND,,VIR SEPA NPY:SA GROUPE LEGRAND<br />LIB:PRESTATIONS SERVICES FAC2024364,8653.66,0,2024-03-27
404000,VIREMENT SEPA EURL BERNARD,,,0,10714.09,2024-01-25
758700,VIR RECU AXA ASSURANCES,,,12998.27,0,2025-01-30
437000,PRELEVEMENT SEPA POLE EMPLOI,,,0,6737.76,2024-10-10
641100,VIREMENT SEPA SALAIRE DECEMBRE,REF501267,,0,2837.96,2024-12-28
704000,VIR RECU SA ECO ENERGIE,REF897209,,8650.98,0,2024-06-13
411001,VIR RECU SCI HENRY SECURITE,,,22103.16,0,2024-09-28
601100,PAIEMET CB MAIF,,CB MAIF FACT:FAC2024679<br />LIB:ACHAT FOURNITURES,0,878.27,2024-08-26
445660,PAIEMET CB MAIF,,CB MAIF FACT:FAC2024679<br />LIB:ACHAT FOURNITURES,0,175.65,2024-08-26
627000,PRLV SEPA ORANGE SA,,,0,94.09,2024-09-27
627000,PRELEVEMENT SEPA BOUYGUES TELECO,,,0,38.99,2025-02-27
707000,VIREMENT RECU SAS DIGITAL SERVIC,,,21785.43,0,2025-11-28
403000,VIR SEPA SARL BONNET,,,0,2812.43,2024-08-11
708000,VIR RECU SAS CONSEIL RH,,,3228.88,0,2024-04-29
419000,VIR RECU SA AERO COMPOSANTS,,,19708.53,0,2025-04-30
625100,CB MAIF,,,0,788.79,2024-08-20
445660,CB MAIF,,,0,157.76,2024-08-20
627000,PRLVT SEPA OVH SAS,,,0,63.76,2024-02-16
411002,VIR RECU SA GARNIER TRANSPORTS,,,17155.38,0,2024-08-09
512000,VR RECU SAS FAURE,,VIR SEPA NPY:SAS FAURE<br />LIB:VIREMENT RECU,25300.00,0,2025-05-06
403000,VIR SEPA SARL BONNET,,,0,10960.80,2025-12-24
621000,PRLVT SEPA EURL BERNARD,,,0,8033.33,2024-01-12
445660,PRLVT SEPA EURL BERNARD,,,0,1606.67,2024-01-12
401001,PRELEVEMENT SEPA EURL GAUTHIER L,,,0,6557.64,2024-09-25
611000,PRLV SEPA SAS MOREAU,,,0,13182.65,2025-01-30
445660,PRLV SEPA SAS MOREAU,,,0,2636.53,2025-01-30
641000,VIR SEPA SALAIRE NOVEMBRE,,,0,3359.35,2025-11-28
641000,VIR SEPA SALAIRE AVRIL,REF877462,VIR SEPA<br />LIB:SALAIRE AVRIL 2025,0,3594.93,2025-04-30
411004,VIREMENT RECU SA NOEL IMPRIMERIE,,,15173.12,0,2024-01-24
641100,VIREMENT SEPA SALAIRE JUIN,,,0,1784.02,2025-06-29
445510,VIR DGFIP TVA,,,0,16000.00,2024-07-23
681000,DOTATION AMORTISSEMENT,REF972051,,0,13746.38,2025-12-21
411002,VIREMENT RECU SA GARNIER TRANSPO,REF919779,VIR SEPA NPY:SA GARNIER TRANSPORTS IBE:BE48861929000308 BIC:GEBABEBB PDO:BE<br />LIB:REGLEMENT CLIENT FAC2024082,415.43,0,2024-05-26
708000,VIREMENT RECU SARL COMMERCE DU S,,,4046.62,0,2025-11-30
624000,CARTE MACIF,,,0,214.77,2024-09-16
445660,CARTE MACIF,,,0,42.96,2024-09-16
613200,PRLV SEPA EURL MERCIER,,,0,443.40,2024-06-03
445660,PRLV SEPA EURL MERCIER,,,0,88.68,2024-06-03
601100,CARTE MAIF,,,0,2563.93,2024-10-28
445660,CARTE MAIF,,,0,512.79,2024-10-28
641000,VIREMENT SEPA SALAIRE OCTOBRE,,,0,3688.77,2024-10-27
416000,VIR RECU SARL COMMERCE DU SUD,,VIR SEPA NPY:SARL COMMERCE DU SUD<br />LIB:CREANCE DOUTEUSE,6497.41,0,2024-06-25
411001,VIR RECU SCI HENRY SECURITE,,,26540.08,0,2025-02-25
611000,PRLV SEPA SAS MOREAU,,,0,6674.84,2024-05-18
445660,PRLV SEPA SAS MOREAU,,,0,1334.97,2024-05-18
530000,RETRAIT CAISSE,,,0,297.90,2024-06-11
601100,CARTE MAIF,,,0,467.66,2024-01-31
445660,CARTE MAIF,,,0,93.53,2024-01-31
530000,RETRAIT CAISSE,,,0,757.37,2025-10-06
512000,REMISE CHEQUE,,,7623.57,0,2025-05-28
408000,FACTURE NON PARVENUE SA FOURNIER,,FACTURE NON PARVENUE NBE:SA FOURNIER<br />LIB:AVOIR A RECEVOIR,0,2075.22,2025-05-30
661000,FRAIS BANCAIRES,,,0,111.47,2024-04-30
631000,PRLV SEPA DGFIP,,,0,484.11,2025-04-16
604000,CARTE SARL CONSULTANT RH,,,0,1496.89,2024-01-12
445660,CARTE SARL CONSULTANT RH,,,0,299.38,2024-01-12
401003,PRLV SEPA SARL GIRARD SECURITE,,,0,5749.13,2024-09-25
401003,PRLV SEPA SARL GIRARD SECURITE,,,0,3000.00,2024-11-13
602000,CB SA LFEVRE,,,0,4059.55,2024-07-29
445660,CB SA LFEVRE,,,0,811.91,2024-07-29
512000,REMISE CHEQUE,,REMISE CHQ N 367386,19199.73,0,2024-10-28
706000,VIR RECU EURL DESIGN STUDIO,,,11367.60,0,2024-08-07
706000,VIREMENT RECU EURL DESIGN STUDIO,,,9368.95,0,2025-12-02
621000,PRLV SEPA SARL SIMON,,,0,6496.47,2024-04-26
445660,PRLV SEPA SARL SIMON,,,0,1299.29,2024-04-26
401007,VIR SAS MASSON CONSEIL,,,0,18997.95,2025-06-27
641000,VIR SALAIRE JUILLET,,,0,1800.00,2025-07-25
641100,VIR SEPA SALAIRE NOVEMBRE,,,0,1500.00,2025-11-30
601100,PRLV SEPA EDF,,,0,2569.89,2024-08-28
445660,PRLV SEPA EDF,,,0,513.98,2024-08-28
411003,VIR RECU SARL GIRARD BTP,,VIR SEPA NPY:SARL GIRARD BTP IBE:FR6565717087582511379734835 BIC:AGRIFRPP PDO:FR<br />LIB:REGLEMENT CLIENT FAC2024564,5000.00,0,2024-07-17
626100,PRLV SEPA SAS FAURE,,PRLV SEPA NBE:SAS FAURE<br />LIB:FRAIS TELEPHONIQUES,0,36.58,2025-06-29
445660,PRLV SEPA SAS FAURE,,PRLV SEPA NBE:SAS FAURE<br />LIB:FRAIS TELEPHONIQUES,0,7.32,2025-06-29
621000,PRLV SEPA SARL BONNET,,,0,2500.00,2025-07-01
445660,PRLV SEPA SARL BONNET,,,0,500.00,2025-07-01
631000,PRELEVEMENT SEPA DGFIP,,,0,1400.00,2025-09-01
445510,VIR DGFIP TVA,,,0,3950.00,2025-04-19
512000,VIR INTERNE,,VIR INTERNE REF:FR12919231<br />LIB:VIREMENT DE COMPTE A COMPTE,0,8906.03,2024-12-21
411001,VIR RECU SCI HENRY SECURITE,,,26606.89,0,2025-11-03
401009,VIR SEPA EURL MERCIER IMMOBILIER,,VIR SEPA REF:FR26620648 NPY:EURL MERCIER IMMOBILIER<br />LIB:ACOMPTE FOURNISSEUR,0,15103.44,2025-03-08
621000,PRLV SEPA EURL BERNARD,,,0,4502.34,2025-05-26
445660,PRLV SEPA EURL BERNARD,,,0,900.47,2025-05-26
512000,FRAIS BANCAIRES,,,0,73.33,2024-02-26
445510,VIR SEPA DGFIP TVA,,VIR SEPA NPY:DGFIP<br />LIB:TVA A DECAISSER T4 2025,0,19118.22,2025-10-22
613200,PRV SEPA EURL BERNARD,,PRLV SEPA NBE:EURL BERNARD<br />LIB:LOYER AVRIL 2024,0,3949.77,2024-04-02
445660,PRV SEPA EURL BERNARD,,PRLV SEPA NBE:EURL BERNARD<br />LIB:LOYER AVRIL 2024,0,789.95,2024-04-02
625200,CARTE SARL BONNET,,CB SARL BONNET<br />LIB:FRAIS HEBERGEMENT,0,104.62,2025-05-04
445660,CARTE SARL BONNET,,CB SARL BONNET<br />LIB:FRAIS HEBERGEMENT,0,20.93,2025-05-04
416000,VIR RECU SAS ECO ENERGIE,REF250308,,6637.72,0,2025-12-30
707000,VIR RECU SAS TECHNOLOGY PLUS,REF890706,VIR SEPA NPY:SAS TECHNOLOGY PLUS<br />LIB:VENTE MARCHANDISES FAC2025055,23278.19,0,2025-07-24
704000,VIR RECU SAS ECO ENERGIE,REF466400,,19972.53,0,2024-02-10
401003,VIR SEPA SARL GIRARD SECURITE,,VIR SEPA REF:FR99203281 NPY:SARL GIRARD SECURITE<br />LIB:ACOMPTE FOURNISSEUR,0,16850.00,2024-04-07
613200,PRLVT SEPA EURL BERNARD,,PRLV SEPA NBE:EURL BERNARD<br />LIB:LOYER NOVEMBRE 2024,0,1483.00,2024-11-05
445660,PRLVT SEPA EURL BERNARD,,PRLV SEPA NBE:EURL BERNARD<br />LIB:LOYER NOVEMBRE 2024,0,296.60,2024-11-05
512000,REMISE CHEQUE,,,6895.06,0,2025-07-15
641000,VIR SEPA SALAIRE MARS,,,0,3773.08,2024-03-31
401008,PRELEVEMENT SEPA SAS BLANC SECUR,,,0,2813.47,2025-06-25
401001,VIR SEPA EURL GAUTHIER LOGISTIQU,,VIR SEPA REF:FR78666763 NPY:EURL GAUTHIER LOGISTIQUE<br />LIB:ACOMPTE FOURNISSEUR,0,15415.25,2024-04-25
411008,VIR RECU SCI PETIT ELECTRICITE,,VIR SEPA NPY:SCI PETIT ELECTRICITE IBE:FR3379857962349216244198983 BIC:AGRIFRPP PDO:FR<br />LIB:REGLEMENT CLIENT FAC2025884,21424.31,0,2025-09-24
691000,VIR SEPA DGFIP IS,,,0,15700.00,2025-06-15
445510,VIR SEPA DGFIP TVA,,VIR SEPA NPY:DGFIP<br />LIB:TVA A DECAISSER T3 2024,0,16747.58,2024-07-24
401002,VIR SEPA SARL FOURNIER BTP,,,0,1776.67,2024-11-29
708000,VIREMENT RECU SARL MODE TEXTILE,,,3356.04,0,2025-07-24
611000,PRELEVEMENT SEPA SAS MOREAU,,,0,2624.47,2024-03-06
445660,PRELEVEMENT SEPA SAS MOREAU,,,0,524.89,2024-03-06
401004,PRLV SEPA SAS GARCIA INDUSTRIE,,,0,4691.52,2024-10-13
641000,VIR SEPA SALAIRE FEVRIER,,,0,2841.02,2025-02-26
404000,VIREMENT SEPA SA FOURNIER,,,0,10700.00,2024-12-20
625100,CB BOUYGUES TELECOM,,,0,239.57,2024-10-08
445660,CB BOUYGUES TELECOM,,,0,47.91,2024-10-08
411003,VIR RECU SARL GIRARD BTP,,VIR SEPA NPY:SARL GIRARD BTP IBE:FR6565717087582511379734835 BIC:AGRIFRPP PDO:FR<br />LIB:REGLEMENT CLIENT FAC2025273,6500.00,0,2025-01-01
658000,VIR SEPA SAS LAURENT,,,0,371.77,2025-08-30
645100,PRLV SEPA MUTUELLE,,PRLV SEPA NBE:MUTUELLE<br />LIB:PREVOYANCE SANTE DECEMBRE,0,1404.71,2024-12-20
708000,VIR RECU SARL MODE TEXTILE,,,1770.00,0,2025-05-15
641000,VIR SEPA SALAIRE OCTOBRE,REF883381,,0,2255.15,2024-10-25
601100,CARTE EDF,,CB EDF<br />LIB:ACHAT MARCHANDISES,0,1073.71,2024-01-21
445660,CARTE EDF,,CB EDF<br />LIB:ACHAT MARCHANDISES,0,214.74,2024-01-21
401001,VIREMENT SEPA EURL GAUTHIER LOGI,REF767045,,0,1111.35,2025-03-05
419000,VIR RECU SA AERO COMPOSANTS,,VIR SEPA NPY:SA AERO COMPOSANTS<br />LIB:ACOMPTE CLIENT,17630.41,0,2024-04-30
706000,VIR RECU EURL DESIGN STUDIO,,,6727.57,0,2024-08-27
641000,VIR SEPA SALAIRE MARS,,VIR SEPA<br />LIB:REMUNERATION MARS,0,2879.55,2024-03-28
626000,PRELEVEMENT SEPA LA POSTE,,PRLV SEPA NBE:LA POSTE<br />LIB:AFFRANCHISSEMENT,0,7.61,2025-02-25
791000,VIR RECU CPAM,,,2148.29,0,2024-04-29
601100,PAIEMENT CB EDF,,,0,485.79,2024-05-16
445660,PAIEMENT CB EDF,,,0,97.16,2024-05-16
411004,VIR RECU SA NOEL IMPRIMERIE,,,3455.72,0,2024-09-24
641100,VIR SEPA SALAIRE MAI,,VIR SEPA<br />LIB:CONGES PAYES MAI 2025,0,2388.50,2025-05-30
411001,VIR ECU SCI HENRY SECURITE,,VIR SEPA NPY:SCI HENRY SECURITE IBE:DE79571492966369656769 BIC:DEUTDEFF PDO:DE<br />LIB:REGLEMENT CLIENT FAC2025246,15081.94,0,2024-12-28
641000,VIR SEPA SALAIRE JUILLET,,VIR SEPA<br />LIB:SALAIRE JUILLET 2025,0,5000.00,2025-07-26
613200,PRLV SEPA SARL ANDRE,,,0,2500.00,2024-11-03
445660,PRLV SEPA SARL ANDRE,,,0,500.00,2024-11-03
771000,VIR RECU SA GROUPE LEGRAND,REF464292,,4107.49,0,2025-01-07
411006,VIR RECU SARL LEFEVRE CONSEIL,,,33335.08,0,2024-07-28
275000,VIR SCI ROUX,,VIR SEPA NPY:SCI ROUX<br />LIB:DEPOT GARANTIE,0,3230.83,2024-02-23
512000,REMISE CHEQUE,,REMISE CHQ N 508482,809.59,0,2024-06-03
706000,VIR RECU SA GROUPE LEGRAND,,,4996.45,0,2024-11-26
707000,VIR RECU SA CHIMIE FANCE,,,1000.00,0,2025-02-14
612000,PRLV SEPA SARL PETIT,,,0,4166.67,2025-08-02
445660,PRLV SEPA SARL PETIT,,,0,833.33,2025-08-02
635000,PRELEVEMENT SEPA DGFIP,,,0,1243.99,2024-04-15
611000,PRLV SEPA SA GROUPE LEGRAND,,,0,443.50,2025-07-08
445660,PRLV SEPA SA GROUPE LEGRAND,,,0,88.70,2025-07-08
651000,VIR SEPA SARL BONNET,,,0,3666.67,2024-11-07
445660,VIR SEPA SARL BONNET,,,0,733.33,2024-11-07
512000,VIR ITERNE,,,0,16000.00,2024-05-14
401001,VIR SEPA EURL GAUTHIER LOGISTIQU,REF251830,,0,9111.71,2024-02-28
445710,VIR RECU DGFIP,,,8813.06,0,2024-10-24
512000,VIR INTERNE,,,0,39866.01,2025-07-01
411006,VIR RECU SARL LEFEVRE CONSEIL,,,3629.79,0,2025-05-28
512000,FRAIS BANCAIRES,,FRAIS BANCAIRES<br />LIB:FRAIS DE GESTION FEVRIER,0,92.00,2024-02-26
411003,VIR RECU SARL GIRARD BTP,REF758392,,21817.87,0,2025-07-08
624000,CB SAS LAURENT,,CB SAS LAURENT<br />LIB:TRANSPORT LIVRAISON,0,261.53,2024-02-09
445660,CB SAS LAURENT,,CB SAS LAURENT<br />LIB:TRANSPORT LIVRAISON,0,52.31,2024-02-09
419000,VIR RECU SA AERO COMPOSANTS,,VIR SEPA NPY:SA AERO COMPOSANTS<br />LIB:ACOMPTE CLIENT,500.00,0,2025-11-25
401001,PRLVT SEPA EURL GAUTHIER LOGISTI,REF493044,PRLV SEPA CPY:FR79815756 NBE:EURL GAUTHIER LOGISTIQUE<br />LIB:FACTURE FAC2024961,0,7855.16,2025-11-27
606100,PRELEVEMENT SEPA MACIF,,PRLV SEPA NBE:MACIF<br />LIB:EAU ELECTRICITE,0,265.85,2024-05-31
445660,PRELEVEMENT SEPA MACIF,,PRLV SEPA NBE:MACIF<br />LIB:EAU ELECTRICITE,0,53.17,2024-05-31
621000,PRELEVEMENT SEPA SARL BONNET,,,0,4161.53,2024-02-04
445660,PRELEVEMENT SEPA SARL BONNET,,,0,832.31,2024-02-04
411001,VIREMENT RECU SCI HENRY SECURITE,,VIR SEPA NPY:SCI HENRY SECURITE IBE:DE79571492966369656769 BIC:DEUTDEFF PDO:DE<br />LIB:REGLEMENT CLIENT FAC2025514,24750.00,0,2024-07-26
707000,VIREMENT RECU SA CHIMIE FRANCE,,,9700.00,0,2024-11-30
401005,VIR SEPA SCI GUERIN IMPRIMERIE,,VIR SEPA REF:FR79114627 NPY:SCI GUERIN IMPRIMERIE<br />LIB:FACTURE FOURNISSEUR FAC2024005 LC2:ECHEANCE AVRIL,0,6506.74,2025-04-28
421000,VIR SEPA SALAIRE MARS,,,0,1300.00,2024-03-25
401004,PRLVT SEPA SAS GARCIA INDUSTRIE,,,0,119.11,2025-06-08
512000,VIR RECU SAS MOREAU,,VIR SEPA NPY:SAS MOREAU<br />LIB:VIREMENT RECU,10000.00,0,2024-02-03
486000,CHARGE CONSTATEE AVANCE,,,0,2680.44,2024-12-30
606100,PRLV SEPA MACIF,,,0,206.70,2024-06-29
445660,PRLV SEPA MACIF,,,0,41.34,2024-06-29
403000,VIREMENT SEPA SCI ROUX,,,0,19121.40,2024-05-16
401002,PRLV SEPA SARL FOURNIER BTP,,,0,3839.94,2024-01-28
616000,PRELEVEMENT SEPA AXA ASSURANCES,,PRLV SEPA NBE:AXA ASSURANCES<br />LIB:PRIME ASSURANCE,0,1250.00,2025-05-17
604000,CB SARL CONSULTANT RH,REF976187,CB SARL CONSULTANT RH<br />LIB:ACHAT ETUDES PRESTATIONS,0,4363.92,2025-01-25
445660,CB SARL CONSULTANT RH,REF976187,CB SARL CONSULTANT RH<br />LIB:ACHAT ETUDES PRESTATIONS,0,872.78,2025-01-25
601100,CARTE MAIF,,CB MAIF<br />LIB:ACHAT MARCHANDISES,0,1666.67,2025-08-31
445660,CARTE MAIF,,CB MAIF<br />LIB:ACHAT MARCHANDISES,0,333.33,2025-08-31
411001,VIR RECU SCI HENRY SECURITE,,,26354.39,0,2025-12-26
601100,PRLV SEPA EDF,,,0,4946.97,2024-07-19
445660,PRLV SEPA EDF,,,0,989.40,2024-07-19
627000,PRLV SEPA BOUYGUES TELECOM,,PRLV SEPA NBE:BOUYGUES TELECOM<br />LIB:ABONNEMENT INTERNET,0,60.00,2024-06-12
401008,PRLV SEPA SAS BLANC SECURITE,,PRLV SEPA CPY:FR17032105 RUM:FR17032105 NBE:SAS BLANC SECURITE<br />LIB:REGLEMENT FACTURE,0,7833.58,2025-10-10
641000,VIR SEPA SALAIRE AOUT,,,0,2000.00,2025-08-25
401002,VIR SEPA SARL FOURNIER BTP,,,0,4236.43,2025-06-08
601100,PAIEMENT CB EDF,REF494747,,0,760.72,2024-11-13
445660,PAIEMENT CB EDF,REF494747,,0,152.14,2024-11-13
411004,VIR RECU SA NOEL IMPRIMERIE,,,26000.00,0,2025-08-27
631000,PREEVEMENT SEPA DGFIP,REF538406,,0,2307.09,2025-06-04
411001,VIR RECU SCI HENRY SECURITE,,,3458.62,0,2025-08-14
601100,PRELEVEMENT SEPA EDF,REF768480,,0,3122.37,2024-11-28
445660,PRELEVEMENT SEPA EDF,REF768480,,0,624.48,2024-11-28
431000,PRLV SEPA URSSAF,REF162113,,0,3524.79,2025-07-09
401002,VIR SEPA SARL FOURNIER BTP,,,0,1962.56,2024-09-28
437000,PRLVT SEPA POLE EMPLOI,,,0,4890.53,2024-03-06
467000,VIREMENT SEPA SAS FAURE,,,0,9530.00,2024-04-29
661000,AGIOS BANCAIRES,,AGIOS BANCAIRES<br />LIB:AGIOS TRIMESTRIELS T3 2024,0,100.00,2024-07-29
641000,VIR SEPA SALAIRE NOVEMBRE,,,0,2709.16,2024-11-27
615000,PRLV SEPA SAS DUPONT,,PRLV SEPA NBE:SAS DUPONT<br />LIB:ENTRETIEN REPARATIONS,0,2068.72,2025-09-15
445660,PRLV SEPA SAS DUPONT,,PRLV SEPA NBE:SAS DUPONT<br />LIB:ENTRETIEN REPARATIONS,0,413.74,2025-09-15
661000,AGIOS BANCAIRES,REF191481,AGIOS BANCAIRES<br />LIB:AGIOS TRIMESTRIELS T3 2024,0,478.75,2024-08-08
601100,CB EDF,,CB EDF FACT:FAC2024080<br />LIB:ACHAT FOURNITURES,0,1364.68,2024-09-23
445660,CB EDF,,CB EDF FACT:FAC2024080<br />LIB:ACHAT FOURNITURES,0,272.94,2024-09-23
512100,VIR INTERNE,,VIR INTERNE REF:FR53800558<br />LIB:VIREMENT ENTRE COMPTES,0,64886.75,2024-08-15
706000,VIR RECU EURL DESIGN STUDIO,,VIR SEPA NPY:EURL DESIGN STUDIO<br />LIB:PRESTATIONS SERVICES FAC2025769,18629.90,0,2024-10-02
401005,PRLVT SEPA SCI GUERIN IMPRIMERIE,,,0,7430.68,2024-07-24
616000,PRELEVEMENT SEPA AXA ASSURANCES,REF203274,,0,1162.73,2024-01-26
627000,PRELEVEMENT SEPA BOUYGUES TELECO,,,0,93.37,2025-01-27
704000,VIR RECU SAS ECO ENERGIE,,,27740.84,0,2024-08-26
445710,VIREMENT SEPA DGFIP TVA,,,0,17050.00,2025-04-19
437000,PRLV SEPA POLE EMPLOI,,,0,6613.28,2024-11-14
401001,PRLVT SEPA EURL GAUTHIER LOGISTI,REF680433,PRLV SEPA CPY:FR26505249 NBE:EURL GAUTHIER LOGISTIQUE<br />LIB:FACTURE FAC2024074,0,5500.00,2024-12-12
625200,CB BOUYGUES TELECOM,,CB BOUYGUES TELECOM<br />LIB:FRAIS HEBERGEMENT,0,166.67,2025-05-21
445660,CB BOUYGUES TELECOM,,CB BOUYGUES TELECOM<br />LIB:FRAIS HEBERGEMENT,0,33.33,2025-05-21
631000,PRELEVEMENT SEPA DGFIP,REF312643,,0,1500.00,2024-01-25
625100,CB EURL BERNARD,,,0,440.74,2024-05-30
445660,CB EURL BERNARD,,,0,88.15,2024-05-30
707000,VIREMENT RECU SAS TECHNOLOGY PLU,,,1024.81,0,2025-02-10
401002,PRLV SEPA SARL FOURNIER BTP,,,0,7450.00,2025-09-30
401001,PRELEVEMENT SEPA EURL GAUTHIER L,,,0,8415.63,2024-10-22
613200,PRLVT SEPA EURL BERNARD,,,0,1626.88,2025-04-02
445660,PRLVT SEPA EURL BERNARD,,,0,325.38,2025-04-02
411007,VIREMENT RECU SARL GARCIA DISTRI,,VIR SEPA NPY:SARL GARCIA DISTRIBUTION IBE:FR6177233592743758002949141 BIC:CCBPFRPP PDO:FR<br />LIB:REGLEMENT CLIENT FAC2025934,20893.71,0,2025-07-18
431000,PRELEVEMENT SEPA URSSAF,,,0,4888.26,2025-09-10
627000,PRV SEPA SFR,,,0,44.88,2025-07-26
411002,VIR RECU SA GARNIER TRANSPORTS,REF732178,,5646.51,0,2024-11-24
701000,VIREMENT RECU SA BTP CONSTRUCTIO,,,16397.06,0,2024-04-29
512000,VIR RECU SAS FAURE,,,6583.95,0,2024-12-10
661000,INTERETS EMPRUNT,,,0,646.99,2025-09-10
614000,PRLV SEPA SA PICARD,,PRLV SEPA NBE:SA PICARD<br />LIB:CHARGES LOCATIVES T2,0,238.63,2024-05-04
445660,PRLV SEPA SA PICARD,,PRLV SEPA NBE:SA PICARD<br />LIB:CHARGES LOCATIVES T2,0,47.73,2024-05-04
411001,VIR RECU SCI HENRY SECURITE,,,7000.00,0,2024-02-24
580000,VIR INTERNE,REF194791,VIR INTERNE<br />LIB:VIREMENT INTERNE,0,5015.73,2025-12-28
625200,CB SAS FAURE,,CB SAS FAURE<br />LIB:FRAIS HEBERGEMENT,0,416.67,2025-11-26
445660,CB SAS FAURE,,CB SAS FAURE<br />LIB:FRAIS HEBERGEMENT,0,83.33,2025-11-26
757000,VIREMENT RECU SAS LOGISTIQUE PRO,REF361991,,22187.82,0,2025-12-18
626000,PRLV SEPA LA POSTE,,,0,125.53,2024-07-28
708000,VIREMENT RECU SARL COMMERCE DU S,,,531.66,0,2024-04-28
621000,PRELEVEMENT SEPA EURL BERNARD,REF376033,,0,4184.87,2024-04-01
445660,PRELEVEMENT SEPA EURL BERNARD,REF376033,,0,836.98,2024-04-01
651000,VIR SEPA SARL GAUTIER,,,0,2083.33,2025-10-15
445660,VIR SEPA SARL GAUTIER,,,0,416.67,2025-10-15
601100,CB VEOLIA,REF302647,CB VEOLIA FACT:FAC2024970<br />LIB:ACHAT FOURNITURES,0,1049.48,2024-09-26
445660,CB VEOLIA,REF302647,CB VEOLIA FACT:FAC2024970<br />LIB:ACHAT FOURNITURES,0,209.90,2024-09-26
514000,REMISE CHEQUE,,,7950.00,0,2025-05-30
708000,VIR RECU SAS TECHNOLOGY PLUS,,,752.01,0,2025-04-29
704000,VIR RECU SAS CONSEIL RH,,VIR SEPA NPY:SAS CONSEIL RH<br />LIB:TRAVAUX FAC2025413,43149.29,0,2024-12-25
612000,PRELEVEMENT SEPA SARL PETIT,,PRLV SEPA NBE:SARL PETIT<br />LIB:CREDIT-BAIL,0,1653.74,2024-05-29
445660,PRELEVEMENT SEPA SARL PETIT,,PRLV SEPA NBE:SARL PETIT<br />LIB:CREDIT-BAIL,0,330.75,2024-05-29
624000,CB SFR,,,0,163.92,2024-02-27
445660,CB SFR,,,0,32.79,2024-02-27
707000,VIR RECU SAS TECHNOLOGY PLUS,,VIR SEPA NPY:SAS TECHNOLOGY PLUS<br />LIB:VENTE MARCHANDISES FAC2024946,22457.24,0,2024-06-25
623000,PAIEMENT CB SAS DUPONT,,,0,2371.41,2024-03-24
445660,PAIEMENT CB SAS DUPONT,,,0,474.28,2024-03-24
411004,VIREMENT RECU SA NOEL IMPRIMERIE,,,17500.00,0,2025-08-26
601100,CB EDF,,,0,875.92,2025-05-15
445660,CB EDF,,,0,175.19,2025-05-15
641000,VIR SEPA SALAIRE OCTOBRE,REF209380,,0,2787.43,2024-10-27
706000,VIREMENT RECU SA INDUSTRIE NORD,,,12700.00,0,2025-10-10
627000,PRLV SEPA OVH SAS,REF206747,,0,401.80,2024-02-29
421000,VIR SEPA SALAIRE JUIN,,,0,1343.45,2025-06-26
401001,VIR SEPA EURL GAUTHIER LOGISTIQU,,,0,13877.98,2024-01-28
641100,VIREMENT SEPA SALAIRE JUIN,,VIR SEPA<br />LIB:CONGES PAYES JUIN 2025,0,2482.39,2025-06-25
641000,VIR SEPA SALAIRE JUIN,,,0,1869.25,2025-06-27
706000,VIREMENT RECU SA INDUSTRIE NORD,,VIR SEPA NPY:SA INDUSTRIE NORD<br />LIB:HONORAIRES NOVEMBRE,1538.32,0,2024-11-24
411001,VIR RECU SCI HENRY SECURITE,,,49080.00,0,2025-06-23
601100,PRLV SEPA EDF,,,0,2301.85,2024-05-30
445660,PRLV SEPA EDF,,,0,460.37,2024-05-30
275000,VIR SEPA SARL ANDRE,,,0,7500.58,2024-05-19
635000,PRLV SEPA DGFIP,,,0,1883.15,2024-09-30
419000,VIR RECU SAS DIGITAL SERVICES,,VIR SEPA NPY:SAS DIGITAL SERVICES<br />LIB:ACOMPTE CLIENT,10616.34,0,2025-12-09
411007,VIR RECU SARL GARCIA DISTRIBUTIO,,,30000.00,0,2025-10-25
641100,VIREMENT SEPA SALAIRE JUIN,,,0,2329.06,2025-06-29
601100,CARTE MAIF,,CB MAIF FACT:FAC2025182<br />LIB:ACHAT FOURNITURES,0,482.96,2024-10-27
445660,CARTE MAIF,,CB MAIF FACT:FAC2025182<br />LIB:ACHAT FOURNITURES,0,96.59,2024-10-27
213100,VIR SARL GAUTIER,REF563933,,0,98961.37,2024-08-25
261000,VIR SEPA SARL ANDRE,,,0,14879.74,2024-10-23
411006,VIREMENT RECU SARL LEFEVRE CONSE,,,29339.02,0,2025-04-20
401001,PRLV SEPA EURL GAUTHIER LOGISTIQ,,,0,4831.26,2025-10-29
625100,CB SAS LAURENT,,,0,840.37,2025-04-30
445660,CB SAS LAURENT,,,0,168.08,2025-04-30
606100,PRELEVEMENT SEPA SAS LAMBERT,,PRLV SEPA NBE:SAS LAMBERT<br />LIB:EAU ELECTRICITE,0,546.16,2025-12-31
445660,PRELEVEMENT SEPA SAS LAMBERT,,PRLV SEPA NBE:SAS LAMBERT<br />LIB:EAU ELECTRICITE,0,109.23,2025-12-31
635000,PRLV SEPA DGFIP,,PRLV SEPA NBE:DGFIP<br />LIB:AUTRES IMPOTS 2025,0,1492.15,2025-05-11
411002,VIREMENT RECU SA GARNIER TRANSPO,,,6723.74,0,2024-09-30
713000,VIR RECU SARL MODE TEXTILE,,VIR SEPA NPY:SARL MODE TEXTILE<br />LIB:VARIATION STOCKS,8877.20,0,2024-11-15
706000,VIREMENT RECU SARL TRANSPORT EXP,,VIR SEPA NPY:SARL TRANSPORT EXPRESS<br />LIB:PRESTATIONS SERVICES FAC2024843,5429.43,0,2024-11-20
641000,VIREMENT SEPA SALAIRE MAI,,,0,2553.76,2025-05-25
411001,VIREMENT RECU SCI HENRY SECURITE,,,35240.82,0,2024-09-29
411006,VIREMENT RECU SARL LEFEVRE CONSE,REF658807,,29470.76,0,2024-08-29
641000,VIR SALAIRE MARS,REF857649,,0,2241.79,2024-03-27
791000,VIR RECU MACIF,REF601971,VIR SEPA NPY:MACIF<br />LIB:INDEMNITE SINISTRE FR93926400,13500.00,0,2024-04-30
401007,PRLVT SEPA SAS MASSON CONSEIL,REF962982,,0,11889.75,2024-09-25
606100,PRLV SEPA SAS MOREAU,,,0,333.33,2025-03-21
445660,PRLV SEPA SAS MOREAU,,,0,66.67,2025-03-21
512000,REMISE CHEQUE,,,19000.00,0,2024-07-29
411001,VIR RECU SCI HENRY SECURITE,,VIR SEPA NPY:SCI HENRY SECURITE IBE:DE79571492966369656769 BIC:DEUTDEFF PDO:DE<br />LIB:REGLEMENT CLIENT FAC2025511,28000.00,0,2024-02-18
681000,DOTATION AMORTISSEMENT,,LIB:DOTATION AMORTISSEMENT T4 2025,0,10187.87,2025-12-26
775000,VIREMENT RECU SA PHARMA SANTE,,,24412.45,0,2024-06-26
437000,PRLV SEPA POLE EMPLOI,,PRLV SEPA NBE:FRANCE TRAVAIL<br />LIB:COTISATIONS CHOMAGE T1,0,1004.34,2024-01-08
401001,PRLV SEPA EURL GAUTHIER LOGISTIQ,,PRLV SEPA CPY:FR60140946 RUM:FR60140946 NBE:EURL GAUTHIER LOGISTIQUE<br />LIB:REGLEMENT FACTURE,0,5050.00,2024-05-28
401002,PRLV SEPA SARL FOURNIER BTP,,PRLV SEPA NBE:SARL FOURNIER BTP<br />LIB:REGLEMENT ACHAT,0,4070.00,2025-03-22
411007,VIR RECU SRL GARCIA DISTRIBUTION,,VIR SEPA NPY:SARL GARCIA DISTRIBUTION IBE:FR6177233592743758002949141 BIC:CCBPFRPP PDO:FR RCN:FAC2025970<br />LIB:REGLEMENT FACTURE FAC2025970,24465.17,0,2024-09-26
625100,CB EURL BERNARD,,,0,325.00,2024-06-25
445660,CB EURL BERNARD,,,0,65.00,2024-06-25
512000,VIR INTERNE,,VIR INTERNE REF:FR46383465<br />LIB:VIREMENT DE COMPTE A COMPTE,0,27969.42,2025-01-31
411001,VIR RECU SCI HENRY SECURITE,,,27099.58,0,2024-03-10
621000,PRLV SEPA EURL BERNARD,,,0,3129.93,2024-05-22
445660,PRLV SEPA EURL BERNARD,,,0,625.99,2024-05-22
661000,INTERETS EMPRUNT,,INTERETS<br />LIB:INTERET DEBITEUR SEPTEMBRE 2025,0,620.05,2025-09-26
601100,PAIEMENT CB SARL PETIT,,,0,769.81,2025-12-31
445660,PAIEMENT CB SARL PETIT,,,0,153.96,2025-12-31
401003,PRLV SEPA SARL GIRARD SECURITE,,PRLV SEPA CPY:FR45425443 RUM:FR45425443 NBE:SARL GIRARD SECURITE<br />LIB:REGLEMENT FACTURE,0,7242.27,2025-12-14
635000,PRELEVEMENT SEPA DGFIP,REF660182,,0,470.00,2025-06-27
401006,PRLV SEPA SAS ROBIN SECURITE,,PRLV SEPA CPY:FR76442410 RUM:FR76442410 NBE:SAS ROBIN SECURITE<br />LIB:REGLEMENT FACTURE,0,12500.00,2025-07-19
401001,VIREMENT SEPA EURL GAUTHIER LOGI,,,0,18790.00,2025-01-25
611000,PRLV SEPA SAS MOREAU,REF257422,,0,9927.74,2024-10-15
445660,PRLV SEPA SAS MOREAU,REF257422,,0,1985.55,2024-10-15
612000,PRLV SEPA SA PICARD,REF807907,,0,3991.01,2024-06-26
445660,PRLV SEPA SA PICARD,REF807907,,0,798.20,2024-06-26
612000,PRELEVEMENT SEPA SAS LAMBERT,,,0,480.57,2024-09-25
445660,PRELEVEMENT SEPA SAS LAMBERT,,,0,96.12,2024-09-25
401001,PRLV SEPA EURL GAUTHIER LOGISTIQ,,,0,3796.03,2025-08-20
431000,PRLVT SEPA URSSAF,,PRLV SEPA NBE:URSSAF<br />LIB:COTISATIONS AOUT,0,9960.15,2025-08-08
645000,PRLV SEPA URSSAF,,PRLV SEPA NBE:URSSAF<br />LIB:COTISATIONS PATRONALES T3 2024,0,8780.81,2024-08-07
614000,PRLV SEPA SA LEFEVRE,,PRLV SEPA NBE:SA LEFEVRE<br />LIB:CHARGES LOCATIVES T3,0,162.41,2025-08-27
445660,PRLV SEPA SA LEFEVRE,,PRLV SEPA NBE:SA LEFEVRE<br />LIB:CHARGES LOCATIVES T3,0,32.48,2025-08-27
431000,PRELEVEMENT SEPA URSSAF,,,0,13226.99,2024-11-14
467000,VIR SEPA SAS FAURE,,,0,2280.66,2025-04-01
641000,VIREMENT SEPA SALAIRE JANVIER,,,0,2714.86,2025-01-28
411002,VIREMENT RECU SA GARNIER TRANSPO,,,1507.73,0,2025-07-15
512000,VIR RECU SARL MARTIN,,,7290.89,0,2025-10-21
601100,PRLV SEPA EDF,,,0,2198.09,2024-08-29
445660,PRLV SEPA EDF,,,0,439.62,2024-08-29
401002,VIR SEPA SARL FOURNIER BTP,,,0,7100.00,2025-06-08
421000,VIR SLAIRE JUIN,,,0,4791.01,2025-06-27
706000,VIR RECU SA INDUSTRIE NORD,,VIR SEPA NPY:SA INDUSTRIE NORD<br />LIB:PRESTATIONS SERVICES FAC2025266,2870.00,0,2025-06-28
411005,VIREMENT RECU SCI ROUSSEL ELECTR,,,6400.00,0,2025-10-30
758700,VIR RECU AXA ASSURANCES,,,11291.60,0,2025-05-29
613200,PRLV SEPA SARL BONNET,,,0,2820.69,2024-06-01
445660,PRLV SEPA SARL BONNET,,,0,564.14,2024-06-01
706000,VIREMENT RECU SA GROUPE LEGRAND,,,14332.18,0,2025-03-31
512000,VIR INTERNE,,,0,12475.46,2025-03-29
681000,DOTATION AMOTISSEMENT,,,0,13200.00,2024-12-24
408000,FACTURE NON PARVENUE SAS MOREAU,,,0,3232.33,2024-04-26
601100,PRLV SEPA SA GROUPE LEGRAND,,PRLV SEPA NBE:SA GROUPE LEGRAND<br />LIB:COMMANDE FAC2024060,0,5505.02,2024-09-17
445660,PRLV SEPA SA GROUPE LEGRAND,,PRLV SEPA NBE:SA GROUPE LEGRAND<br />LIB:COMMANDE FAC2024060,0,1101.00,2024-09-17
512000,VIR RECU SARL PETIT,,VIR SEPA NPY:SARL PETIT<br />LIB:VIREMENT RECU,29360.88,0,2025-09-30
401001,PRLV SEPA EURL GAUTHIER LOGISTIQ,,PRLV SEPA NBE:EURL GAUTHIER LOGISTIQUE<br />LIB:REGLEMENT ACHAT,0,3440.00,2025-12-26
645000,PRLV SEPA URSSAF,,,0,15430.41,2024-10-06
613200,PRLV SEPA EURL MERCIER,,,0,2545.69,2025-04-04
445660,PRLV SEPA EURL MERCIER,,,0,509.14,2025-04-04
635000,PRLVT SEPA DGFIP,,,0,4588.60,2025-08-16
707000,VIREMENT RECU SA CHIMIE FRANCE,,,23931.64,0,2024-10-30
512000,VIR INTERNE,REF202210,VIR INTERNE REF:FR69509188<br />LIB:VIREMENT DE COMPTE A COMPTE,0,15340.09,2025-03-28
401001,VIREMENT SEPA EURL GAUTHIER LOGI,,,0,11350.26,2024-12-31
707000,VIR RECU SAS DIGITAL SERVICES,,,9500.00,0,2024-10-31
661000,FRAIS BANCAIRES,REF373484,,0,9.98,2025-11-27
623000,CB ENGIE,,,0,496.67,2024-10-29
445660,CB ENGIE,,,0,99.33,2024-10-29
511500,ENCAISSEMENT CB,,REMISE CB DU 150724<br />LIB:ENCAISSEMENT CARTE,53.42,0,2024-07-15
627000,ENCAISSEMENT CB,,REMISE CB DU 150724<br />LIB:ENCAISSEMENT CARTE,0,0.53,2024-07-15
511500,ENCAISSEMENT CB,,,1117.03,0,2024-09-30
627000,ENCAISSEMENT CB,,,0,11.17,2024-09-30
625200,CB SAS GIRARD,,,0,255.17,2024-08-29
445660,CB SAS GIRARD,,,0,51.04,2024-08-29
615000,PRLV SEPA SAS LAURENT,,,0,2162.90,2025-07-31
445660,PRLV SEPA SAS LAURENT,,,0,432.58,2025-07-31
411003,VIREMENT RECU SARL GIRARD BTP,,,3077.10,0,2025-10-06
411008,VIR RECU SCI PETIT ELECTRICITE,,VIR SEPA NPY:SCI PETIT ELECTRICITE IBE:FR3379857962349216244198983 BIC:AGRIFRPP PDO:FR RCN:FAC2025420<br />LIB:REGLEMENT FACTURE FAC2025420,43500.00,0,2025-10-22
645100,PRLV SEPA MUTUELLE,REF463793,,0,1000.00,2025-10-31
625100,CB EURL BERNARD,,,0,581.42,2025-07-29
445660,CB EURL BERNARD,,,0,116.29,2025-07-29
404000,VIR SEPA SAS FAURE,,,0,42700.00,2025-02-06
645100,PRLVT SEPA MUTUELLE,REF104672,PRLV SEPA NBE:MUTUELLE<br />LIB:PREVOYANCE SANTE NOVEMBRE,0,1941.36,2024-11-28
641100,VIR SEPA SLAIRE JUILLET,,,0,3083.64,2024-07-29
530000,RETRAIT CAISSE,,,0,171.22,2025-12-18
411002,VIR RECU SA GARNIER TRANSPORTS,,,6000.00,0,2024-05-16
775000,VIR RECU SAS TECHNOLOGY PLUS,,VIR SEPA NPY:SAS TECHNOLOGY PLUS<br />LIB:CESSION VEHICULE,21157.95,0,2024-10-28
218000,VIR SAS DUPONT,,,0,25468.90,2025-11-30
445620,VIR SAS DUPONT,,,0,5093.78,2025-11-30
621000,PRLV SEPA SARLBONNET,,,0,573.07,2025-12-21
445660,PRLV SEPA SARLBONNET,,,0,114.61,2025-12-21
218000,CB SA PICARD,,CB SA PICARD<br />LIB:ACHAT MATERIEL,0,4750.00,2025-08-27
445620,CB SA PICARD,,CB SA PICARD<br />LIB:ACHAT MATERIEL,0,950.00,2025-08-27
625100,CB EURL BERARD,,,0,867.57,2024-06-18
445660,CB EURL BERARD,,,0,173.52,2024-06-18
681000,DOTATION AMORTISSEMENT,,,0,800.00,2024-12-27
611000,PRLV SEPA SARL BONNET,REF787984,PRLV SEPA NBE:SARL BONNET<br />LIB:SOUS-TRAITANCE,0,12916.67,2025-02-28
445660,PRLV SEPA SARL BONNET,REF787984,PRLV SEPA NBE:SARL BONNET<br />LIB:SOUS-TRAITANCE,0,2583.33,2025-02-28
637000,PRELEVEMENT SEPA DGFIP,,,0,1181.45,2025-06-29
601100,PRLVT SEPA SA PICARD,REF908320,PRLV SEPA NBE:SA PICARD<br />LIB:COMMANDE FAC2025614,0,3666.67,2024-09-27
445660,PRLVT SEPA SA PICARD,REF908320,PRLV SEPA NBE:SA PICARD<br />LIB:COMMANDE FAC2025614,0,733.33,2024-09-27
401006,VIREMENT SEPA SAS ROBIN SECURITE,,VIR SEPA REF:FR79356783 NPY:SAS ROBIN SECURITE<br />LIB:ACOMPTE FOURNISSEUR,0,15931.74,2024-11-15
601100,PAIEMENT CB MICROSOFT,,,0,3536.06,2025-07-31
445660,PAIEMENT CB MICROSOFT,,,0,707.21,2025-07-31
612000,PRLV SEPA SARL PETIT,,PRLV SEPA NBE:SARL PETIT<br />LIB:CREDIT-BAIL,0,1884.46,2025-04-23
445660,PRLV SEPA SARL PETIT,,PRLV SEPA NBE:SARL PETIT<br />LIB:CREDIT-BAIL,0,376.89,2025-04-23
601100,PRLV SEPA SARL CONSULTANT RH,,PRLV SEPA NBE:SARL CONSULTANT RH<br />LIB:COMMANDE FAC2024102,0,1394.30,2025-02-17
445660,PRLV SEPA SARL CONSULTANT RH,,PRLV SEPA NBE:SARL CONSULTANT RH<br />LIB:COMMANDE FAC2024102,0,278.86,2025-02-17
411001,VIR RECU SCI HENRY SECURITE,,,1420.00,0,2025-04-26
618000,CB SAS LAURENT,,,0,190.82,2024-12-18
445660,CB SAS LAURENT,,,0,38.17,2024-12-18
624000,CB CABINET EXPERTISE COMPTABLE,,,0,368.02,2025-08-18
445660,CB CABINET EXPERTISE COMPTABLE,,,0,73.61,2025-08-18
512000,VIR INTERNE,,,0,40488.51,2024-03-26
707000,VIR RECU SAS DIGITAL SERVICES,,,16850.00,0,2024-05-31
758700,VIR RECU ALLIANZ,,,13000.00,0,2025-09-29
641000,VIR SALAIRE AOUT,,,0,3896.84,2025-08-28
437000,PRLV SEPA POLE EMPLOI,,,0,2505.19,2024-02-05
681000,DOTATION AMORTISSEMENT,,LIB:DOTATION AMORTISSEMENT T4 2025,0,2359.67,2025-12-26
512100,VIR INTERNE,,VIR INTERNE REF:FR58954686<br />LIB:VIREMENT ENTRE COMPTES,0,67350.00,2025-07-26
625200,CB SAS MOREAU,,,0,335.92,2025-11-13
445660,CB SAS MOREAU,,,0,67.19,2025-11-13
512000,VIREMENT RECU SARL PETIT,,,6878.06,0,2025-08-19
445510,VIR SEPA DGFIP TVA,REF954413,,0,10130.00,2024-10-19
512000,FRAIS BANCAIRES,,FRAIS BANCAIRES<br />LIB:FRAIS DE GESTION JUILLET,0,135.48,2024-07-09
403000,VIR SEPA SARL PETIT,,,0,29400.00,2025-05-29
261000,VIR SEPA SAS LAMBERT,,,0,8313.05,2025-06-28
627000,PRLVT SEPA SFR,,,0,44.15,2024-03-02
411003,VIREMENT RECU SARL GIRARD BTP,REF456319,,43624.82,0,2025-10-29
445510,VIREMENT SEPA DGFIP TVA,,VIR SEPA NPY:DGFIP<br />LIB:TVA A DECAISSER T2 2025,0,13138.53,2025-04-18
641000,VIR SEPA SALAIRE MARS,,,0,2347.90,2024-03-27
411007,VIREMENT RECU SARL GARCIA DISTRI,,,5500.00,0,2025-05-06
411001,VIR RECU SCI HENRY SECURITE,,,24534.56,0,2025-12-29
708000,VIR RECU SARL COMMERCE DU SUD,REF337665,,2268.81,0,2024-09-26
611000,PRLV SEPA SAS FAURE,,PRLV SEPA NBE:SAS FAURE<br />LIB:SOUS-TRAITANCE,0,10160.72,2024-10-26
445660,PRLV SEPA SAS FAURE,,PRLV SEPA NBE:SAS FAURE<br />LIB:SOUS-TRAITANCE,0,2032.15,2024-10-26
707000,VIR RECU SA CHIMIE FRANCE,,,1958.95,0,2024-01-15
614000,PRLV SEPA SARL PETIT,,,0,1596.08,2024-01-22
445660,PRLV SEPA SARL PETIT,,,0,319.22,2024-01-22
625200,PAIEMENT CB SAS MOREAU,,CB SAS MOREAU<br />LIB:FRAIS HEBERGEMENT,0,284.23,2024-09-25
445660,PAIEMENT CB SAS MOREAU,,CB SAS MOREAU<br />LIB:FRAIS HEBERGEMENT,0,56.85,2024-09-25
401004,VIR SEPA SAS GARCIA INDUSTRIE,REF342403,VIR SEPA REF:FR73070750 NPY:SAS GARCIA INDUSTRIE<br />LIB:ACOMPTE FOURNISSEUR,0,19000.00,2024-08-26
626000,PRLV SEPA SAS GIRARD,,PRLV SEPA NBE:SAS GIRARD<br />LIB:TELECOMMUNICATIONS,0,199.58,2024-07-23
606100,PRLV SEPA MACIF,,,0,333.07,2024-03-25
445660,PRLV SEPA MACIF,,,0,66.61,2024-03-25
512000,FRAIS BANCAIRES,,,0,125.89,2025-07-28
708000,VIR RECU SARL MODE TEXTILE,,,4000.00,0,2024-02-29
512100,VIR INTERNE,REF599024,,0,72587.12,2024-04-10
613200,PRLVT SEPA EURL BERNARD,,,0,1741.67,2024-09-04
445660,PRLVT SEPA EURL BERNARD,,,0,348.33,2024-09-04
401005,PRELEVEMENT SEPA SCI GUERIN IMPR,,,0,552.00,2025-01-31
411002,VIR RECU SA GARNIER TRANSPORTS,,,15050.20,0,2024-11-10
431000,PRLV SEPA URSSAF,,,0,21914.77,2024-07-08
706000,VIREMENT RECU EURL DESIGN STUDIO,,,13407.18,0,2025-09-23
635000,PRLVT SEPA DGFIP,,,0,2454.09,2025-09-10
401004,PRELEVEMENT SEPA SAS GARCIA INDU,REF942643,PRLV SEPA NBE:SAS GARCIA INDUSTRIE<br />LIB:REGLEMENT ACHAT,0,544.70,2025-11-27
626000,PRLV SEPA SAS GIRARD,,,0,287.26,2024-11-28
707000,VIR RECU SAS TECHNOLOGY PLUS,,,13714.84,0,2024-11-16
601100,CB MAIF,,,0,1579.22,2025-12-25
445660,CB MAIF,,,0,315.84,2025-12-25
621000,PRLV SEPA SARL MARTIN,,,0,708.43,2025-08-07
445660,PRLV SEPA SARL MARTIN,,,0,141.69,2025-08-07
421000,VIR SALAIRE MARS,,,0,4110.61,2024-03-27
641000,IR SEPA SALAIRE JUILLET,REF202444,,0,2821.97,2025-07-26
512000,VIR INTERNE,,,0,6203.75,2024-04-03
401002,VIR SEPA SARL FOURNIER BTP,REF142441,VIR SEPA REF:FR89991867 NPY:SARL FOURNIER BTP<br />LIB:ACOMPTE FOURNISSEUR,0,2557.05,2025-07-31
404000,VIR SEPA SARL ANDRE,,,0,32254.89,2025-09-30
707000,VIREMENT RECU EURL ARTISAN BOIS,,,11509.89,0,2025-11-28
416000,VIR RECU SAS ECO ENERGIE,REF897378,,9565.43,0,2025-02-28
601100,CB EDF,,,0,311.63,2024-05-05
445660,CB EDF,,,0,62.33,2024-05-05
627000,PRELEVEMENT SEPA BOUYGUES TELECO,,PRLV SEPA NBE:BOUYGUES TELECOM<br />LIB:ABONNEMENT INTERNET,0,60.57,2024-06-27
641000,VIREMENT SEPA SALAIRE FEVRIER,,,0,2500.00,2025-02-26
612000,PRLV SEP SARL ANDRE,,PRLV SEPA NBE:SARL ANDRE<br />LIB:CREDIT-BAIL,0,407.07,2025-07-09
445660,PRLV SEP SARL ANDRE,,PRLV SEPA NBE:SARL ANDRE<br />LIB:CREDIT-BAIL,0,81.41,2025-07-09
661000,INTERETS EMPRUNT,,,0,1300.00,2024-08-28
641000,VIR SALAIRE JUIN,,,0,3014.74,2025-06-26
411008,VIR RECU SCI PETIT ELECTRICITE,,,21000.00,0,2025-07-25
411002,VIR RECU SA GARNIER TRANSPORTS,,,38050.00,0,2024-03-21
771000,VIR RECU SA GROUPE LEGRAND,REF197521,,7234.80,0,2024-06-29
623000,CARTE SA FOURNIER,,,0,1529.55,2025-02-11
445660,CARTE SA FOURNIER,,,0,305.91,2025-02-11
530000,RETRAIT CAISSE,REF773354,RETRAIT DAB<br />LIB:APPROVISIONNEMENT CAISSE,0,706.02,2024-05-28
601100,PRLVT SEPA SA GROUPE LEGRAND,,,0,126.18,2025-09-22
445660,PRLVT SEPA SA GROUPE LEGRAND,,,0,25.24,2025-09-22
704000,VIREMENT RECU EURL ARTISAN BOIS,,VIR SEPA NPY:EURL ARTISAN BOIS<br />LIB:TRAVAUX FAC2024638,23421.63,0,2024-07-10
691000,VIR SEPA DGFIP IS,,,0,47662.63,2025-03-20
613200,PRLV SEPA EURL BERNARD,,,0,3878.72,2024-06-02
445660,PRLV SEPA EURL BERNARD,,,0,775.75,2024-06-02
601100,PRELEVEMENT SEPA MACIF,,,0,4474.76,2024-02-26
445660,PRELEVEMENT SEPA MACIF,,,0,894.95,2024-02-26
611000,PRLV SEPA SAS FAURE,REF273443,PRLV SEPA NBE:SAS FAURE<br />LIB:SOUS-TRAITANCE,0,4916.70,2024-08-04
445660,PRLV SEPA SAS FAURE,REF273443,PRLV SEPA NBE:SAS FAURE<br />LIB:SOUS-TRAITANCE,0,983.34,2024-08-04
401003,VIR SEPA SARL GIRARD SECURITE,,,0,1769.53,2025-03-25
601100,B EDF,,,0,833.33,2025-09-26
445660,B EDF,,,0,166.67,2025-09-26
741000,VIR RECU SUBVENTION,,,34791.47,0,2024-01-29
708000,VIREMENT RECU SARL TRANSPORT EXP,,,112.58,0,2025-09-01
431000,PRLVT SEPA URSSAF,,,0,2110.14,2025-09-08
514000,REMISE CHEQUE,,REMISE CHQ N 498017<br />LIB:ENCAISSEMENT CHEQUE,8071.77,0,2025-08-11
635000,PRLVT SEPA DGFIP,,,0,1758.66,2024-09-05
626000,PRLVT SEPA EURL BERNARD,,,0,74.99,2025-08-31
706000,VIR RECU SA GROUPE LEGRAND,,VIR SEPA NPY:SA GROUPE LEGRAND<br />LIB:HONORAIRES OCTOBRE,2682.96,0,2025-10-25
205000,VIR SA LEFEVRE,,,0,15000.00,2025-07-27
486000,CHARGE CONSTATEE AVANCE,,,0,1447.45,2024-12-28
707000,VIR RECU SAS DIGITAL SERVICES,,,9043.58,0,2024-09-30
625200,CB SAS FAURE,REF727543,,0,161.28,2024-05-26
445660,CB SAS FAURE,REF727543,,0,32.26,2024-05-26
625200,CB SARL GAUTIER,REF356736,,0,562.90,2024-09-25
445660,CB SARL GAUTIER,REF356736,,0,112.58,2024-09-25
164000,PRLVT SEPA ECHEANCE EMPRUNT,REF521789,,0,6147.84,2025-09-12
661100,PRLVT SEPA ECHEANCE EMPRUNT,REF521789,,0,1383.27,2025-09-12
616000,PRLVT SEPA ECHEANCE EMPRUNT,REF521789,,0,153.70,2025-09-12
512000,VIR INTERNE,,,0,29780.77,2024-08-25
445510,VIREMENT SEPA DGFIP TVA,,,0,11557.58,2024-07-23
645000,PRLV SEPA RSSAF,,,0,12225.80,2024-04-15
626000,PRELEVEMENT SEPA LA POSTE,,,0,46.41,2024-02-15
713000,VIREMENT RECU SARL MODE TEXTILE,,,8548.74,0,2024-03-21
641100,VIR SEPA SALAIRE FEVRIER,,,0,3000.00,2024-02-28
411007,VIR RECU SARL GARCIA DISTRIBUTIO,,,31718.07,0,2025-05-06
512000,VIR INTERNE,,,0,39150.00,2024-10-29
401008,VIREMENT SEPA SAS BLANC SECURITE,,VIR SEPA REF:FR61050031 NPY:SAS BLANC SECURITE<br />LIB:COMMANDE FOURNITURES LCC:BON COMMANDE 500101,0,17496.20,2025-11-26
661000,INTERETS EMPRUNT,,,0,766.75,2025-01-25
467000,VIR SEPA SAS LAURENT,,VIR SEPA NPY:SAS LAURENT<br />LIB:COMPTE TRANSITOIRE,0,2911.07,2025-02-28
708000,VIR RECU SARL COMMERCE DU SUD,,,2909.19,0,2025-09-29
614000,PRLV SEPA SARL PETIT,REF674444,,0,675.82,2024-07-01
445660,PRLV SEPA SARL PETIT,REF674444,,0,135.16,2024-07-01
618000,CARTE SCI ROUX,,CB SCI ROUX<br />LIB:DOCUMENTATION TECHNIQUE,0,166.67,2025-02-08
445660,CARTE SCI ROUX,,CB SCI ROUX<br />LIB:DOCUMENTATION TECHNIQUE,0,33.33,2025-02-08
706000,VIR RECU SA INDUSTRIE NORD,,,3504.29,0,2025-07-30
641000,VIR SEPA SALAIRE SEPTEMBRE,,,0,1525.84,2025-09-30
602000,CARTE SAS MOREAU,,,0,7916.67,2024-11-27
445660,CARTE SAS MOREAU,,,0,1583.33,2024-11-27
761000,VIR RECU INTERETS,,,1000.00,0,2025-11-25
512000,FRAIS BNCAIRES,,,0,123.20,2024-11-02
614000,PRLVT SEPA SA PICARD,,,0,605.91,2025-12-17
445660,PRLVT SEPA SA PICARD,,,0,121.18,2025-12-17
512000,VIR RECU SARL PETIT,,VIR SEPA NPY:SARL PETIT<br />LIB:VIREMENT RECU,2062.92,0,2025-09-28
651000,VIREMENT SEPA SAS LAMBERT,,,0,2583.33,2025-06-19
445660,VIREMENT SEPA SAS LAMBERT,,,0,516.67,2025-06-19
613200,PRELEVEMENT SEPA EURL MERCIER,,,0,3347.21,2024-05-03
445660,PRELEVEMENT SEPA EURL MERCIER,,,0,669.44,2024-05-03
668000,FRAIS FINANIERS,,LIB:CHARGES FINANCIERES DIVERSES,0,129.49,2025-09-22
511500,ENCAISSEMENT CB,,,2000.00,0,2024-06-30
627000,ENCAISSEMENT CB,,,0,20.00,2024-06-30
708000,VIR RECU SARL COMMERCE DU SUD,,,2049.24,0,2024-01-29
601100,CARTE SARL GAUTIER,,CB SARL GAUTIER<br />LIB:ACHAT MARCHANDISES,0,1614.02,2025-12-27
445660,CARTE SARL GAUTIER,,CB SARL GAUTIER<br />LIB:ACHAT MARCHANDISES,0,322.81,2025-12-27
615000,PRELEVEMENT SEPA SAS DUPONT,,,0,1481.34,2025-05-01
445660,PRELEVEMENT SEPA SAS DUPONT,,,0,296.27,2025-05-01
211000,VIR SEPA SARL ANDRE,,,0,109637.57,2025-07-27
627000,PRLV SEPA ORANGE SA,,,0,67.04,2024-03-25
601100,CARTE SA FOURNIER,,,0,1278.37,2025-06-25
445660,CARTE SA FOURNIER,,,0,255.67,2025-06-25
624000,CARTE SAS LAURENT,,,0,414.39,2025-10-31
445660,CARTE SAS LAURENT,,,0,82.88,2025-10-31
411002,VIREMENT RECU SA GARNIER TRANSPO,,,19464.41,0,2025-02-24
467000,VIR SEPA SAS FAURE,,,0,1000.00,2025-07-28
626100,PRELEVEMENT SEPA SA FOURNIER,REF243052,PRLV SEPA NBE:SA FOURNIER<br />LIB:FRAIS TELEPHONIQUES,0,166.67,2025-09-10
445660,PRELEVEMENT SEPA SA FOURNIER,REF243052,PRLV SEPA NBE:SA FOURNIER<br />LIB:FRAIS TELEPHONIQUES,0,33.33,2025-09-10
606300,PRLV SEPA MACIF,,PRLV SEPA NBE:MACIF<br />LIB:EAU ELECTRICITE,0,35.62,2024-04-29
445660,PRLV SEPA MACIF,,PRLV SEPA NBE:MACIF<br />LIB:EAU ELECTRICITE,0,7.13,2024-04-29
708000,VIR RECU SA PHARMA SANTE,,,4844.82,0,2025-11-02
514000,REMISE CHEQUE,,,9677.34,0,2024-02-03
530000,RETRAIT CAISSE,,RETRAIT DAB<br />LIB:APPROVISIONNEMENT CAISSE,0,841.81,2025-10-19
401002,PRLV SEPA SARL FOURNIER BTP,REF580997,PRLV SEPA CPY:FR44112381 RUM:FR44112381 NBE:SARL FOURNIER BTP<br />LIB:REGLEMENT FACTURE,0,189.24,2025-03-26
401004,PRLV SEPA SAS GARCIA INDUSTRIE,,PRLV SEPA NBE:SAS GARCIA INDUSTRIE<br />LIB:REGLEMENT ACHAT,0,1564.27,2025-08-29
625100,CARTE EURL BERNARD,REF645872,,0,138.42,2025-04-27
445660,CARTE EURL BERNARD,REF645872,,0,27.69,2025-04-27
641000,VIR SEPA SALAIRE AOUT,,VIR SEPA<br />LIB:SALAIRE AOUT 2025,0,1954.12,2025-08-28
401004,VIR SAS GARCIA INDUSTRIE,,,0,4577.71,2024-04-22
631000,PRLV SEPA DGFIP,,PRLV SEPA NBE:DGFIP<br />LIB:FORMATION CONTINUE 2024,0,1903.33,2024-07-01
626100,PRLVT SEPA SA FOURNIER,,,0,166.67,2025-08-22
445660,PRLVT SEPA SA FOURNIER,,,0,33.33,2025-08-22
580000,VIR INTERE,,VIR INTERNE<br />LIB:VIREMENT INTERNE,0,44777.68,2024-10-13
416000,VIR RECU EURL ARTISAN BOIS,,,9970.45,0,2025-02-27
401003,VIR SARL GIRARD SECURITE,,,0,11900.00,2024-04-04
580000,VIR INTERNE,,VIR INTERNE<br />LIB:VIREMENT INTERNE,0,1957.73,2025-02-23
601100,PAIEMENT CB SA FOURNIER,,,0,95.48,2025-10-26
445660,PAIEMENT CB SA FOURNIER,,,0,19.10,2025-10-26
401003,PRLV SEPA SARL GIRARD SECURITE,,,0,379.29,2025-05-16
645100,PRELEVEMENT SEPA MUTUELLE,,,0,365.26,2024-06-30
707000,VIREMENT RECU SA CHIMIE FRANCE,,,2374.60,0,2024-04-28
658000,VIR SEPA SAS DUVAL,,,0,699.74,2025-04-10
421000,VIR SEPA SALAIRE AVRIL,,VIR SEPA<br />LIB:SALAIRE AVRIL 2025,0,3057.78,2025-04-27
601100,PRLV SEPA SA GROUPE LEGRAND,,,0,3287.65,2024-10-08
445660,PRLV SEPA SA GROUPE LEGRAND,,,0,657.53,2024-10-08
661000,INTERETS EMPRUNT,,INTERETS<br />LIB:INTERET DEBITEUR JUIN 2024,0,1884.15,2024-06-30
421000,VIR SEPA SALAIRE MAI,,VIR SEPA<br />LIB:SALAIRE MAI 2025,0,2500.00,2025-05-27
606100,CB SAS MOREAU,,CB SAS MOREAU<br />LIB:FOURNITURES NON STOCKABLES,0,333.33,2025-09-11
445660,CB SAS MOREAU,,CB SAS MOREAU<br />LIB:FOURNITURES NON STOCKABLES,0,66.67,2025-09-11
626000,PRLV SEPA LA POSTE,,,0,54.60,2024-10-25
627000,PRLV SEPA BOUYGUES TELECOM,,,0,100.00,2024-03-16
651000,VIR SAS MOREAU,,,0,3644.83,2025-01-12
445660,VIR SAS MOREAU,,,0,728.97,2025-01-12
707000,VIREMENT RECU SAS DIGITAL SERVIC,REF766033,,22500.00,0,2025-06-08
641000,VIR SEPA SALAIRE MAI,,,0,2516.88,2024-05-29
213100,VIR SEPA SAS MOREAU,,,0,64197.78,2024-12-27
613200,PRLV SEPA SCI ROUX,,,0,3601.44,2025-04-05
445660,PRLV SEPA SCI ROUX,,,0,720.29,2025-04-05
445510,VIR SEPA DGFIP TVA,,,0,12000.00,2024-07-18
411005,VIR RECU SCI ROUSSEL ELECTRICITE,,,20880.00,0,2024-06-15
401001,VIR SEPA EURL GAUTHIER LOGISTIQU,,VIR SEPA REF:FR11388597 NPY:EURL GAUTHIER LOGISTIQUE<br />LIB:ACOMPTE FOURNISSEUR,0,13755.44,2025-03-26
611000,PRLV SEPA SARL BONNET,,,0,6638.02,2024-08-26
445660,PRLV SEPA SARL BONNET,,,0,1327.60,2024-08-26
645000,PRLV SEPA URSSAF,,PRLV SEPA NBE:URSSAF<br />LIB:COTISATIONS PATRONALES T1 2024,0,16431.67,2024-03-07
401004,PRLV SEPA SAS GARCIA INDUSTRIE,,,0,13759.83,2025-07-25
645000,PRLV SEPA URSSAF,,,0,4879.13,2025-06-06
486000,CHARGE CONSTATEE AVANCE,,,0,2250.00,2024-12-29
625100,CB EURL BERNARD,,,0,706.97,2025-09-09
445660,CB EURL BERNARD,,,0,141.40,2025-09-09
707000,VIR RECU SAS TECHNOLOGY PLUS,,VIR SEPA NPY:SAS TECHNOLOGY PLUS<br />LIB:VENTE MARCHANDISES FAC2024554,2455.02,0,2025-12-25
621000,PRLV SEPA EURL BERNARD,,PRLV SEPA NBE:EURL BERNARD<br />LIB:PERSONNEL INTERIMAIRE,0,5051.22,2024-04-10
445660,PRLV SEPA EURL BERNARD,,PRLV SEPA NBE:EURL BERNARD<br />LIB:PERSONNEL INTERIMAIRE,0,1010.25,2024-04-10
631000,PRELEVEMENT SEPA DGFIP,,,0,2236.84,2025-09-03
613200,PRELEVEMENT SEPA SARL BONNET,,PRLV SEPA NBE:SARL BONNET<br />LIB:LOYER DECEMBRE 2025,0,2025.54,2025-12-03
445660,PRELEVEMENT SEPA SARL BONNET,,PRLV SEPA NBE:SARL BONNET<br />LIB:LOYER DECEMBRE 2025,0,405.11,2025-12-03
211000,VIR SEPA SARL MARTIN,,,0,168435.10,2024-09-25
707000,VIREMENT RECU SAS DIGITAL SERVIC,,,24380.91,0,2025-05-28
606100,CB MACIF,,CB MACIF<br />LIB:FOURNITURES NON STOCKABLES,0,49.30,2025-02-28
445660,CB MACIF,,CB MACIF<br />LIB:FOURNITURES NON STOCKABLES,0,9.86,2025-02-28
706000,VIR RECU SA INDUSTRIE NORD,,,4564.00,0,2024-07-30
707000,VIREMENT RECU SAS DIGITAL SERVIC,,,22591.37,0,2025-09-14
627000,PRLV SEPA ORANGE SA,,,0,53.36,2025-03-29
706000,VIR RECU SA INDUSTRIE NORD,,VIR SEPA NPY:SA INDUSTRIE NORD<br />LIB:PRESTATIONS SERVICES FAC2024056,8000.00,0,2025-02-25
601100,CARTE MAIF,,CB MAIF<br />LIB:ACHAT MARCHANDISES,0,3892.77,2024-09-14
445660,CARTE MAIF,,CB MAIF<br />LIB:ACHAT MARCHANDISES,0,778.56,2024-09-14
401005,PRLV SEPA SCI GUERIN IMPRIMERIE,,,0,2327.81,2025-09-26
401001,VIREMENT SEPA EURL GAUTHIER LOGI,,VIR SEPA REF:FR28338617 NPY:EURL GAUTHIER LOGISTIQUE<br />LIB:FACTURE FOURNISSEUR FAC2024614 LC2:ECHEANCE JUIN,0,7736.27,2025-06-14
401001,PRLV SEPA EURL GAUTHIER LOGISTIQ,,,0,4500.00,2025-09-28
401002,VIR SEPA SARL FOURNIER BTP,,,0,9000.00,2024-08-30
706000,VIR RECU EURL DESIGN STUDIO,,,7410.43,0,2025-05-09
411002,VIREMENT RECU SA GARNIER TRANSPO,,,22987.36,0,2025-04-26
431000,PRLV SEPA URSSAF,,,0,14000.00,2024-06-09
621000,PRLV SEPA SAS DUPONT,,,0,6235.14,2024-10-25
445660,PRLV SEPA SAS DUPONT,,,0,1247.03,2024-10-25
601100,PRELEVEMENT SEPA EDF,,PRLV SEPA NBE:EDF<br />LIB:COMMANDE FAC2025575,0,425.32,2024-04-29
445660,PRELEVEMENT SEPA EDF,,PRLV SEPA NBE:EDF<br />LIB:COMMANDE FAC2025575,0,85.06,2024-04-29
421000,VIR SEPA SALAIRE DECEMBRE,,,0,1300.00,2025-12-26
707000,VIR RECU SAS TECHNOLOGY PLUS,,VIR SEPA NPY:SAS TECHNOLOGY PLUS<br />LIB:VENTE MARCHANDISES FAC2024973,8117.02,0,2024-05-26
622000,VIR SEPA SAS DUVAL,,,0,500.00,2025-10-21
445660,VIR SEPA SAS DUVAL,,,0,100.00,2025-10-21
401001,VIREMENT SEPA EURL GAUTHIER LOGI,REF111044,,0,15415.05,2025-08-24
411001,VIR RECU SCI HENRY SECURITE,,,18685.28,0,2025-02-28
601100,CB EDF,,,0,1335.42,2025-01-21
445660,CB EDF,,,0,267.09,2025-01-21
401007,PRLV SEPA SAS MASSON CONSEIL,,,0,3000.00,2025-11-26
661000,AGIOS BANCAIRES,,,0,489.33,2025-12-30
401002,PRELEVEMENT SEPA SARL FOURNIER B,,PRLV SEPA NBE:SARL FOURNIER BTP<br />LIB:REGLEMENT ACHAT,0,3084.07,2025-05-28
601100,CB SA GROUPE LEGRAND,,,0,1000.00,2025-05-22
445660,CB SA GROUPE LEGRAND,,,0,200.00,2025-05-22
411006,VIR RECU SARL LEFEVRE CONSEIL,REF231816,,500.00,0,2025-05-29
512000,VIR RECU SAS FAURE,,,13000.00,0,2025-05-25
416000,VIR RECU EURL ARTISAN BOIS,,,7340.00,0,2025-06-27
781000,REPRISE AMORTISSEMENT,,,490.00,0,2024-12-25
512000,VIR INTERNE,,,0,5072.73,2025-12-03
604000,CB ALLIANZ,,,0,5834.91,2025-09-27
445660,CB ALLIANZ,,,0,1166.98,2025-09-27
626100,PRELEVEMENT SEPA SA FOURNIER,,PRLV SEPA NBE:SA FOURNIER<br />LIB:FRAIS TELEPHONIQUES,0,101.66,2025-05-25
445660,PRELEVEMENT SEPA SA FOURNIER,,PRLV SEPA NBE:SA FOURNIER<br />LIB:FRAIS TELEPHONIQUES,0,20.33,2025-05-25
404000,VIR SEPA SAS DUVAL,,VIR SEPA NPY:SAS DUVAL<br />LIB:ACHAT IMMOBILISATION,0,6414.41,2024-11-12
601100,CB SA GROUPE LEGRAND,,,0,646.41,2024-01-28
445660,CB SA GROUPE LEGRAND,,,0,129.28,2024-01-28
635000,PRLV SEPA DGFIP,,PRLV SEPA NBE:DGFIP<br />LIB:AUTRES IMPOTS 2024,0,2716.38,2024-11-16
627000,PRLV SEPA OVH SAS,,,0,286.82,2025-06-25
411003,VIR RECU SARL GIRARD BTP,,,17077.57,0,2025-03-28
512000,FRAIS BANCAIRES,,,0,65.47,2025-10-06
401006,PRLV SEPA SAS ROBIN SECURITE,,,0,3250.00,2025-09-26
706000,VIR RECU SA INDUSTRIE NORD,,VIR SEPA NPY:SA INDUSTRIE NORD<br />LIB:HONORAIRES FEVRIER,2280.44,0,2025-02-28
411002,VIREMENT RECU SA GARNIER TRANSPO,,,21852.09,0,2025-03-28
613200,PRLV SEPA EURL MERCIER,,,0,1229.03,2024-06-04
445660,PRLV SEPA EURL MERCIER,,,0,245.81,2024-06-04
401001,VIR SEPA EURL GAUTHIER LOGISTIQU,,,0,1897.22,2024-09-28
625100,CB EURL BERNARD,REF679012,,0,484.60,2025-08-25
445660,CB EURL BERNARD,REF679012,,0,96.92,2025-08-25
411001,VIR RECU SCI HENRY SECURITE,REF941947,,23900.00,0,2025-12-19
411001,VIR RECU SCI HENRY SECURITE,,VIR SEPA NPY:SCI HENRY SECURITE IBE:DE79571492966369656769 BIC:DEUTDEFF PDO:DE<br />LIB:REGLEMENT CLIENT FAC2025223,20481.32,0,2025-11-25
601100,CARTE SA GROUPE LEGRAND,,,0,1750.00,2024-09-28
445660,CARTE SA GROUPE LEGRAND,,,0,350.00,2024-09-28
625200,PAIEMENT CB SAS FAURE,,,0,75.00,2025-10-22
445660,PAIEMENT CB SAS FAURE,,,0,15.00,2025-10-22
401001,PRLV SEPA EURL GAUTHIER LOGISTQU,REF373504,,0,7800.29,2025-12-30
401003,PRLV SEPA SARL GIRARD SECURIE,,,0,7356.92,2024-04-30
706000,VIR RECU EURL DESIGN STUDIO,REF586596,,15672.10,0,2025-02-28
631000,PRLV SEPA DGFIP,REF708449,,0,269.15,2024-10-04
611000,PRLV SEPA SARL BONNET,,PRLV SEPA NBE:SARL BONNET<br />LIB:SOUS-TRAITANCE,0,10574.85,2024-02-29
445660,PRLV SEPA SARL BONNET,,PRLV SEPA NBE:SARL BONNET<br />LIB:SOUS-TRAITANCE,0,2114.97,2024-02-29
708000,VIREMENT RECU SARL TRANSPORT EXP,,,2981.55,0,2024-07-23
403000,VIR SA GROUPE LEGRAND,,VIR SEPA NPY:SA GROUPE LEGRAND<br />LIB:EFFETS A PAYER,0,20241.54,2024-02-24
623000,CARTE SAS MOREAU,REF472625,,0,1090.00,2025-01-12
445660,CARTE SAS MOREAU,REF472625,,0,218.00,2025-01-12
623000,PAIEMENT CB ENGIE,,,0,1985.07,2025-05-27
445660,PAIEMENT CB ENGIE,,,0,397.02,2025-05-27
401006,VIR SAS ROBIN SECURITE,,,0,6922.84,2025-09-28
512000,REMISE CHEQUE,,,2889.88,0,2024-09-08
601100,CARTE SAS DUVAL,REF343977,CB SAS DUVAL FACT:FAC2024219<br />LIB:ACHAT FOURNITURES,0,1466.67,2024-03-09
445660,CARTE SAS DUVAL,REF343977,CB SAS DUVAL FACT:FAC2024219<br />LIB:ACHAT FOURNITURES,0,293.33,2024-03-09
601100,CARTE EDF,,,0,333.33,2024-03-11
445660,CARTE EDF,,,0,66.67,2024-03-11
404000,VIR SEPA SA FOURNIER,,,0,24245.23,2024-02-29
668000,FRAIS FINANCIERS,,LIB:CHARGES FINANCIERES DIVERSES,0,204.85,2025-08-31
622000,VIR SEPA SA FOURNIER,,,0,5326.10,2025-05-30
445660,VIR SEPA SA FOURNIER,,,0,1065.22,2025-05-30
621000,PRLV SEPA SARL BONNET,,,0,7617.43,2024-11-29
445660,PRLV SEPA SARL BONNET,,,0,1523.49,2024-11-29
511500,ENCAISSEMENT CB,,,751.01,0,2025-06-06
627000,ENCAISSEMENT CB,,,0,7.51,2025-06-06
621000,PRLV SEPA SAS LAURENT,,,0,3199.77,2025-09-25
445660,PRLV SEPA SAS LAURENT,,,0,639.96,2025-09-25
635000,PLV SEPA DGFIP,,PRLV SEPA NBE:DGFIP<br />LIB:AUTRES IMPOTS 2024,0,347.45,2024-03-04
681000,DOTATION AMORTISSEMENT,,,0,6000.00,2025-12-20
627000,PRLV SEPA BOUYGUES TELECOM,,PRLV SEPA NBE:BOUYGUES TELECOM<br />LIB:ABONNEMENT INTERNET,0,79.21,2025-11-29
486000,CHARGE CONSTATEE AVANCE,,,0,2424.06,2024-12-28
625100,PAIEMENT CB MAIF,,CB MAIF<br />LIB:DEPLACEMENT MISSION,0,583.33,2025-07-25
445660,PAIEMENT CB MAIF,,CB MAIF<br />LIB:DEPLACEMENT MISSION,0,116.67,2025-07-25
411002,VIR RECU SA GARNIER TRANSPORTS,,,42846.08,0,2025-09-05
706000,VIR RECU EURL DESIGN STUDIO,,,5277.92,0,2024-06-25
641000,VIR SEPA SALAIR MAI,,VIR SEPA<br />LIB:SALAIRE MAI 2025,0,3300.08,2025-05-30
612000,PRLV SEPA SAS LAMBERT,,PRLV SEPA NBE:SAS LAMBERT<br />LIB:CREDIT-BAIL,0,2166.67,2024-01-16
445660,PRLV SEPA SAS LAMBERT,,PRLV SEPA NBE:SAS LAMBERT<br />LIB:CREDIT-BAIL,0,433.33,2024-01-16
706000,VIR RECU SA GROUPE LEGRAND,,,2522.35,0,2025-02-25
601100,CARTE SAS DUVAL,,,0,1623.96,2024-08-01
445660,CARTE SAS DUVAL,,,0,324.79,2024-08-01
411001,VIR RECU SCI HENRY SECURITE,,VIR SEPA NPY:SCI HENRY SECURITE IBE:DE79571492966369656769 BIC:DEUTDEFF PDO:DE<br />LIB:REGLEMENT CLIENT FAC2024886,15189.60,0,2024-02-22
512000,REMISE CHEQUE,,,5315.63,0,2025-05-22
512100,VIRINTERNE,,,0,84467.30,2025-03-28
614000,PRLV SEPA SA PICARD,,,0,1231.77,2025-07-02
445660,PRLV SEPA SA PICARD,,,0,246.35,2025-07-02
411002,VIR RECU SA GARNIER TRANSPORTS,,VIR SEPA NPY:SA GARNIER TRANSPORTS IBE:BE48861929000308 BIC:GEBABEBB PDO:BE<br />LIB:REGLEMENT CLIENT FAC2025368,12925.34,0,2024-01-31
421000,VIR SALAIRE DECEMBRE,,,0,1799.05,2025-12-31
512000,VIR INTERNE,,VIR INTERNE REF:FR16856217<br />LIB:VIREMENT DE COMPTE A COMPTE,0,17925.82,2024-04-10
631000,PRLV SEPA DGFIP,,,0,2646.02,2025-09-27
621000,PRELEVEMENT SEPA SARL ANDRE,,,0,1750.00,2024-03-26
445660,PRELEVEMENT SEPA SARL ANDRE,,,0,350.00,2024-03-26
612000,PRLV SEPA SA PICARD,,,0,2598.45,2024-11-28
445660,PRLV SEPA SA PICARD,,,0,519.69,2024-11-28
401008,VIR SEPA SAS BLANC SECURITE,,,0,9526.04,2024-03-05
614000,PRLV SEPA EURL BERNARD,,PRLV SEPA NBE:EURL BERNARD<br />LIB:CHARGES LOCATIVES T3,0,360.91,2025-07-05
445660,PRLV SEPA EURL BERNARD,,PRLV SEPA NBE:EURL BERNARD<br />LIB:CHARGES LOCATIVES T3,0,72.18,2025-07-05
437000,PRLVT SEPA POLE EMPLOI,,,0,1791.66,2025-06-11
512000,VIR INTERNE,REF993550,,0,17000.00,2024-07-29
645000,PRLV SEPA URSSAF,,,0,6937.37,2024-10-13
625100,CB SARL GAUTIER,,,0,166.67,2025-09-14
445660,CB SARL GAUTIER,,,0,33.33,2025-09-14
401001,PRLV SEPA EURL GAUTHIER LOGISTIQ,,PRLV SEPA CPY:FR53528079 NBE:EURL GAUTHIER LOGISTIQUE<br />LIB:FACTURE FAC2025083,0,500.00,2025-12-30
628000,CB ENGIE,,,0,56.33,2024-11-30
633000,PRLV SEPA DGFIP,,,0,2758.90,2025-02-13
411001,VIR RECU SCI HENRY SECURITE,,,10889.15,0,2025-06-25
661000,FRAIS BANCAIRES,REF384402,,0,25.43,2024-09-30
706000,VIR RECU SA GROUPE LEGRAND,,,707.31,0,2025-11-26
401004,PRLV SEPA SAS GARCIA INDUSTRIE,,,0,1079.18,2024-07-16
641000,VIR SEPA SALAIRE JUILLET,,,0,3934.25,2024-07-28
419000,VIREMENT RECU SAS CONSEIL RH,,,3278.85,0,2024-11-01
641000,VIR SEPA SALAIRE MARS,,VIR SEPA<br />LIB:SALAIRE MARS 2025,0,1500.00,2025-03-25
708000,VIR RECU SARL TRANSPORT EXPRESS,,,3800.00,0,2024-11-30
401006,VIREMENT SEPA SAS ROBIN SECURITE,,,0,9859.72,2024-05-31
631000,PRLV SEPA DGFIP,,PRLV SEPA NBE:DGFIP<br />LIB:FORMATION CONTINUE 2024,0,742.16,2024-12-06
612000,PRELEVEMENT SEPA SARL PETIT,,,0,443.65,2025-08-28
445660,PRELEVEMENT SEPA SARL PETIT,,,0,88.73,2025-08-28
612000,PRELEVEMENT SEPA SA PICARD,,,0,1933.49,2024-06-07
445660,PRELEVEMENT SEPA SA PICARD,,,0,386.70,2024-06-07
641000,VIR SEPA SALAIRE AVRIL,,VIR SEPA<br />LIB:REMUNERATION AVRIL,0,4060.00,2025-04-26
627000,PRLV SEPA SFR,,,0,80.00,2025-04-30
401002,PRELEVEMENT SEPA SARL FOURNIER B,,,0,4501.21,2025-01-18
641000,VIR SEPA SALAIRE JANVIER,,,0,1947.30,2025-01-28
641000,VIREMENT SEPA SALAIRE OCTOBRE,,,0,4000.00,2024-10-31
601100,CARTE EDF,,CB EDF<br />LIB:ACHAT MARCHANDISES,0,254.98,2024-11-07
445660,CARTE EDF,,CB EDF<br />LIB:ACHAT MARCHANDISES,0,51.00,2024-11-07
708000,VIREMENT RECU SA GROUPE ALIMENAI,,,4265.15,0,2025-07-25
701000,VIR RECU SAS TECHNOLOGY PLUS,REF353536,,30000.00,0,2025-07-14
408000,FACTURE NON PARVENUE SARL ANDRE,,,0,3439.30,2024-11-25
613200,PRLV SEPA SARL BONNET,,,0,1962.88,2025-07-02
445660,PRLV SEPA SARL BONNET,,,0,392.58,2025-07-02
641000,VIR SEPA SALAIRE AOUT,,VIR SEPA<br />LIB:REMUNERATION AOUT,0,2421.78,2024-08-27
411002,VIR RECU SA GARNIER TRANSPORTS,,,27500.00,0,2025-09-15
707000,VIR RECU SA BTP CONSTRUCTIONS,,VIR SEPA NPY:SA BTP CONSTRUCTIONS<br />LIB:VENTE MARCHANDISES FAC2024685,16707.51,0,2025-11-20
401003,PRLVT SEPA SARL GIRARD SECURITE,,,0,6721.25,2024-09-08
613200,PRELEVEMENT SEPA EURL MERCIER,,,0,2168.08,2025-11-05
445660,PRELEVEMENT SEPA EURL MERCIER,,,0,433.62,2025-11-05
601100,PRLV SEPA SA GROUPE LEGRAND,,,0,5461.03,2024-01-23
445660,PRLV SEPA SA GROUPE LEGRAND,,,0,1092.21,2024-01-23
631000,PRLV SEPA DGFIP,,,0,2417.07,2025-12-17
661000,AGIOS BANCAIRES,,,0,17.04,2025-03-26
511500,ENCAISSEMENT CB,,REMISE CB DU 270425<br />LIB:ENCAISSEMENT CARTE,1808.17,0,2025-04-27
627000,ENCAISSEMENT CB,,REMISE CB DU 270425<br />LIB:ENCAISSEMENT CARTE,0,18.08,2025-04-27
628000,PAIEMENT CB SARL CONSULTANT RH,REF233268,CB SARL CONSULTANT RH<br />LIB:SERVICES BANCAIRES DIVERS,0,132.70,2025-10-02
704000,VIR RECU SAS CONSEIL RH,,,3158.35,0,2024-05-30
627000,PRLV SEPA OANGE SA,,,0,99.81,2025-11-29
631000,PRELEVEMENT SEPA DGFIP,,,0,2000.00,2025-10-31
401002,PRELEVEMENT SEPA SARL FOURNIER B,,,0,4990.12,2025-01-25
514000,REMISE CHEQUE,,,3811.97,0,2025-12-07
416000,VIR RECU SARL COMMERCE DU SUD,,,5880.00,0,2025-12-29
401009,VIR SEPA EURL MERCIER IMMOBILIER,,,0,3218.57,2025-04-19
511500,ENCAISSEMENT CB,,,2143.38,0,2025-04-22
627000,ENCAISSEMENT CB,,,0,21.43,2025-04-22
411001,VIR RECU SCI HENRY SECURITE,,,950.40,0,2024-11-11
401001,PRLVT SEPA EURL GAUTHIER LOGISTI,,,0,3780.18,2025-02-20
645000,PRELEVEMENT SEPA USSAF,REF286469,PRLV SEPA NBE:URSSAF<br />LIB:COTISATIONS PATRONALES T1 2024,0,17693.54,2024-01-07
218000,CB SAS FAURE,REF462006,CB SAS FAURE<br />LIB:ACHAT MATERIEL,0,10226.31,2024-02-25
445620,CB SAS FAURE,REF462006,CB SAS FAURE<br />LIB:ACHAT MATERIEL,0,2045.26,2024-02-25
641100,VIREMENT SEPA SALAIRE FEVRIER,,VIR SEPA<br />LIB:CONGES PAYES FEVRIER 2025,0,3772.53,2025-02-26
641000,VIR SEPA SALAIRE AOUT,,,0,3719.50,2024-08-26
512000,VIR INTERNE,,VIR INTERNE REF:FR23005510<br />LIB:VIREMENT DE COMPTE A COMPTE,0,38544.61,2024-01-10
641000,VIR SEPA SALAIRE DECEMBRE,,VIR SEPA<br />LIB:SALAIRE DECEMBRE 2025,0,1992.20,2025-12-27
646000,PRELEVEMENT SEPA POLE EMPLOI,,,0,3000.00,2024-04-09
408000,FACTURE NON PARVENUE SAS MOREAU,,FACTURE NON PARVENUE NBE:SAS MOREAU<br />LIB:AVOIR A RECEVOIR,0,1912.43,2024-10-05
706000,VIR RECU SA ROUPE LEGRAND,,,6755.01,0,2024-09-25
401005,VIR SEPA SCI GUERIN IMPRIMERIE,,,0,19179.59,2025-09-26
401001,PRLV SEPA EURL GAUTHIER LOGISTIQ,REF624745,,0,5000.00,2024-09-14
601100,PAIEMENT CB MAIF,,CB MAIF<br />LIB:ACHAT MARCHANDISES,0,2153.56,2024-08-21
445660,PAIEMENT CB MAIF,,CB MAIF<br />LIB:ACHAT MARCHANDISES,0,430.71,2024-08-21
633000,PRELEVEMENT SEPA DGFIP,,PRLV SEPA NBE:DGFIP<br />LIB:CONTRIBUTION ECONOMIQUE TERRITORIALE,0,1100.00,2025-10-08
706000,VIR RECU SA INDUSTRIE NORD,,,8000.00,0,2025-01-08
431000,PRLV SEPA URSSAF,,,0,15000.00,2024-03-07
651000,VIR SEPA SA LEFEVRE,,,0,2791.67,2024-04-27
445660,VIR SEPA SA LEFEVRE,,,0,558.33,2024-04-27
606100,PRLV SEPA SAS MOREAU,,,0,116.41,2025-11-18
445660,PRLV SEPA SAS MOREAU,,,0,23.28,2025-11-18
404000,VIR SEPA SA FOURNIER,,,0,24935.61,2024-12-12
164000,PRLVT SEPA ECHEANCE EMPRUNT,REF715870,,0,4558.92,2025-07-31
661100,PRLVT SEPA ECHEANCE EMPRUNT,REF715870,,0,1025.76,2025-07-31
616000,PRLVT SEPA ECHEANCE EMPRUNT,REF715870,,0,113.97,2025-07-31
641000,VIR SEPA SALAIRE MAI,,VIR SEPA<br />LIB:REMUNERATION MAI,0,3794.14,2024-05-30
681000,DOTATION AMORTISSEMENT,,,0,6410.00,2025-12-31
601100,PRLV SEPA AXA ASSURANCES,,,0,4260.18,2024-04-26
445660,PRLV SEPA AXA ASSURANCES,,,0,852.04,2024-04-26
213100,VIR SEPA SARL PETIT,REF939634,VIR SEPA NPY:SARL PETIT<br />LIB:CONSTRUCTION,0,46746.33,2025-04-06
512000,VIR INTERNE,,,0,46771.94,2024-12-19
624000,CARTE MACIF,,,0,166.67,2025-03-11
445660,CARTE MACIF,,,0,33.33,2025-03-11
637000,PRLV SEPA DGFIP,,PRLV SEPA NBE:DGFIP<br />LIB:TAXE SUR SALAIRES T2,0,2000.00,2025-05-30
601100,CB MAIF,,CB MAIF<br />LIB:ACHAT MARCHANDISES,0,3490.27,2024-02-27
445660,CB MAIF,,CB MAIF<br />LIB:ACHAT MARCHANDISES,0,698.05,2024-02-27
637000,PRLV SEPA DGFIP,,,0,1850.00,2024-03-29
616000,PRLVT SEPA AXA ASSURANCES,REF983364,,0,1712.63,2025-02-27
511500,ENCAISSEMENT CB,,,645.22,0,2024-12-31
627000,ENCAISSEMENT CB,,,0,6.45,2024-12-31
707000,VIREMENT RECU SAS DIGITAL SERVIC,,,241.97,0,2024-07-14
416000,VIREMENT RECU SARL COMMERCE DU S,,VIR SEPA NPY:SARL COMMERCE DU SUD<br />LIB:CREANCE DOUTEUSE,6802.30,0,2024-03-12
401001,VIR EURL GAUTHIER LOGISTIQUE,,,0,5059.28,2024-06-03
618000,CB SCI ROUX,REF272740,,0,270.41,2024-10-27
445660,CB SCI ROUX,REF272740,,0,54.08,2024-10-27
512000,VIR RECU SA FOURNIER,,,5540.45,0,2025-09-29
706000,VIR RECU SA INDUSTRIE NORD,,VIR SEPA NPY:SA INDUSTRIE NORD<br />LIB:PRESTATIONS SERVICES FAC2024096,15400.00,0,2025-06-29
421000,VIR SEPA SALAIRE MARS,,,0,4000.00,2024-03-26
411001,VIR RCU SCI HENRY SECURITE,,,34405.53,0,2025-03-28
707000,VIREMENT RECU SAS TECHNOLOGY PLU,,,4183.46,0,2024-05-25
706000,VIR RECU EURL DESIGN STUDIO,,,764.38,0,2024-10-29
401001,PRLVT SEPA EURL GAUTHIER LOGISTI,,,0,4000.00,2024-09-19
401001,PRELEVEMENT SEPA EURL GAUTHIER L,,PRLV SEPA NBE:EURL GAUTHIER LOGISTIQUE<br />LIB:REGLEMENT ACHAT,0,1384.14,2025-12-29
601100,CARTE EDF,REF179062,,0,374.81,2024-03-27
445660,CARTE EDF,REF179062,,0,74.96,2024-03-27
401001,VIR SEPA EURL GAUTHIER LOGISTIQU,,,0,5734.71,2025-05-30
635000,PRLV SEPA DGFIP,,,0,3987.69,2024-09-21
512000,FRAIS BANCAIRES,,,0,82.93,2025-04-13
645000,PRLV SEPA URSSAF,,PRLV SEPA NBE:URSSAF<br />LIB:COTISATIONS PATRONALES T4 2025,0,14789.68,2025-11-13
627000,PRLV SEPA ORANGE SA,,,0,51.88,2024-05-04
401007,PRLV SEPA SAS MASSON CONSEIL,,,0,5530.27,2025-02-28
625100,CB SARL GAUTIER,,CB SARL GAUTIER<br />LIB:FRAIS VOYAGE,0,890.43,2024-11-20
445660,CB SARL GAUTIER,,CB SARL GAUTIER<br />LIB:FRAIS VOYAGE,0,178.09,2024-11-20
706000,VIREMENT RECU SA GROUPE LEGRAND,,VIR SEPA NPY:SA GROUPE LEGRAND<br />LIB:HONORAIRES FEVRIER,4747.35,0,2025-02-02
401004,VIR SEPA SAS GARCIA INDUSTRIE,,,0,2777.02,2025-12-11
621000,PRLVT SEPA SAS DUPONT,,,0,4789.60,2025-05-15
445660,PRLVT SEPA SAS DUPONT,,,0,957.92,2025-05-15
411008,VIREMENT RECU SI PETIT ELECTRICI,,,26675.26,0,2024-02-06
606100,CB MACIF,,CB MACIF<br />LIB:FOURNITURES NON STOCKABLES,0,310.03,2025-01-29
445660,CB MACIF,,CB MACIF<br />LIB:FOURNITURES NON STOCKABLES,0,62.01,2025-01-29
401009,VIREMENT SEPA EURL MERCIER IMMOB,REF734231,,0,8460.08,2024-05-29
421000,VR SEPA SALAIRE NOVEMBRE,REF283888,,0,1300.00,2025-11-27
641000,VIR SALAIRE MAI,REF501652,,0,4072.63,2024-05-31
625100,CB SARL GAUTIER,,CB SARL GAUTIER<br />LIB:FRAIS VOYAGE,0,94.18,2025-02-06
445660,CB SARL GAUTIER,,CB SARL GAUTIER<br />LIB:FRAIS VOYAGE,0,18.84,2025-02-06
621000,PRLVT SEPA EURL BERNARD,,,0,2377.40,2024-11-16
445660,PRLVT SEPA EURL BERNARD,,,0,475.48,2024-11-16
445710,VIREMENT SEPA DGFIP TVA,REF585508,,0,7447.88,2025-07-22
641000,VIREMENT SEPA SALAIRE DECEMBRE,,VIR SEPA<br />LIB:REMUNERATION DECEMBRE,0,3109.48,2025-12-27
601100,CB SA GROUPE LEGRAND,,,0,545.13,2024-06-25
445660,CB SA GROUPE LEGRAND,,,0,109.03,2024-06-25
403000,VIR SARL BONNET,,VIR SEPA NPY:SARL BONNET<br />LIB:EFFETS A PAYER,0,17500.00,2025-08-01
512000,VIR RECU SAS MOREAU,,,9935.63,0,2025-12-22
164000,PRELEVEMENT SEPA ECHEANCE EMPRUN,,,0,4629.87,2024-05-30
661100,PRELEVEMENT SEPA ECHEANCE EMPRUN,,,0,1041.72,2024-05-30
616000,PRELEVEMENT SEPA ECHEANCE EMPRUN,,,0,115.75,2024-05-30
641000,VIREMENT SEPA SALAIRE DECEMBRE,,VIR SEPA<br />LIB:SALAIRE DECEMBRE 2025,0,2405.46,2025-12-31
606100,PRELEVEMENT SEPA SA FOURNIER,,,0,177.62,2024-02-20
445660,PRELEVEMENT SEPA SA FOURNIER,,,0,35.52,2024-02-20
626000,PRLV SEPA SAS FAURE,,,0,143.63,2025-03-27
401001,VIR SEPA EURL GAUTHIER LOGISTIQU,,,0,2000.00,2024-07-26
416000,VIREMENT RECU SARL COMMERCE DU S,,,4122.26,0,2024-11-26
613200,PRLV SEPA SARL BONNET,,,0,2206.89,2024-12-02
445660,PRLV SEPA SARL BONNET,,,0,441.38,2024-12-02
646000,PRLV SEPA POLE EMPLOI,,PRLV SEPA NBE:POLE EMPLOI<br />LIB:COTISATIONS CHOMAGE T1,0,941.09,2025-01-05
401004,PRELEVEMENT SEPA SAS GARCIA INDU,,,0,1796.84,2025-08-31
706000,VIREMENT RECU EURL DESIGN STUDIO,,,3583.55,0,2025-03-26
641000,VIR SALAIRE MARS,,,0,3598.71,2025-03-29
604000,CARTE ALLIANZ,REF784954,,0,3250.00,2025-02-28
445660,CARTE ALLIANZ,REF784954,,0,650.00,2025-02-28
625200,PAIEMENT CB SAS MOREAU,,,0,94.77,2024-07-27
445660,PAIEMENT CB SAS MOREAU,,,0,18.95,2024-07-27
613200,PRLV SEPA EURL BERNARD,,,0,960.58,2025-10-04
445660,PRLV SEPA EURL BERNARD,,,0,192.12,2025-10-04
401001,VIREMENT SEPA EURL GAUTHIER LOGI,,VIR SEPA REF:FR12769324 NPY:EURL GAUTHIER LOGISTIQUE<br />LIB:FACTURE FOURNISSEUR FAC2025392 LC2:ECHEANCE MARS,0,187.72,2024-03-25
625100,CARTE EURL BERNARD,,,0,596.72,2024-05-27
445660,CARTE EURL BERNARD,,,0,119.34,2024-05-27
445710,VIR SEPA DGFIP TVA,,VIR SEPA NPY:DGFIP<br />LIB:TVA COLLECTEE T1,0,5094.51,2025-01-17
612000,PRLVT SEPA SARL PETIT,,PRLV SEPA NBE:SARL PETIT<br />LIB:CREDIT-BAIL,0,3146.83,2025-08-04
445660,PRLVT SEPA SARL PETIT,,PRLV SEPA NBE:SARL PETIT<br />LIB:CREDIT-BAIL,0,629.37,2025-08-04
625100,CB MAIF,,CB MAIF<br />LIB:DEPLACEMENT MISSION,0,445.29,2025-02-28
445660,CB MAIF,,CB MAIF<br />LIB:DEPLACEMENT MISSION,0,89.06,2025-02-28
781000,REPRISE AMORTISSEMENT,,,2427.10,0,2025-12-31
601100,CB MAIF,REF207798,,0,2334.91,2024-02-29
445660,CB MAIF,REF207798,,0,466.98,2024-02-29
512000,VIR RECU EURL BERNARD,REF971636,,25771.12,0,2024-03-25
661000,INTERETSEMPRUNT,,,0,2000.00,2025-10-29
401002,PRLV SEPA SARL FOURNIER BTP,,,0,3816.28,2025-06-29
627000,PRLV SEPA SFR,REF578441,PRLV SEPA NBE:SFR<br />LIB:FORFAIT MOBILE,0,48.91,2025-06-06
641000,VIREMENT SEPA SALAIRE NOVEMBRE,,,0,3300.00,2025-11-25
641100,VIR SEPA SALAIRE AVRIL,REF114545,VIR SEPA<br />LIB:CONGES PAYES AVRIL 2025,0,1631.23,2025-04-29
601100,CB SA GROUPE LEGRAND,,,0,1171.66,2025-07-16
445660,CB SA GROUPE LEGRAND,,,0,234.33,2025-07-16
601100,CARTE SA GROUPE LEGRAND,,,0,1519.42,2024-10-07
445660,CARTE SA GROUPE LEGRAND,,,0,303.89,2024-10-07
261000,VIR SEPA SARL BONNET,,VIR SEPA NPY:SARL BONNET<br />LIB:TITRES DE PARTICIPATION,0,76841.46,2024-10-28
530000,RETRAIT CAISSE,,RETRAIT DAB<br />LIB:APPROVISIONNEMENT CAISSE,0,366.66,2025-09-25
218000,CB SAS FAURE,,CB SAS FAURE<br />LIB:ACHAT MATERIEL,0,14154.07,2024-11-29
445620,CB SAS FAURE,,CB SAS FAURE<br />LIB:ACHAT MATERIEL,0,2830.81,2024-11-29
580000,VIR INTERNE,,,0,15277.66,2024-08-25
623000,CARTE SAS MOREAU,,CB SAS MOREAU<br />LIB:PUBLICITE ANNONCES,0,1297.22,2025-01-24
445660,CARTE SAS MOREAU,,CB SAS MOREAU<br />LIB:PUBLICITE ANNONCES,0,259.45,2025-01-24
612000,PRLVT SEPA SAS DUVAL,,,0,818.07,2025-01-14
445660,PRLVT SEPA SAS DUVAL,,,0,163.61,2025-01-14
706000,VIR RECU SA INDUSTRIE NORD,,VIR SEPA NPY:SA INDUSTRIE NORD<br />LIB:PRESTATIONS SERVICES FAC2025768,8642.37,0,2025-06-30
164000,PRLV SEPA ECHEANCE EMPRUNT,,,0,860.24,2024-12-27
661100,PRLV SEPA ECHEANCE EMPRUNT,,,0,193.55,2024-12-27
616000,PRLV SEPA ECHEANCE EMPRUNT,,,0,21.51,2024-12-27
706000,VIR RECU SA INDUSTRIE NORD,,VIR SEPA NPY:SA INDUSTRIE NORD<br />LIB:PRESTATIONS SERVICES FAC2025800,11707.22,0,2024-04-26
606100,CARTE SAS MOREAU,REF711193,CB SAS MOREAU<br />LIB:FOURNITURES NON STOCKABLES,0,363.13,2025-05-26
445660,CARTE SAS MOREAU,REF711193,CB SAS MOREAU<br />LIB:FOURNITURES NON STOCKABLES,0,72.63,2025-05-26
613200,PRELEVEMENT SEPA SARL BONNET,,PRLV SEPA NBE:SARL BONNET<br />LIB:LOYER MARS 2025,0,2930.48,2025-03-02
445660,PRELEVEMENT SEPA SARL BONNET,,PRLV SEPA NBE:SARL BONNET<br />LIB:LOYER MARS 2025,0,586.10,2025-03-02
641100,VIR SEPA SALAIRE AVRIL,,VIR SEPA<br />LIB:CONGES PAYES AVRIL 2024,0,3000.00,2024-04-30
612000,PRELEVEMENT SEPA SAS LAMBERT,REF153646,,0,3946.73,2024-06-30
445660,PRELEVEMENT SEPA SAS LAMBERT,REF153646,,0,789.35,2024-06-30
401001,PRLV SEPA EURL GAUTHIER LOGISTIQ,REF525845,PRLV SEPA CPY:FR18547567 NBE:EURL GAUTHIER LOGISTIQUE<br />LIB:FACTURE FAC2024691,0,6363.09,2025-09-12
641100,VIR SEPA SALAIRE AOUT,,VIR SEPA<br />LIB:CONGES PAYES AOUT 2025,0,3939.50,2025-08-31
401001,PRELEVEMENT SEPA EURL GAUTHIER L,,,0,3348.52,2025-10-25
627000,PRLV SEPA SFR,REF634724,PRLV SEPA NBE:SFR<br />LIB:FORFAIT MOBILE,0,73.72,2024-04-29
401002,VIREMENT SEPA SARL FOURNIER BTP,,VIR SEPA REF:FR52620966 NPY:SARL FOURNIER BTP<br />LIB:ACOMPTE FOURNISSEUR,0,4231.73,2025-06-26
641000,VIR SEPA SALAIRE DECEMBRE,,,0,3548.31,2024-12-28
530000,RETRAIT CAISSE,,,0,311.36,2024-06-02
615000,PRLV SEPA SAS GIRARD,,,0,1782.67,2025-10-10
445660,PRLV SEPA SAS GIRARD,,,0,356.53,2025-10-10
625200,CB SAS FAURE,,,0,402.86,2025-11-29
445660,CB SAS FAURE,,,0,80.57,2025-11-29
706000,VIR RECU SA GROUPE LEGRAND,,,2250.00,0,2024-07-20
613200,PRLVT SEPA EURL MERCIER,,PRLV SEPA NBE:EURL MERCIER<br />LIB:LOYER DECEMBRE 2025,0,1647.73,2025-12-01
445660,PRLVT SEPA EURL MERCIER,,PRLV SEPA NBE:EURL MERCIER<br />LIB:LOYER DECEMBRE 2025,0,329.55,2025-12-01
411002,VIR RECU SA GARNIER TRANSPORTS,,VIR SEPA NPY:SA GARNIER TRANSPORTS IBE:BE48861929000308 BIC:GEBABEBB PDO:BE RCN:FAC2024057<br />LIB:REGLEMENT FACTURE FAC2024057,29365.65,0,2025-09-25
606100,CB EDF,,CB EDF<br />LIB:FOURNITURES NON STOCKABLES,0,353.18,2024-09-08
445660,CB EDF,,CB EDF<br />LIB:FOURNITURES NON STOCKABLES,0,70.64,2024-09-08
401005,VIR SEPA SCI GUERIN IMPRIMERIE,,,0,11586.88,2025-03-13
411001,VIR RECU SCI HENRY SECURITE,,,28187.94,0,2024-10-21
707000,VIR RECU SAS DIGITAL SERVICES,,,18386.62,0,2025-05-04
708000,VIR RECU SARL TRANSPORT EXPRESS,,,2850.00,0,2025-06-21
661000,AGIOS BANCAIRES,REF481426,,0,429.92,2025-05-07
616000,PRLV SEPA AXA ASSURANCES,,,0,2690.00,2025-09-16
511500,ENCAISSEMENT CB,,,2136.59,0,2024-11-03
627000,ENCAISSEMENT CB,,,0,21.37,2024-11-03
707000,VIR RECU SAS DIGITAL SERVICES,REF912220,VIR SEPA NPY:SAS DIGITAL SERVICES<br />LIB:VENTE MARCHANDISES FAC2025166,13383.73,0,2024-01-28
651000,VIR SAS MOREAU,,VIR SEPA NPY:SAS MOREAU<br />LIB:REDEVANCE BREVET,0,3488.37,2024-09-29
445660,VIR SAS MOREAU,,VIR SEPA NPY:SAS MOREAU<br />LIB:REDEVANCE BREVET,0,697.67,2024-09-29
512000,VIR RECU EURL MERCIER,REF996086,,27000.00,0,2024-11-30
437000,PRLV SEPA POLE EPLOI,,PRLV SEPA NBE:FRANCE TRAVAIL<br />LIB:COTISATIONS CHOMAGE T1,0,3179.26,2024-01-08
631000,PRLV SEPA DGFIP,,,0,980.13,2025-09-20
631000,PRELEVEMENT SEPA DGFIP,REF348734,PRLV SEPA NBE:DGFIP<br />LIB:FORMATION CONTINUE 2024,0,1553.72,2024-03-25
613200,PRLV SEPA SA GROUPE LEGRAND,REF492367,,0,3034.70,2025-09-01
445660,PRLV SEPA SA GROUPE LEGRAND,REF492367,,0,606.94,2025-09-01
635000,PRLV SEPA DGFIP,,,0,2880.70,2025-08-15
530000,RETRAIT CAISSE,,,0,294.98,2024-12-29
637000,PRLV SPA DGFIP,REF311476,,0,1000.00,2024-01-26
213100,VIR SEPA SAS LAMBERT,,,0,104715.78,2024-05-01
411001,VIR RECU SCI HENRY SECURITE,,VIR SEPA NPY:SCI HENRY SECURITE IBE:DE79571492966369656769 BIC:DEUTDEFF PDO:DE<br />LIB:REGLEMENT CLIENT FAC2025832,13980.96,0,2024-03-27
401001,PRLV SEPA EURL GAUTHIER LOGISTIQ,,PRLV SEPA CPY:FR36129742 NBE:EURL GAUTHIER LOGISTIQUE<br />LIB:FACTURE FAC2024821,0,1018.68,2025-01-28
401002,VIR SEPA SARL FOURNIER BTP,,VIR SEPA REF:FR11502354 NPY:SARL FOURNIER BTP<br />LIB:ACOMPTE FOURNISSEUR,0,8017.98,2024-10-28
404000,VIR SARL ANDRE,,VIR SEPA NPY:SARL ANDRE<br />LIB:ACHAT IMMOBILISATION,0,42822.17,2025-02-26
437000,PRELEVEMENT SEPA POLE EMPLOI,,,0,5967.43,2025-04-11
213100,VIREMENT SEPA SAS LAMBERT,,,0,110892.79,2025-11-28
601100,PRLV SEPA SA GROUPE LEGRAND,,,0,6373.18,2024-06-11
445660,PRLV SEPA SA GROUPE LEGRAND,,,0,1274.64,2024-06-11
601100,PRLV SEPA SA GROUPE LEGRAND,,,0,1808.13,2025-08-30
445660,PRLV SEPA SA GROUPE LEGRAND,,,0,361.63,2025-08-30
701000,VIR RECU SAS CONSEIL RH,,,8514.59,0,2024-03-19
615000,PRLV SEPA SARL SIMON,,,0,2500.00,2025-08-26
445660,PRLV SEPA SARL SIMON,,,0,500.00,2025-08-26
512000,FRAIS BANCAIRES,,,0,34.63,2024-08-18
401009,PRLVT SEPA EURL MERCIER IMMOBILI,,,0,1304.06,2024-02-25
713000,VIR RECU SAS TECHNOLOGY PLUS,,,8754.01,0,2025-10-31
645000,PRLV SEPA URSSAF,,PRLV SEPA NBE:URSSAF<br />LIB:COTISATIONS PATRONALES T2 2024,0,5731.58,2024-06-12
661000,AGIOS BANCAIRES,,AGIOS BANCAIRES<br />LIB:AGIOS TRIMESTRIELS T2 2025,0,26.98,2025-05-30
401002,VIR SARL FOURNIER BTP,,,0,17541.05,2024-06-26
627000,PRLV SEPA BOUYGUESTELECOM,,PRLV SEPA NBE:BOUYGUES TELECOM<br />LIB:ABONNEMENT INTERNET,0,100.00,2024-01-28
621000,PRELEVEMENT SEPA EURL BERNARD,REF506532,PRLV SEPA NBE:EURL BERNARD<br />LIB:PERSONNEL INTERIMAIRE,0,5154.76,2024-10-25
445660,PRELEVEMENT SEPA EURL BERNARD,REF506532,PRLV SEPA NBE:EURL BERNARD<br />LIB:PERSONNEL INTERIMAIRE,0,1030.95,2024-10-25
741000,VIR RECU SUBVENTION,REF355860,VIR SEPA NPY:SARL TRANSPORT EXPRESS<br />LIB:SUBVENTION EXPLOITATION 2025,44000.00,0,2025-01-28
211000,VIREMENT SEPA SARL GAUTIER,,,0,40866.88,2025-08-23
625100,CB MAIF,REF907569,CB MAIF<br />LIB:FRAIS VOYAGE,0,529.55,2025-01-31
445660,CB MAIF,REF907569,CB MAIF<br />LIB:FRAIS VOYAGE,0,105.91,2025-01-31
401002,VIR SEPA SARL FOURNIER BTP,,,0,11522.75,2024-08-30
706000,VIR RECU EURL DESIGN STUDIO,,VIR SEPA NPY:EURL DESIGN STUDIO<br />LIB:PRESTATIONS SERVICES FAC2024408,12218.18,0,2024-04-29
512000,VIR RECU SAS MOREAU,,,335.24,0,2025-06-30
164000,PRLV SEPA EHEANCE EMPRUNT,,,0,5920.00,2024-08-29
661100,PRLV SEPA EHEANCE EMPRUNT,,,0,1332.00,2024-08-29
616000,PRLV SEPA EHEANCE EMPRUNT,,,0,148.00,2024-08-29
707000,VIREMENT RECU SAS DIGITAL SERVIC,,VIR SEPA NPY:SAS DIGITAL SERVICES<br />LIB:VENTE MARCHANDISES FAC2025482,3189.50,0,2025-05-26
757000,VIR RECU SA GROUPE ALIMENTAIRE,,VIR SEPA NPY:SA GROUPE ALIMENTAIRE<br />LIB:CESSION VEHICULE,11700.60,0,2025-10-26
205000,VIR SA LEFEVRE,,,0,23042.39,2024-02-26
707000,VIR RECU SAS DIGITAL SERVICES,,VIR SEPA NPY:SAS DIGITAL SERVICES<br />LIB:VENTE MARCHANDISES FAC2024490,24000.00,0,2024-09-18
624000,CB CABINET EXPERTISE COMPTABLE,,,0,235.07,2025-10-04
445660,CB CABINET EXPERTISE COMPTABLE,,,0,47.02,2025-10-04
411001,VIR RECU SCI HENRY SECURITE,REF983769,VIR SEPA NPY:SCI HENRY SECURITE IBE:DE79571492966369656769 BIC:DEUTDEFF PDO:DE<br />LIB:REGLEMENT CLIENT FAC2024425,388.07,0,2024-02-26
411004,VIR RECU SA NOEL IMPRIMERIE,,,4225.27,0,2024-11-25
701000,VIR RECU SAS TECHNOLOGY PLUS,REF234431,VIR SEPA NPY:SAS TECHNOLOGY PLUS<br />LIB:VENTE PRODUITS FINIS FAC2025549,9000.18,0,2024-10-03
606100,PRELEVEMENTSEPA SAS LAURENT,,,0,666.67,2024-03-31
445660,PRELEVEMENTSEPA SAS LAURENT,,,0,133.33,2024-03-31
512000,REMISE CHEQUE,,,2681.80,0,2025-10-04
411002,VIR RECU SA GARNIER TRANSPORTS,,VIR SEPA NPY:SA GARNIER TRANSPORTS IBE:BE48861929000308 BIC:GEBABEBB PDO:BE<br />LIB:REGLEMENT CLIENT FAC2024669,20850.00,0,2025-02-22
645100,PRLV SEPA MUTUELLE,,,0,236.31,2025-08-31
401001,PRLV SEPA EURL GAUTHIER LOGISTIQ,,,0,2207.50,2024-09-18
512000,VIREMENT RECU SAS FAURE,,,19996.34,0,2024-07-25
404000,VIR SA LEFEVRE,,,0,29050.00,2025-09-28
411007,VIR RECU SARL GARCIA DISTRIBUTIO,,,13215.40,0,2024-12-26
401004,PRELEVEMENT SEPA SAS GARCIA INDU,,,0,2516.95,2025-09-02
624000,CARTE CABINET EXPERTISE COMPTABL,,,0,197.76,2024-05-02
445660,CARTE CABINET EXPERTISE COMPTABL,,,0,39.55,2024-05-02
602000,CB SAS LAMBERT,,,0,8479.09,2024-10-31
445660,CB SAS LAMBERT,,,0,1695.82,2024-10-31
627000,PRELEVEMENT SEPA BOUYGUES TELECO,,,0,26.83,2025-02-23
625100,CB MAIF,,CB MAIF<br />LIB:FRAIS VOYAGE,0,167.25,2025-09-25
445660,CB MAIF,,CB MAIF<br />LIB:FRAIS VOYAGE,0,33.45,2025-09-25
645000,PRVT SEPA URSSAF,,,0,2553.42,2025-09-13
401001,PRELEVEMENT SEPA EURL GAUTHIER L,,PRLV SEPA CPY:FR93003469 RUM:FR93003469 NBE:EURL GAUTHIER LOGISTIQUE<br />LIB:REGLEMENT FACTURE,0,13825.16,2024-08-04
401001,PRLV SEPA EURL GAUTHIER LOGISTIQ,REF170291,PRLV SEPA CPY:FR47309947 RUM:FR47309947 NBE:EURL GAUTHIER LOGISTIQUE<br />LIB:REGLEMENT FACTURE,0,11987.85,2025-09-25
641000,VIR SEPA SALAIRE MAI,,VIR SEPA<br />LIB:REMUNERATION MAI,0,1995.96,2024-05-26
411001,VIREMENT RECU SCI HENRY SECURITE,,,20099.97,0,2025-09-18
641000,VIR SEPA SALAIRE SEPTEMBRE,,,0,2028.04,2025-09-30
708000,VIR RECU SARL COMMERCE DU SUD,,,4386.34,0,2025-02-28
431000,PRELEVEMENT SEPA URSSAF,,PRLV SEPA NBE:URSSAF<br />LIB:COTISATIONS FEVRIER,0,1700.00,2025-02-10
411007,VIR RECU SARL GARCIA DISTRIBUTIO,,,7087.02,0,2024-04-02
645000,PRLV SEPA URSSAF,REF844588,,0,14027.94,2025-05-09
621000,PRLV SEPA SAS DUPONT,,PRLV SEPA NBE:SAS DUPONT<br />LIB:PERSONNEL INTERIMAIRE,0,6062.53,2025-07-15
445660,PRLV SEPA SAS DUPONT,,PRLV SEPA NBE:SAS DUPONT<br />LIB:PERSONNEL INTERIMAIRE,0,1212.51,2025-07-15
645000,PRLV SEPA URSSAF,,PRLV SEPA NBE:URSSAF<br />LIB:COTISATIONS PATRONALES T4 2024,0,11109.88,2024-10-14
625200,CB SAS FAURE,,,0,64.07,2025-05-26
445660,CB SAS FAURE,,,0,12.82,2025-05-26
606100,CB SAS MOREAU,,,0,79.40,2025-03-27
445660,CB SAS MOREAU,,,0,15.88,2025-03-27
708000,VIR RECU SARL MODE TEXTILE,REF379083,,3773.70,0,2025-11-21
649000,VIREMENT RECU CPAM,,,1334.88,0,2025-07-27
661000,INTERETS EMPRUNT,,INTERETS<br />LIB:INTERET DEBITEUR JANVIER 2024,0,164.05,2024-01-27
419000,VIR RECU SA AERO COMPOSANTS,REF743695,,15000.00,0,2025-06-23
411002,VIR RECU SA GARNIER TRANSPORTS,REF801873,,23000.00,0,2025-01-03
708000,VIR RECU EURL DESIGN STUDIO,,,1049.07,0,2025-05-27
601100,CB EDF,,CB EDF FACT:FAC2025760<br />LIB:ACHAT FOURNITURES,0,1250.00,2025-01-13
445660,CB EDF,,CB EDF FACT:FAC2025760<br />LIB:ACHAT FOURNITURES,0,250.00,2025-01-13
626100,PRELEVEMENT SEPA SA FOURNIER,,PRLV SEPA NBE:SA FOURNIER<br />LIB:FRAIS TELEPHONIQUES,0,52.91,2025-05-17
445660,PRELEVEMENT SEPA SA FOURNIER,,PRLV SEPA NBE:SA FOURNIER<br />LIB:FRAIS TELEPHONIQUES,0,10.58,2025-05-17
401001,PRLV SEPA EURL GAUTHIER LOGISTIQ,REF852612,PRLV SEPA CPY:FR26905244 RUM:FR26905244 NBE:EURL GAUTHIER LOGISTIQUE<br />LIB:REGLEMENT FACTURE,0,6520.00,2025-08-25
606100,PRLV SEPA SA FOURNIER,,,0,83.33,2024-04-17
445660,PRLV SEPA SA FOURNIER,,,0,16.67,2024-04-17
627000,PRLV SEPA ORANGE SA,REF612996,PRLV SEPA NBE:ORANGE SA<br />LIB:ABONNEMENT MOBILE,0,50.00,2024-04-02
411008,VIR RECU SCI PETIT ELECTRICITE,REF354428,,5955.11,0,2025-05-19
606100,PRLV SEPA MACIF,,,0,577.46,2024-02-04
445660,PRLV SEPA MACIF,,,0,115.49,2024-02-04
631000,PRLEVEMENT SEPA DGFIP,,,0,765.10,2025-02-28
626000,PRLV SEPA LA POSTE,,PRLV SEPA NBE:LA POSTE<br />LIB:AFFRANCHISSEMENT,0,49.59,2024-11-30
218000,VIR SEPA SAS DUPONT,,VIR SEPA NPY:SAS DUPONT<br />LIB:IMMOBILISATION CORPORELLE,0,5729.39,2024-12-26
445620,VIR SEPA SAS DUPONT,,VIR SEPA NPY:SAS DUPONT<br />LIB:IMMOBILISATION CORPORELLE,0,1145.88,2024-12-26
411002,VIR RECU SA GARNIER TRANSPORTS,,,28210.92,0,2024-09-29
613200,PRLVT SEPA EURL BERNARD,REF914483,PRLV SEPA NBE:EURL BERNARD<br />LIB:LOYER MARS 2024,0,646.65,2024-03-05
445660,PRLVT SEPA EURL BERNARD,REF914483,PRLV SEPA NBE:EURL BERNARD<br />LIB:LOYER MARS 2024,0,129.33,2024-03-05
706000,VIR RECU SA INDUSTRIE NORD,,,9904.70,0,2024-02-16
708000,VIR RECU SARL TRANSPORT EXPRESS,,VIR SEPA NPY:SARL TRANSPORT EXPRESS<br />LIB:PRODUITS ACTIVITES ANNEXES,4171.84,0,2024-03-23
708000,VIR RECU SA CHIMIE FRANCE,,,1199.14,0,2025-01-19
401002,VIR SARL FOURNIER BTP,,,0,803.96,2025-03-25
641000,VIR SEPA SALAIR AVRIL,,,0,3581.73,2025-04-29
631000,PRLV SEPA DGFIP,REF662761,PRLV SEPA NBE:DGFIP<br />LIB:TAXE APPRENTISSAGE 2024,0,4847.01,2024-12-19
704000,VIR RECU SAS CONSEIL RH,,,38226.49,0,2024-09-15
205000,VIREMENT SEPA SAS GIRARD,,VIR SEPA NPY:SAS GIRARD<br />LIB:LOGICIEL FAC2024384,0,23000.00,2025-05-17
411004,VIREMENT RECU SA NOEL IMPRIMERIE,REF417308,,23736.91,0,2024-09-22
401001,VIREMENT SEPA EURL GAUTHIER LOGI,,,0,5678.31,2025-07-30
645000,PRLVT SEPA URSSAF,,PRLV SEPA NBE:URSSAF<br />LIB:COTISATIONS PATRONALES T3 2025,0,5450.00,2025-09-15
437000,PRLV SEPA POLE EMPLOI,,PRLV SEPA NBE:FRANCE TRAVAIL<br />LIB:COTISATIONS CHOMAGE T1,0,2991.89,2024-01-12
411002,VIREMENT RECU SA GARNIER TRANSPO,REF695193,VIR SEPA NPY:SA GARNIER TRANSPORTS IBE:BE48861929000308 BIC:GEBABEBB PDO:BE RCN:FAC2025246<br />LIB:REGLEMENT FACTURE FAC2025246,3679.16,0,2024-05-14
404000,VIR SEPA SARL ANDRE,,VIR SEPA NPY:SARL ANDRE<br />LIB:ACHAT IMMOBILISATION,0,31463.94,2025-01-24
514000,REMISE CHEQUE,REF198029,,516.13,0,2025-02-25
641100,VIR SEPA SALAIRE MAI,,,0,1969.86,2025-05-28
601100,CB SA GROUPE LEGRAND,,,0,3548.88,2025-12-27
445660,CB SA GROUPE LEGRAND,,,0,709.78,2025-12-27
641000,VIREMENT SEPA SALAIRE MARS,REF312484,,0,2135.32,2024-03-28
611000,PRLV SEPA SAS FAURE,,,0,11551.98,2024-07-18
445660,PRLV SEPA SAS FAURE,,,0,2310.40,2024-07-18
641000,VIR SEPA SALAIRE JANVIER,,,0,3464.46,2024-01-29
411001,VIR RECU SCI HENRY SECURITE,REF824697,,29091.64,0,2024-12-08
401001,VIR SEPA EURL GAUTHIER LOGISTIQU,,,0,1388.87,2025-08-26
681000,DOTATION AMORTISSEMENT,,LIB:DOTATION AMORTISSEMENT T4 2025,0,8042.60,2025-12-21
627000,PRLV SEPA OVH SAS,,,0,334.67,2025-03-31
645000,PRLV SEPA URSSAF,,PRLV SEPA NBE:URSSAF<br />LIB:COTISATIONS PATRONALES T2 2024,0,16036.60,2024-05-14
401002,VIR SARL FOURNIER BTP,,,0,8998.96,2025-12-07
641000,VIREMENT SEPA SALAIRE JUILLET,,,0,4052.96,2025-07-28
707000,VIR RECU SA CHIMIE FRANCE,,VIR SEPA NPY:SA CHIMIE FRANCE<br />LIB:VENTE MARCHANDISES FAC2024391,1564.89,0,2024-04-28
706000,VIR RECU SA INDUSTRIE NORD,REF508560,,4823.66,0,2024-11-27
613200,PRLVT SEPA SARL BONNET,,,0,3311.11,2025-09-01
445660,PRLVT SEPA SARL BONNET,,,0,662.22,2025-09-01
401003,VIR SEPA SARL GIRARD SECURITE,,,0,2880.47,2024-06-09
625200,CB BOUYGUES TELECOM,,CB BOUYGUES TELECOM<br />LIB:FRAIS HEBERGEMENT,0,207.55,2025-01-18
445660,CB BOUYGUES TELECOM,,CB BOUYGUES TELECOM<br />LIB:FRAIS HEBERGEMENT,0,41.51,2025-01-18
419000,VIR RECU SA PHARMA SANTE,,,14750.00,0,2024-07-26
627000,PRELEVEMENT SEPA BOUYGUES TELECO,,,0,100.00,2024-08-14
530000,RETRAIT CAISSE,,,0,1000.00,2024-08-24
401001,PRELEVEMENT SEPA EURL GAUTHIER L,,PRLV SEPA CPY:FR66333718 RUM:FR66333718 NBE:EURL GAUTHIER LOGISTIQUE<br />LIB:REGLEMENT FACTURE,0,14500.00,2024-02-26
606100,PRLV SEPA MACIF,,,0,523.29,2025-04-28
445660,PRLV SEPA MACIF,,,0,104.66,2025-04-28
403000,VIR SEPA SCI ROUX,,VIR SEPA NPY:SCI ROUX<br />LIB:EFFETS A PAYER,0,25300.00,2025-09-14
580000,VI INTERNE,,,0,3982.93,2024-01-28
401004,PRELEVEMENT SEPA SAS GARCIA INDU,,,0,13829.94,2024-04-30
512000,REMISE CHEQUE,,,14087.55,0,2025-04-20
616000,PRELEVEMENT SEPA ALLIANZ,,,0,1173.24,2024-08-26
781000,REPRISE AMORTISSEMENT,,LIB:REPRISE AMORTISSEMENT T4 2024,8992.97,0,2024-12-27
624000,PAIEMENT CB SAS LAURENT,,,0,178.19,2024-04-30
445660,PAIEMENT CB SAS LAURENT,,,0,35.64,2024-04-30
611000,PRLV SEPA SAS MOREAU,,,0,14322.26,2025-06-16
445660,PRLV SEPA SAS MOREAU,,,0,2864.45,2025-06-16
601100,CARTE EDF,REF857505,,0,1174.11,2025-07-27
445660,CARTE EDF,REF857505,,0,234.82,2025-07-27
606100,PRLV SEPA SAS MOREAU,,PRLV SEPA NBE:SAS MOREAU<br />LIB:EAU ELECTRICITE,0,187.13,2025-10-29
445660,PRLV SEPA SAS MOREAU,,PRLV SEPA NBE:SAS MOREAU<br />LIB:EAU ELECTRICITE,0,37.43,2025-10-29
651000,VIR SEPA SARL BONNET,,,0,2804.07,2025-11-13
445660,VIR SEPA SARL BONNET,,,0,560.82,2025-11-13
627000,PRELEVEMENT SEA BOUYGUES TELECOM,,PRLV SEPA NBE:BOUYGUES TELECOM<br />LIB:ABONNEMENT INTERNET,0,31.55,2025-05-04
707000,VIR RECU SA PHARMA SANTE,,,18100.00,0,2025-03-24
218000,PAIEMENT CB SA PICARD,REF543359,,0,12808.33,2024-03-25
445620,PAIEMENT CB SA PICARD,REF543359,,0,2561.67,2024-03-25
401002,PRLV SEPA SARL FOURNIER BTP,,,0,3506.72,2025-03-26
641000,VIREMENT SEPA SALAIRE JUIN,,,0,3106.06,2025-06-28
411002,VIR RECU SA GARNIER TRANSPORTS,,VIR SEPA NPY:SA GARNIER TRANSPORTS IBE:BE48861929000308 BIC:GEBABEBB PDO:BE<br />LIB:REGLEMENT CLIENT FAC2025478,27021.39,0,2025-01-22
213100,VIR SEPA SAS DUPONT,,,0,23659.54,2024-09-08
401001,VIR SEPA EURL GAUTHIER LOGISTIQU,,VIR SEPA REF:FR80544724 NPY:EURL GAUTHIER LOGISTIQUE<br />LIB:COMMANDE FOURNITURES LCC:BON COMMANDE 511559,0,15096.00,2025-07-23
626100,PRELEVEMENT SEPA SA GROUPE LEGRA,REF784479,,0,89.82,2024-05-30
445660,PRELEVEMENT SEPA SA GROUPE LEGRA,REF784479,,0,17.97,2024-05-30
741000,VIR RECU SUBVENTION,,,48995.13,0,2025-01-30
613200,PRLV SEPA EURL MERCIER,,,0,4126.65,2024-04-04
445660,PRLV SEPA EURL MERCIER,,,0,825.33,2024-04-04
411001,VIR RECU SCI HENRY SECURITE,,,32380.87,0,2024-07-07
401001,PRLV SEPA EURL GAUTHIER LOGISTIQ,REF425956,,0,7073.14,2025-01-25
641000,VIR SALAIRE SEPTEMBRE,,VIR SEPA<br />LIB:SALAIRE SEPTEMBRE 2025,0,2123.31,2025-09-29
431000,PRLV SEPA URSSAF,,,0,11761.11,2024-07-14
467000,VIR SEPA SAS LAURENT,,,0,7213.38,2025-01-23
713000,VIR RECU SARL MODE TEXTILE,REF617798,,8315.30,0,2025-11-14
611000,PRELEVEMENT SEPA SAS MOREAU,,PRLV SEPA NBE:SAS MOREAU<br />LIB:SOUS-TRAITANCE,0,4936.96,2024-08-28
445660,PRELEVEMENT SEPA SAS MOREAU,,PRLV SEPA NBE:SAS MOREAU<br />LIB:SOUS-TRAITANCE,0,987.39,2024-08-28
512000,REMISE CHEQUE,,,17678.72,0,2024-12-31
514000,REMISE CHEQUE,,,12084.96,0,2025-06-08
606100,PRLV SEPA SAS MOREAU,,PRLV SEPA NBE:SAS MOREAU<br />LIB:EAU ELECTRICITE,0,466.67,2025-03-21
445660,PRLV SEPA SAS MOREAU,,PRLV SEPA NBE:SAS MOREAU<br />LIB:EAU ELECTRICITE,0,93.33,2025-03-21
419000,VIREMENT RECU SA GROUPE ALIMENTA,REF880211,,1157.38,0,2025-02-26
641100,VIREMENT SEPA SALAIRE AOUT,,,0,3248.69,2025-08-27
411003,VIR RECU SARL GIRARD BTP,REF213466,,5546.66,0,2024-07-29
401009,PRLV SEPA EURL MERCIER IMMOBILIE,,,0,4100.00,2024-11-02
401006,PRLV SEPA SAS ROBIN SECURITE,,PRLV SEPA CPY:FR85683230 RUM:FR85683230 NBE:SAS ROBIN SECURITE<br />LIB:REGLEMENT FACTURE,0,1110.83,2025-12-25
411001,VIREMENT REC SCI HENRY SECURITE,,,11000.00,0,2025-02-28
701000,VIR RECU SAS TECHNOLOGY PLUS,,VIR SEPA NPY:SAS TECHNOLOGY PLUS<br />LIB:VENTE PRODUITS FINIS FAC2024634,5132.23,0,2024-03-29
646000,PRLV SEPA POLE EMPLOI,,PRLV SEPA NBE:POLE EMPLOI<br />LIB:COTISATIONS CHOMAGE T3,0,750.15,2024-09-06
626000,PRELEVEMENT SEPA SAS FAURE,REF593170,,0,159.89,2025-09-28
645000,PRLVT SEPA URSSAF,,,0,16002.09,2025-03-06
613200,PRLV SEPA EURL MERCIER,,PRLV SEPA NBE:EURL MERCIER<br />LIB:LOYER NOVEMBRE 2025,0,3683.73,2025-11-01
445660,PRLV SEPA EURL MERCIER,,PRLV SEPA NBE:EURL MERCIER<br />LIB:LOYER NOVEMBRE 2025,0,736.75,2025-11-01
401004,PRELEVEMENT SEPA SAS GARCIA INDU,,,0,1000.00,2025-10-26
627000,PRELEVEMENT SEPA ORANGE SA,,,0,75.49,2025-01-25
708000,VIR RECU SARL COMMERCE DU SUD,,,5000.00,0,2025-12-16
625100,CARTE EDF,,,0,142.72,2024-06-24
445660,CARTE EDF,,,0,28.54,2024-06-24
613200,PRLV SEPA SCI ROUX,,,0,1258.65,2025-10-03
445660,PRLV SEPA SCI ROUX,,,0,251.73,2025-10-03
601100,PRLV SEPA EDF,,,0,527.82,2024-03-11
445660,PRLV SEPA EDF,,,0,105.56,2024-03-11
401005,VIR SEPA SCI GUERIN IMPRIMERIE,,,0,17000.00,2024-02-29
401002,VIREMENT SEPA SARL FOURNIER BTP,,,0,9500.00,2024-12-26
514000,REMISE CHEQUE,,,1879.06,0,2024-02-05
511500,ENCAISSEMENT CB,,,1554.75,0,2024-12-04
627000,ENCAISSEMENT CB,,,0,15.55,2024-12-04
401003,PRELEVEMENT SEPA SARL GIRARD SEC,,,0,10081.95,2024-03-14
613200,PRLV SEPA EURL BERNARD,,,0,2892.55,2024-01-02
445660,PRLV SEPA EURL BERNARD,,,0,578.51,2024-01-02
708000,VIRMENT RECU SARL MODE TEXTILE,,,4010.14,0,2025-08-28
411001,VIR RECU SCI HENRY SECURITE,,,26725.58,0,2024-06-27
512100,VIR INTERNE,,VIR INTERNE REF:FR70752835<br />LIB:VIREMENT ENTRE COMPTES,0,21234.57,2024-01-07
625100,CB BOUYGUES TELECOM,,,0,822.55,2024-02-26
445660,CB BOUYGUES TELECOM,,,0,164.51,2024-02-26
416000,VIREMENT RECU SARL COMMERCE DU S,,,8927.43,0,2024-04-10
621000,PRLV SEPA EURL BERNARD,,,0,4202.82,2025-06-11
445660,PRLV SEPA EURL BERNARD,,,0,840.56,2025-06-11
411003,VIR RECU SARL GIRARD BTP,,VIR SEPA NPY:SARL GIRARD BTP IBE:FR6565717087582511379734835 BIC:AGRIFRPP PDO:FR<br />LIB:REGLEMENT CLIENT FAC2025731,797.65,0,2025-01-12
401002,VIREMENT SEPA SARL FOURNIER BTP,,,0,13157.38,2024-08-10
625100,CB SARL GAUTIER,,,0,122.96,2025-02-08
445660,CB SARL GAUTIER,,,0,24.59,2025-02-08
164000,PRLV SEPA ECHEANCE EMPRUNT,,PRLV SEPA<br />LIB:ECHEANCE EMPRUNT FR29481345,0,3760.00,2024-09-05
661100,PRLV SEPA ECHEANCE EMPRUNT,,PRLV SEPA<br />LIB:ECHEANCE EMPRUNT FR29481345,0,846.00,2024-09-05
616000,PRLV SEPA ECHEANCE EMPRUNT,,PRLV SEPA<br />LIB:ECHEANCE EMPRUNT FR29481345,0,94.00,2024-09-05
601100,CARTE MAIF,,,0,637.95,2024-08-30
445660,CARTE MAIF,,,0,127.59,2024-08-30
416000,VIR RECU SAS LOGISTIQUE PRO,REF261722,,7650.00,0,2024-08-30
631000,PRLV SEPA DGFIP,REF341986,,0,2548.07,2024-10-23
606100,PRELEVEMENT SEPA SA FOURNIER,REF978554,,0,431.53,2024-06-04
445660,PRELEVEMENT SEPA SA FOURNIER,REF978554,,0,86.31,2024-06-04
601100,CB MAIF,,CB MAIF<br />LIB:ACHAT MARCHANDISES,0,2514.07,2025-01-14
445660,CB MAIF,,CB MAIF<br />LIB:ACHAT MARCHANDISES,0,502.82,2025-01-14
416000,VIR RECU SAS ECO ENERGIE,,VIR SEPA NPY:SAS ECO ENERGIE<br />LIB:CREANCE DOUTEUSE,1770.37,0,2024-06-03
708000,VIREMENT RECU SARL TRANSPORT EXP,,,213.12,0,2024-11-09
612000,PRLV SEPA SAS LAMBERT,,,0,3923.83,2025-05-18
445660,PRLV SEPA SAS LAMBERT,,,0,784.77,2025-05-18
626000,PRLVT SEPA LA POSTE,REF830032,PRLV SEPA NBE:LA POSTE<br />LIB:AFFRANCHISSEMENT,0,200.00,2025-10-08
706000,VIR RECU SAS CONSEIL RH,,VIR SEPA NPY:SAS CONSEIL RH<br />LIB:HONORAIRES JUILLET,11422.74,0,2024-07-31
621000,PRELEVEMENT SEPA EURL BERNARD,REF893830,PRLV SEPA NBE:EURL BERNARD<br />LIB:PERSONNEL INTERIMAIRE,0,1541.01,2025-12-02
445660,PRELEVEMENT SEPA EURL BERNARD,REF893830,PRLV SEPA NBE:EURL BERNARD<br />LIB:PERSONNEL INTERIMAIRE,0,308.20,2025-12-02
641000,VIR SEPA SALAIRE OCTOBRE,,,0,3286.90,2024-10-25
401003,VIR SEPA SARL GIRARD SECURITE,,,0,10470.12,2025-08-04
645000,PRLV SEPA URSSAF,REF285934,,0,4272.38,2025-02-14
613200,PRLV SEPA SARL BONNET,,,0,1765.68,2025-04-01
445660,PRLV SEPA SARL BONNET,,,0,353.14,2025-04-01
606100,PRELEVEMENT SEPA SAS MOREAU,REF352232,,0,302.67,2025-08-23
445660,PRELEVEMENT SEPA SAS MOREAU,REF352232,,0,60.54,2025-08-23
601100,PRLV SEPA EDF,REF686716,,0,1666.67,2024-03-25
445660,PRLV SEPA EDF,REF686716,,0,333.33,2024-03-25
649000,VIR RECU CPAM,,,2644.95,0,2025-03-18
613200,PRLV SEPA EURL MERCIER,,,0,1212.79,2025-01-03
445660,PRLV SEPA EURL MERCIER,,,0,242.56,2025-01-03
401001,PRLV SEPA EURL GAUTHIER LOGISTIQ,,,0,4511.23,2025-01-05
781000,REPRISE AMORTISSEMENT,,LIB:REPRISE AMORTISSEMENT T4 2024,9912.78,0,2024-12-26
512000,VIR INTERNE,,,0,24610.40,2025-02-14
633000,PRLV SEPA DGFIP,,,0,6545.06,2024-07-27
606100,CB SA FOURNIER,,,0,263.12,2025-06-10
445660,CB SA FOURNIER,,,0,52.63,2025-06-10
401003,VIREMENT SEPA SARL GIRARD SECURI,,,0,4000.00,2025-05-30
401001,VIR SEPA EURL GAUTHIER LOGISTIQU,,,0,11288.67,2025-07-25
613200,PRLVT SEPA SARL BONNET,REF940069,,0,2500.00,2024-09-03
445660,PRLVT SEPA SARL BONNET,REF940069,,0,500.00,2024-09-03
601100,CB MAIF,,CB MAIF<br />LIB:ACHAT MARCHANDISES,0,681.42,2024-12-29
445660,CB MAIF,,CB MAIF<br />LIB:ACHAT MARCHANDISES,0,136.28,2024-12-29
401003,PRLV SEPA SARL GIRARD SECURITE,,,0,1744.72,2024-10-31
401002,PRLV SEPA SARL FOURNIER BTP,REF219185,,0,3158.41,2024-12-13
631000,PRLV SEPA DGFIP,,,0,4797.02,2024-03-28
601100,CB MAIF,,,0,3832.08,2025-04-28
445660,CB MAIF,,,0,766.42,2025-04-28
512000,REMISE CHEQUE,,REMISE CHQ N 370726,7896.87,0,2025-12-27
261000,VIR SEPA SAS LAMBERT,,,0,11045.38,2024-08-26
771000,VIR RECU SA GROUPE LEGRAND,,,18072.96,0,2024-11-30
411002,VIR RECU SA GARNIER TRANSPORTS,REF998383,,25193.25,0,2024-08-27
701000,VIR RECU SAS CONSEIL RH,,,3333.58,0,2024-07-20
213100,VIR SEPA SARL GAUTIER,,,0,71026.10,2025-01-06
419000,VIR RECU SA AERO COMPOSANTS,,VIR SEPA NPY:SA AERO COMPOSANTS<br />LIB:ACOMPTE CLIENT,6464.00,0,2025-09-30
606100,PRLV SEPA MACIF,,,0,582.28,2024-04-17
445660,PRLV SEPA MACIF,,,0,116.46,2024-04-17
621000,PRLV SEPA SARL BONNET,,,0,1386.24,2025-08-02
445660,PRLV SEPA SARL BONNET,,,0,277.25,2025-08-02
626000,PRLV SEPA LA POSTE,,PRLV SEPA NBE:LA POSTE<br />LIB:AFFRANCHISSEMENT,0,149.44,2025-11-26
213100,VIR SARL ANDRE,REF572795,,0,89205.14,2025-10-31
631000,PRELEVEMENT SEPA DGFIP,REF556988,,0,3312.52,2024-02-28
661000,AGIOS BANCAIRES,,AGIOS BANCAIRES<br />LIB:AGIOS TRIMESTRIELS T2 2025,0,58.95,2025-06-28
411002,VIR RECU SA GARNIER TRANSPORTS,,VIR SEPA NPY:SA GARNIER TRANSPORTS IBE:BE48861929000308 BIC:GEBABEBB PDO:BE<br />LIB:REGLEMENT CLIENT FAC2024099,21675.45,0,2024-02-11
616000,PRLV SEPA ALLIANZ,,PRLV SEPA NBE:ALLIANZ<br />LIB:ASSURANCE 2024,0,3225.93,2024-01-19
611000,PRLV SEPA SAS MOREAU,,,0,13438.01,2025-11-29
445660,PRLV SEPA SAS MOREAU,,,0,2687.60,2025-11-29
467000,VIR SEPA SA GROUPE LEGRAND,,VIR SEPA NPY:SA GROUPE LEGRAND<br />LIB:COMPTE TRANSITOIRE,0,9176.72,2025-03-30
606100,CARTE SA FOURNIER,REF834008,,0,149.85,2025-02-04
445660,CARTE SA FOURNIER,REF834008,,0,29.97,2025-02-04
512100,VIR INTERNE,,VIR INTERNE REF:FR20960998<br />LIB:VIREMENT ENTRE COMPTES,0,12344.64,2025-07-30
627000,PRLV SEPA ORANGE SA,,PRLV SEPA NBE:ORANGE SA<br />LIB:ABONNEMENT MOBILE,0,58.15,2025-07-29
704000,VIR RECU SARL MODE TEXTILE,,VIR SEPA NPY:SARL MODE TEXTILE<br />LIB:TRAVAUX FAC2024250,11663.16,0,2025-03-29
401005,VIR SEPA SCI GUERIN IMPRIMERIE,,,0,6444.44,2024-10-06
401001,PRLV SEPA EURL GAUTHIER LOGISTIQ,REF120718,,0,13242.96,2024-10-29
411006,VIR RECU SARL LEFVRE CONSEIL,,,25817.18,0,2025-04-01
641000,VIR SEPA SALAIRE JUIN,,VIR SEPA<br />LIB:REMUNERATION JUIN,0,3703.16,2024-06-27
635000,PRLV SEPA DGFIP,,,0,1425.66,2024-05-31
635000,PRLV SEPA DGFIP,,,0,4631.03,2025-03-02
661000,AGIOS BANCAIRES,,,0,442.28,2025-07-27
411002,VIR RECU SA GARNIER TRANSPORTS,,VIR SEPA NPY:SA GARNIER TRANSPORTS IBE:BE48861929000308 BIC:GEBABEBB PDO:BE<br />LIB:REGLEMENT CLIENT FAC2024554,3000.00,0,2025-07-28
411002,VIR RECU SA GARNIER TRANSPORTS,,VIR SEPA NPY:SA GARNIER TRANSPORTS IBE:BE48861929000308 BIC:GEBABEBB PDO:BE<br />LIB:REGLEMENT CLIENT FAC2025325,8556.25,0,2024-11-21
707000,VIR RECU SAS DIGITAL SERVICES,,,2458.81,0,2024-07-24
602000,CB SA LEFEVRE,,,0,7559.80,2024-09-30
445660,CB SA LEFEVRE,,,0,1511.96,2024-09-30
401002,VIRMENT SEPA SARL FOURNIER BTP,REF780065,,0,4800.00,2025-03-23
514000,REMISE CHEQUE,REF888914,REMISE CHQ N 713312<br />LIB:ENCAISSEMENT CHEQUE,2816.84,0,2025-12-30
445510,VIREMENT SEPA DGFIP TVA,,,0,14925.31,2025-10-24
606300,PRELEVEMENT SEPA MACIF,,,0,233.33,2025-09-08
445660,PRELEVEMENT SEPA MACIF,,,0,46.67,2025-09-08
707000,VIR RECU SAS TECHNOLOGY PLUS,,,15160.01,0,2025-04-30
403000,VIR SEPA SAS MOREAU,REF356088,,0,12018.25,2024-03-26
401006,VIREMENT SEPA SAS ROBIN SECURITE,,VIR SEPA REF:FR63266078 NPY:SAS ROBIN SECURITE<br />LIB:COMMANDE FOURNITURES LCC:BON COMMANDE 464893,0,19226.07,2024-07-14
707000,VIR RECU SA CHIMIE FRANCE,REF469417,VIR SEPA NPY:SA CHIMIE FRANCE<br />LIB:VENTE MARCHANDISES FAC2025420,5127.84,0,2024-12-27
625200,CARTE SAS FAURE,,,0,77.55,2024-07-27
445660,CARTE SAS FAURE,,,0,15.51,2024-07-27
601100,CB SA GROUPE LEGRAND,,,0,1434.86,2024-09-13
445660,CB SA GROUPE LEGRAND,,,0,286.97,2024-09-13
411001,VIR RECU SCI HENRY SECURITE,,VIR SEPA NPY:SCI HENRY SECURITE IBE:DE79571492966369656769 BIC:DEUTDEFF PDO:DE<br />LIB:REGLEMENT CLIENT FAC2025200,29602.02,0,2025-11-30
758000,VIR RECU SARL MODE TEXTILE,,VIR SEPA NPY:SARL MODE TEXTILE<br />LIB:PRODUITS GESTION COURANTE,1100.00,0,2025-05-04
621000,PRELEVEMENT SEPA SA PICARD,,PRLV SEPA NBE:SA PICARD<br />LIB:PERSONNEL INTERIMAIRE,0,6666.67,2024-03-27
445660,PRELEVEMENT SEPA SA PICARD,,PRLV SEPA NBE:SA PICARD<br />LIB:PERSONNEL INTERIMAIRE,0,1333.33,2024-03-27
416000,VIREMENT RECU EURL ARTISAN BOIS,,VIR SEPA NPY:EURL ARTISAN BOIS<br />LIB:CREANCE DOUTEUSE,9770.47,0,2024-09-17
606300,CARTE SARL GAUTIER,,,0,659.50,2024-03-31
445660,CARTE SARL GAUTIER,,,0,131.90,2024-03-31
645000,PRLV SEPA URSSAF,,,0,6953.55,2024-01-05
401002,PRLV SEPA SARL FOURNIER BTP,REF538634,,0,932.86,2025-09-02
623000,CB SAS FAURE,REF853924,CB SAS FAURE<br />LIB:PUBLICITE ANNONCES,0,948.64,2025-01-26
445660,CB SAS FAURE,REF853924,CB SAS FAURE<br />LIB:PUBLICITE ANNONCES,0,189.73,2025-01-26
401001,PRLVT SEPA EURL GAUTHIER LOGISTI,,PRLV SEPA NBE:EURL GAUTHIER LOGISTIQUE<br />LIB:REGLEMENT ACHAT,0,4103.65,2025-03-25
624000,CB CABINET EXPERTISE COMPTABLE,,CB CABINET EXPERTISE COMPTABLE<br />LIB:TRANSPORT LIVRAISON,0,49.91,2024-04-08
445660,CB CABINET EXPERTISE COMPTABLE,,CB CABINET EXPERTISE COMPTABLE<br />LIB:TRANSPORT LIVRAISON,0,9.98,2024-04-08
615000,PRLV SEPA SARL SIMON,,PRLV SEPA NBE:SARL SIMON<br />LIB:ENTRETIEN REPARATIONS,0,491.66,2025-11-26
445660,PRLV SEPA SARL SIMON,,PRLV SEPA NBE:SARL SIMON<br />LIB:ENTRETIEN REPARATIONS,0,98.33,2025-11-26
275000,VIR SEPA SA LEFEVRE,,,0,8986.87,2024-06-28
512000,REMISE CHEQUE,,,3971.90,0,2024-03-25
641100,VIR SEPA SALAIRE AVIL,,,0,1709.85,2024-04-27
421000,VIREMENT SEPA SALAIRE AVRIL,,,0,3875.06,2024-04-28
641000,VIR SEPA SALAIRE AOUT,,,0,3896.12,2025-08-30
606300,CARTE SAS GIRARD,,CB SAS GIRARD<br />LIB:PETIT EQUIPEMENT,0,1166.67,2024-03-19
445660,CARTE SAS GIRARD,,CB SAS GIRARD<br />LIB:PETIT EQUIPEMENT,0,233.33,2024-03-19
431000,PRLVT SEPA URSSAF,REF375957,,0,6097.11,2025-04-06
704000,VIR RECU SA GROUPE ALIMENTAIRE,,VIR SEPA NPY:SA GROUPE ALIMENTAIRE<br />LIB:TRAVAUX FAC2025639,44413.37,0,2024-06-12
486000,CHARGE CONSTATEE AVANCE,,,0,1929.32,2024-12-24
606100,PRLVT SEPA MACIF,,,0,579.17,2025-03-20
445660,PRLVT SEPA MACIF,,,0,115.83,2025-03-20
601100,PAIEMENT CB MAIF,,,0,833.33,2025-05-30
445660,PAIEMENT CB MAIF,,,0,166.67,2025-05-30
757000,VIR RECU SARL COMMERCE DU SUD,,,24401.10,0,2025-01-27
401004,VIR SEPA SAS GARCIA INDUSTRIE,,VIR SEPA REF:FR41581808 NPY:SAS GARCIA INDUSTRIE<br />LIB:FACTURE FOURNISSEUR FAC2024285 LC2:ECHEANCE MARS,0,10600.00,2024-03-03
403000,VIR SEPA SA GROUPE LEGRAND,,VIR SEPA NPY:SA GROUPE LEGRAND<br />LIB:EFFETS A PAYER,0,8556.32,2025-06-27
401001,VIR SEPA EURL GAUTHIER LOGISTIQU,,,0,19053.18,2024-12-27
401002,PRELEVEMENT SEPA SARL FOURNIER B,REF688337,,0,1316.24,2024-03-20
164000,PRLV SEPA ECHEANCE EMPRUNT,,PRLV SEPA<br />LIB:ECHEANCE EMPRUNT FR63721182,0,3776.00,2025-01-26
661100,PRLV SEPA ECHEANCE EMPRUNT,,PRLV SEPA<br />LIB:ECHEANCE EMPRUNT FR63721182,0,849.60,2025-01-26
616000,PRLV SEPA ECHEANCE EMPRUNT,,PRLV SEPA<br />LIB:ECHEANCE EMPRUNT FR63721182,0,94.40,2025-01-26
401008,VIR SEPA SAS BLANC SECURITE,,VIR SEPA REF:FR60853909 NPY:SAS BLANC SECURITE<br />LIB:ACOMPTE FOURNISSEUR,0,15227.19,2025-11-27
627000,PRELEVEMENT SEPA ORANGE SA,,,0,50.00,2025-05-07
622000,VIR SA FOURNIER,,VIR SEPA NPY:SA FOURNIER<br />LIB:HONORAIRES COMPTABLES,0,3164.55,2024-04-29
445660,VIR SA FOURNIER,,VIR SEPA NPY:SA FOURNIER<br />LIB:HONORAIRES COMPTABLES,0,632.91,2024-04-29
713000,VIREMENT RECU SA BTP CONSTRUCTIO,,,4632.37,0,2024-06-20
401001,PRLV SEPA EURL GAUTHIER LOGISTIQ,REF805314,,0,1742.96,2024-05-26
408000,ACTURE NON PARVENUE SAS GIRARD,,,0,847.66,2024-10-18
411001,VIR RECU SCI HENRY SECURITE,,VIR SEPA NPY:SCI HENRY SECURITE IBE:DE79571492966369656769 BIC:DEUTDEFF PDO:DE RCN:FAC2025222<br />LIB:REGLEMENT FACTURE FAC2025222,10970.41,0,2024-09-06
419000,VIR RECU SAS LOGISTIQUE PRO,,VIR SEPA NPY:SAS LOGISTIQUE PRO<br />LIB:ACOMPTE CLIENT,12209.55,0,2025-04-30
624000,CARTE CABINET EXPERTISE COMPTABE,,,0,200.00,2025-08-27
445660,CARTE CABINET EXPERTISE COMPTABE,,,0,40.00,2025-08-27
641000,VIREMENT SEPA SALAIRE DECEMBRE,,VIR SEPA<br />LIB:SALAIRE DECEMBRE 2024,0,1500.00,2024-12-25
401006,PRELEVEMENT SEPA SAS ROBIN SECUR,,PRLV SEPA CPY:FR75363318 NBE:SAS ROBIN SECURITE<br />LIB:FACTURE FAC2025121,0,7000.00,2025-12-08
512000,VIR RECU SAS FAURE,REF610172,,7330.87,0,2024-12-31
621000,PRLV SEPA SARL BONNET,REF708921,PRLV SEPA NBE:SARL BONNET<br />LIB:PERSONNEL INTERIMAIRE,0,3863.15,2025-03-26
445660,PRLV SEPA SARL BONNET,REF708921,PRLV SEPA NBE:SARL BONNET<br />LIB:PERSONNEL INTERIMAIRE,0,772.63,2025-03-26
411001,VIR RECU SCI HENRY SECURITE,,,29150.00,0,2024-11-26
635000,PRLVT SEPA DGFIP,,,0,2950.00,2024-01-06
512000,VIR INTERNE,,,0,49000.00,2024-11-11
641000,VIR SEPA SALAIRE OCTOBRE,REF322971,,0,2000.00,2024-10-31
627000,PRLV SEPA BOUYGUES TELECOM,,,0,86.22,2024-04-25
401003,PRELEVEMENT SEPA SARL GIRARD SEC,,,0,4362.86,2024-09-30
606100,PAIEMENT CB SAS MOREAU,,,0,13.97,2024-04-05
445660,PAIEMENT CB SAS MOREAU,,,0,2.80,2024-04-05
401001,PRLV SEPA EURL GAUTHIER LOGISTIQ,,,0,1407.26,2024-08-04
645000,PRLV SEPA URSSAF,,PRLV SEPA NBE:URSSAF<br />LIB:COTISATIONS PATRONALES T1 2025,0,16491.98,2025-03-15
512100,VIR INTERNE,,VIR INTERNE REF:FR62604769<br />LIB:VIREMENT ENTRE COMPTES,0,74480.27,2025-09-04
623000,CB ENGIE,,,0,1280.12,2024-09-29
445660,CB ENGIE,,,0,256.03,2024-09-29
701000,VIREMENT RECU SAS CONSEIL RH,,VIR SEPA NPY:SAS CONSEIL RH<br />LIB:VENTE PRODUITS FINIS FAC2024578,11000.00,0,2024-03-29
641100,VIR SALAIRE NOVEMBRE,,,0,2827.52,2024-11-26
661000,FRAIS BANCAIRES,,,0,11.56,2025-07-28
511500,ENCAISSEMENT CB,,REMISE CB DU 250525<br />LIB:ENCAISSEMENT CARTE,926.51,0,2025-05-25
627000,ENCAISSEMENT CB,,REMISE CB DU 250525<br />LIB:ENCAISSEMENT CARTE,0,9.27,2025-05-25
512000,VIREMENT RECU SAS MOREAU,REF460262,,6000.00,0,2024-02-26
401004,PRLV SEPA SAS GARCIA INDUSTRIE,,,0,1866.60,2025-05-26
601100,CARTE SA GROUPE LEGRAND,,CB SA GROUPE LEGRAND FACT:FAC2024270<br />LIB:ACHAT FOURNITURES,0,1143.07,2024-02-29
445660,CARTE SA GROUPE LEGRAND,,CB SA GROUPE LEGRAND FACT:FAC2024270<br />LIB:ACHAT FOURNITURES,0,228.62,2024-02-29
401001,VIR SEPA EURL GAUTHIER LOGISTIQU,,,0,19198.73,2024-01-04
431000,PRLV SEPA URSSAF,REF413621,,0,4885.63,2024-02-12
411006,VIR RECU SARL LEFEVRE CONSEIL,,VIR SEPA NPY:SARL LEFEVRE CONSEIL IBE:FR9254472416792007230350052 BIC:BNPAFRPP PDO:FR RCN:FAC2024312<br />LIB:REGLEMENT FACTURE FAC2024312,21966.41,0,2025-02-22
641000,VIR SEPA SALAIRE FEVRIER,,VIR SEPA<br />LIB:SALAIRE FEVRIER 2024,0,1587.25,2024-02-27
401001,VIR SEPA EURL GAUTHIER LOGISTIQU,,VIR SEPA REF:FR63821124 NPY:EURL GAUTHIER LOGISTIQUE<br />LIB:COMMANDE FOURNITURES LCC:BON COMMANDE 381911,0,5672.32,2024-01-31
514000,RMISE CHEQUE,,REMISE CHQ N 462453,13595.72,0,2025-09-17
641100,VIR SEPA SALIRE DECEMBRE,,VIR SEPA<br />LIB:CONGES PAYES DECEMBRE 2024,0,3128.48,2024-12-27
623000,CB ENGIE,REF603959,,0,2396.35,2024-01-31
445660,CB ENGIE,REF603959,,0,479.27,2024-01-31
401005,PRLV SEPA SCI GUERIN IMPRIMERIE,,,0,1317.26,2025-08-28
401002,VIR SEPA SARL FOURNIER BTP,,,0,8000.00,2025-02-28
708000,VIREMENT RECU SARL COMMERCE DU S,,VIR SEPA NPY:SARL COMMERCE DU SUD<br />LIB:PRODUITS ACTIVITES ANNEXES,163.80,0,2025-05-19
625100,CARTE MAIF,,,0,365.02,2024-10-27
445660,CARTE MAIF,,,0,73.01,2024-10-27
411001,VIREMENT RECU SCI HENRY SECURITE,,,26300.00,0,2024-09-04
627000,PRLV SEPA OVH SAS,,,0,112.29,2024-03-19
641000,VIR SEPA SALAIRE MAI,,VIR SEPA<br />LIB:REMUNERATION MAI,0,1908.67,2025-05-29
621000,PRLV SEPA SAS DUPONT,,PRLV SEPA NBE:SAS DUPONT<br />LIB:PERSONNEL INTERIMAIRE,0,3198.37,2024-03-17
445660,PRLV SEPA SAS DUPONT,,PRLV SEPA NBE:SAS DUPONT<br />LIB:PERSONNEL INTERIMAIRE,0,639.67,2024-03-17
601100,CB MAIF,,,0,4069.72,2024-05-30
445660,CB MAIF,,,0,813.95,2024-05-30
641000,VR SEPA SALAIRE MARS,,,0,4315.82,2024-03-25
635000,PRLVT SEPA DGFIP,REF671511,,0,3800.00,2025-12-30
606300,PAIEMENT CB SAS GIRARD,,,0,435.56,2024-02-18
445660,PAIEMENT CB SAS GIRARD,,,0,87.11,2024-02-18
791000,VIR RECU CPAM,,,1522.20,0,2024-11-29
623000,CB SAS MOREAU,,,0,502.80,2024-07-31
445660,CB SAS MOREAU,,,0,100.56,2024-07-31
411002,VIREMENT RECU SA GARNIER TRANSPO,REF604197,VIR SEPA NPY:SA GARNIER TRANSPORTS IBE:BE48861929000308 BIC:GEBABEBB PDO:BE<br />LIB:REGLEMENT CLIENT FAC2024468,25583.36,0,2025-08-08
401004,VIR SEPA SAS GARCIA INDUSTRIE,,VIR SEPA REF:FR91240497 NPY:SAS GARCIA INDUSTRIE<br />LIB:COMMANDE FOURNITURES LCC:BON COMMANDE 750600,0,3988.99,2025-07-12
604000,CB EURL BERNARD,,CB EURL BERNARD<br />LIB:ACHAT ETUDES PRESTATIONS,0,1666.67,2024-05-31
445660,CB EURL BERNARD,,CB EURL BERNARD<br />LIB:ACHAT ETUDES PRESTATIONS,0,333.33,2024-05-31
164000,PRELEVEMENT SEPA ECHEANCE EMPRUN,REF308041,PRLV SEPA<br />LIB:ECHEANCE EMPRUNT FR75494788,0,5083.79,2025-01-09
661100,PRELEVEMENT SEPA ECHEANCE EMPRUN,REF308041,PRLV SEPA<br />LIB:ECHEANCE EMPRUNT FR75494788,0,1143.85,2025-01-09
616000,PRELEVEMENT SEPA ECHEANCE EMPRUN,REF308041,PRLV SEPA<br />LIB:ECHEANCE EMPRUNT FR75494788,0,127.09,2025-01-09
708000,VIR RECU SARL TRANSPORT EXPRESS,,,118.93,0,2024-09-14
706000,VIR RECU SA GROUPE LEGRAND,,VIR SEPA NPY:SA GROUPE LEGRAND<br />LIB:PRESTATIONS SERVICES FAC2025156,15786.46,0,2024-09-25
211000,VIREMENT SEPA SARL GAUTIER,,,0,16955.61,2025-11-19
618000,CB SAS MOREAU,,,0,348.62,2025-05-25
445660,CB SAS MOREAU,,,0,69.73,2025-05-25
416000,VIR RECU EURL ARTISAN BOIS,,,2946.18,0,2025-11-12
401001,VIR SEPA EURL GAUTHIER LOGISTIQU,,,0,856.25,2024-02-06
708000,VIREMENT RECU SARL MODE TEXTILE,,,4300.00,0,2024-09-12
645000,PRELEVEMENT SEPA URSSAF,,,0,14610.89,2024-09-12
661000,AGIOS BANCAIRES,REF129379,,0,448.87,2025-01-14
401007,PRELEVEMENT SEPA SAS MASSON CONS,,,0,10820.22,2025-03-28
626100,PRLV SEPA SA FOURNIER,,,0,41.14,2025-03-26
445660,PRLV SEPA SA FOURNIER,,,0,8.23,2025-03-26
621000,PRELEVEMENT SEPA SARL BONNET,,PRLV SEPA NBE:SARL BONNET<br />LIB:PERSONNEL INTERIMAIRE,0,4336.32,2025-10-20
445660,PRELEVEMENT SEPA SARL BONNET,,PRLV SEPA NBE:SARL BONNET<br />LIB:PERSONNEL INTERIMAIRE,0,867.26,2025-10-20
486000,CHARGE CONSTATEE AVANCE,,,0,2000.00,2024-12-23
401004,PRLV SEPA SAS GARCIA INDUSTRIE,,,0,2000.00,2025-12-03
613200,PRLV SEPA SAS LAMBERT,,PRLV SEPA NBE:SAS LAMBERT<br />LIB:LOYER MAI 2024,0,1274.31,2024-05-01
445660,PRLV SEPA SAS LAMBERT,,PRLV SEPA NBE:SAS LAMBERT<br />LIB:LOYER MAI 2024,0,254.86,2024-05-01
421000,VIR SEPA SALAIRE JUIN,,VIR SEPA<br />LIB:SALAIRE JUIN 2024,0,2697.17,2024-06-26
601100,PAIEMENT CB SA GROUPE LEGRAND,,,0,1666.67,2024-06-26
445660,PAIEMENT CB SA GROUPE LEGRAND,,,0,333.33,2024-06-26
633000,PRELEVEMENT SEPA DGFIP,,PRLV SEPA NBE:DGFIP<br />LIB:CONTRIBUTION ECONOMIQUE TERRITORIALE,0,7792.76,2024-11-19
641100,VIR SEPA SALAIRE OCTOBRE,REF973934,,0,3881.44,2024-10-28
421000,VIREMENT SEPA SALAIRE AOUT,,VIR SEPA<br />LIB:SALAIRE AOUT 2024,0,3543.39,2024-08-26
625100,CB EURL BERNARD,,,0,140.73,2025-07-30
445660,CB EURL BERNARD,,,0,28.15,2025-07-30
658000,VIREMENT SEPA SAS GIRARD,,VIR SEPA NPY:SAS GIRARD<br />LIB:CHARGES GESTION COURANTE,0,1400.00,2024-03-09
512000,VIR INTERNE,,VIR INTERNE REF:FR94765944<br />LIB:VIREMENT DE COMPTE A COMPTE,0,42568.81,2025-07-08
704000,VIR RECU SA CHIMIE FRANCE,,VIR SEPA NPY:SA CHIMIE FRANCE<br />LIB:TRAVAUX FAC2025854,49500.00,0,2024-02-18
616000,PRLVT SEPA AXA ASSURANCES,REF371122,,0,2511.52,2025-02-01
623000,CB ENGIE,,,0,1666.67,2025-01-19
445660,CB ENGIE,,,0,333.33,2025-01-19
411008,VIR RECU SCI PETIT ELECTRICITE,REF708810,,22662.96,0,2024-12-30
512000,REMISE CHEQUE,REF217108,REMISE CHQ N 412143,17279.22,0,2024-09-05
530000,RETRAIT CAISSE,,,0,646.61,2024-10-25
621000,PRLV SEPA SAS GIRARD,,PRLV SEPA NBE:SAS GIRARD<br />LIB:PERSONNEL INTERIMAIRE,0,1271.16,2024-09-11
445660,PRLV SEPA SAS GIRARD,,PRLV SEPA NBE:SAS GIRARD<br />LIB:PERSONNEL INTERIMAIRE,0,254.23,2024-09-11
411001,VIR RECU SCI HENRY SECURITE,REF165375,VIR SEPA NPY:SCI HENRY SECURITE IBE:DE79571492966369656769 BIC:DEUTDEFF PDO:DE<br />LIB:REGLEMENT CLIENT FAC2025845,26558.41,0,2024-08-07
275000,VIR SEPA SA LEFEVRE,,,0,5862.86,2024-02-25
707000,VIR RECU SAS TECHNOLOGY PLUS,,,8491.20,0,2025-03-27
641000,VIR SEPA SALAIRE JANVIER,,,0,3642.56,2024-01-29
445510,VIR SEPA DGFIP TVA,REF245209,VIR SEPA NPY:DGFIP<br />LIB:TVA A DECAISSER T2 2024,0,1928.76,2024-04-24
401002,VIR SEPA SARL FOURNIER BTP,,VIR SEPA REF:FR44037370 NPY:SARL FOURNIER BTP<br />LIB:COMMANDE FOURNITURES LCC:BON COMMANDE 944273,0,14157.54,2024-02-29
624000,CARTE SAS LAURENT,,CB SAS LAURENT<br />LIB:TRANSPORT LIVRAISON,0,383.33,2024-06-26
445660,CARTE SAS LAURENT,,CB SAS LAURENT<br />LIB:TRANSPORT LIVRAISON,0,76.67,2024-06-26
512000,FRAIS BANCAIRES,REF944576,,0,98.99,2025-10-07
512000,VIR INTERNE,,VIR INTERNE REF:FR41632745<br />LIB:VIREMENT DE COMPTE A COMPTE,0,28000.00,2025-11-12
401002,PRLV SEPA SARL FOURNIER BTP,,PRLV SEPA CPY:FR87048462 RUM:FR87048462 NBE:SARL FOURNIER BTP<br />LIB:REGLEMENT FACTURE,0,4106.11,2024-12-31
622000,VIR SEPA SA FOURNIER,,VIR SEPA NPY:SA FOURNIER<br />LIB:HONORAIRES COMPTABLES,0,3313.37,2024-05-01
445660,VIR SEPA SA FOURNIER,,VIR SEPA NPY:SA FOURNIER<br />LIB:HONORAIRES COMPTABLES,0,662.68,2024-05-01
758000,VIR RECU SARL MODE TEXTILE,,,1946.78,0,2024-06-27
401005,VIR SEPA SCI GUERIN IMPRIMERIE,,,0,7839.41,2025-04-07
624000,CARTE MACIF,,,0,352.34,2025-10-21
445660,CARTE MACIF,,,0,70.47,2025-10-21
512000,FRAIS BANCAIRES,,FRAIS BANCAIRES<br />LIB:FRAIS DE GESTION JANVIER,0,147.60,2024-01-04
411001,VIR RECU SCI HENRY SECURITE,,,16368.21,0,2025-04-07
708000,VIR RECU SARL TRANSPORT EXPRESS,,,1610.51,0,2024-11-07
401001,PRLV SEPA EURL GAUTHIER LOGISTIQ,REF724870,,0,6100.00,2025-03-10
701000,VIREMENT RECU SAS CONSEIL RH,,,13868.20,0,2025-02-19
205000,VIREMENT SEPA SARL GAUTIER,,VIR SEPA NPY:SARL GAUTIER<br />LIB:LOGICIEL FAC2024981,0,28532.57,2025-03-26
411001,VIREMENT RECU SCI HENRY SECURITE,,,29380.21,0,2024-02-06
641100,VIR SALAIRE MARS,,VIR SEPA<br />LIB:CONGES PAYES MARS 2024,0,3000.00,2024-03-26
626100,PRLV SEPA SA FOURNIER,,,0,164.87,2025-01-14
445660,PRLV SEPA SA FOURNIER,,,0,32.98,2025-01-14
602000,CB SAS MOREAU,,,0,983.33,2025-08-26
445660,CB SAS MOREAU,,,0,196.67,2025-08-26
631000,PRELEVEMENT SEPA DGFIP,REF376505,,0,4216.60,2025-05-25
218000,VIR SEPA SAS FAURE,,,0,38946.38,2025-03-07
445620,VIR SEPA SAS FAURE,,,0,7789.28,2025-03-07
601100,PAIEMENT CB MAIF,,CB MAIF<br />LIB:ACHAT MARCHANDISES,0,3125.00,2024-08-30
445660,PAIEMENT CB MAIF,,CB MAIF<br />LIB:ACHAT MARCHANDISES,0,625.00,2024-08-30
706000,VIR RECU SA GROUPE LEGRAND,,,18529.31,0,2024-07-01
467000,VIR SARL ANDRE,,,0,7636.57,2025-04-12
641000,VIR SEPA SALAIRE NOVEMBRE,,,0,4159.53,2024-11-30
635000,PRLV SEPA DGFIP,,,0,879.07,2024-05-13
645000,PRLV SEPA URSSAF,,,0,20000.00,2024-12-09
706000,VIR RECU SA INDUSTRIE NORD,,,12749.06,0,2024-11-01
512100,VIR INTERNE,,,0,49560.79,2024-02-17
708000,VIR RECU SARL TRANSPORT EXPRESS,,,4310.88,0,2025-10-30
601100,PRLV SEPA MAIF,,,0,3566.49,2024-02-26
445660,PRLV SEPA MAIF,,,0,713.30,2024-02-26
606100,CB SA FOURNIER,,,0,416.67,2024-02-27
445660,CB SA FOURNIER,,,0,83.33,2024-02-27
681000,DOTATION AMORTISSEMENT,,,0,13000.00,2024-12-25
641000,VIR SEPA SALAIRE JUIN,REF428594,,0,1800.00,2024-06-27
624000,CB SAS LAURENT,,,0,189.12,2025-05-12
445660,CB SAS LAURENT,,,0,37.83,2025-05-12
512000,VIR RECU SAS MOREAU,,,15017.02,0,2024-10-27
611000,PRLV SEPA SARL GAUTIER,,,0,2378.55,2024-07-26
445660,PRLV SEPA SARL GAUTIER,,,0,475.71,2024-07-26
625100,CB EURL BERNARD,,CB EURL BERNARD<br />LIB:FRAIS VOYAGE,0,179.04,2024-05-28
445660,CB EURL BERNARD,,CB EURL BERNARD<br />LIB:FRAIS VOYAGE,0,35.81,2024-05-28
261000,VIREMENT SEPA SAS LAURENT,,,0,43627.18,2024-04-05
401001,PRELEVEMENT SEPA EURL GAUTHIER L,,PRLV SEPA CPY:FR37087242 NBE:EURL GAUTHIER LOGISTIQUE<br />LIB:FACTURE FAC2025912,0,1175.36,2025-05-15
511500,ENCAISSEMENT CB,,,1000.00,0,2024-01-25
627000,ENCAISSEMENT CB,,,0,10.00,2024-01-25
625100,CB EURL BERNARD,,,0,279.28,2024-06-28
445660,CB EURL BERNARD,,,0,55.86,2024-06-28
416000,VIR RECU EURL ARTISAN BOIS,REF111292,,400.13,0,2025-05-08
612000,PRLV SEPA SAS LAMBERT,,PRLV SEPA NBE:SAS LAMBERT<br />LIB:CREDIT-BAIL,0,1201.45,2025-12-26
445660,PRLV SEPA SAS LAMBERT,,PRLV SEPA NBE:SAS LAMBERT<br />LIB:CREDIT-BAIL,0,240.29,2025-12-26
445510,VIR SEPA DGFIP TVA,,VIR SEPA NPY:DGFIP<br />LIB:TVA A DECAISSER T1 2025,0,12772.61,2025-01-21
411001,VIR RECU SCI HENRY SECURITE,,,19152.63,0,2025-08-25
606300,CB ENGIE,REF580019,,0,179.18,2024-10-25
445660,CB ENGIE,REF580019,,0,35.84,2024-10-25
625100,PAIEMENT CB MAIF,,,0,484.05,2025-05-06
445660,PAIEMENT CB MAIF,,,0,96.81,2025-05-06
613200,PRLV SEPA SARL BONNET,,,0,3513.77,2024-06-04
445660,PRLV SEPA SARL BONNET,,,0,702.75,2024-06-04
511500,ENCAISSEMENT CB,,REMISE CB DU 170824<br />LIB:ENCAISSEMENT CARTE,1141.15,0,2024-08-17
627000,ENCAISSEMENT CB,,REMISE CB DU 170824<br />LIB:ENCAISSEMENT CARTE,0,11.41,2024-08-17
612000,PRLVT SEPA SAS LAMBERT,,,0,652.76,2024-10-17
445660,PRLVT SEPA SAS LAMBERT,,,0,130.55,2024-10-17
403000,VIREMENT SEPA SC ROUX,,,0,8932.90,2025-06-11
411001,VIR RECU SCI HENRY SECURITE,,,22082.46,0,2024-10-31
625100,CARTE EURL BERNARD,,CB EURL BERNARD<br />LIB:FRAIS VOYAGE,0,586.71,2025-02-28
445660,CARTE EURL BERNARD,,CB EURL BERNARD<br />LIB:FRAIS VOYAGE,0,117.34,2025-02-28
411008,VIREMENT RECU SCI PETIT ELECTRIC,REF206001,VIR SEPA NPY:SCI PETIT ELECTRICITE IBE:FR3379857962349216244198983 BIC:AGRIFRPP PDO:FR RCN:FAC2024745<br />LIB:REGLEMENT FACTURE FAC2024745,8702.18,0,2025-12-06
601100,PAIEMENT CB EDF,,CB EDF FACT:FAC2024682<br />LIB:ACHAT FOURNITURES,0,404.80,2025-04-27
445660,PAIEMENT CB EDF,,CB EDF FACT:FAC2024682<br />LIB:ACHAT FOURNITURES,0,80.96,2025-04-27
411007,VIR RECU SARL GARCIA DISTRIBUTIO,,VIR SEPA NPY:SARL GARCIA DISTRIBUTION IBE:FR6177233592743758002949141 BIC:CCBPFRPP PDO:FR<br />LIB:REGLEMENT CLIENT FAC2025185,9217.77,0,2024-03-30
621000,PRLV SEPA SARL BONNET,,,0,5238.45,2024-03-31
445660,PRLV SEPA SARL BONNET,,,0,1047.69,2024-03-31
164000,PRELEVEMENT SEPA ECHEANCE EMPRUN,,,0,2217.10,2024-05-03
661100,PRELEVEMENT SEPA ECHEANCE EMPRUN,,,0,498.85,2024-05-03
616000,PRELEVEMENT SEPA ECHEANCE EMPRUN,,,0,55.43,2024-05-03
601100,CB EDF,,,0,1151.31,2024-08-29
445660,CB EDF,,,0,230.26,2024-08-29
706000,VIR RECU EURL DESIGN STUDIO,,,13752.68,0,2025-06-10
411002,VIR RECUSA GARNIER TRANSPORTS,,VIR SEPA NPY:SA GARNIER TRANSPORTS IBE:BE48861929000308 BIC:GEBABEBB PDO:BE RCN:FAC2024372<br />LIB:REGLEMENT FACTURE FAC2024372,10453.03,0,2025-10-16
211000,VIR SEPA SARL MARTIN,,VIR SEPA NPY:SARL MARTIN<br />LIB:TERRAIN,0,54344.72,2025-02-28
411001,VIREMENT RECU SCI HENRY SECURITE,,VIR SEPA NPY:SCI HENRY SECURITE IBE:DE79571492966369656769 BIC:DEUTDEFF PDO:DE RCN:FAC2025217<br />LIB:REGLEMENT FACTURE FAC2025217,35600.00,0,2025-11-30
645000,PRLV SEPA URSSAF,,,0,17394.68,2024-09-14
621000,PRLV SEPA SAS DUPONT,REF970784,,0,2358.35,2025-02-28
445660,PRLV SEPA SAS DUPONT,REF970784,,0,471.67,2025-02-28
411001,VIR RECU SCI HENRY SECURITE,,,36892.80,0,2025-08-30
275000,VIREMENT SEPA SARL MARTIN,,,0,5849.48,2025-07-28
512000,REMISE CHEQUE,,REMISE CHQ N 887046,738.08,0,2024-02-19
401004,VIR SEPA SAS GARCIA INDUSTRIE,,,0,6514.06,2025-11-27
626000,PRLV SEPA SAS GIRARD,,,0,96.58,2025-07-27
411001,VIREMENT RECU SCI HENRY SECURITE,,,11659.06,0,2025-10-13
601100,CARTE EDF,,CB EDF<br />LIB:ACHAT MARCHANDISES,0,3065.66,2024-07-30
445660,CARTE EDF,,CB EDF<br />LIB:ACHAT MARCHANDISES,0,613.13,2024-07-30
512000,VIR INTERNE,,,0,2756.22,2025-05-06
708000,VIREMENT RECU SARL TRANSPORT EXP,,,2177.92,0,2024-10-30
401009,VIR SEPA EURL MERCIER IMMOBILIER,,,0,24413.41,2025-10-16
606100,PAIEMENT CB SA FOURNIER,,,0,313.75,2024-05-08
445660,PAIEMENT CB SA FOURNIER,,,0,62.75,2024-05-08
471000,OPERATION ATTENTE,,,0,270.00,2025-07-26
645000,PRLV SEPA URSSAF,REF396660,PRLV SEPA NBE:URSSAF<br />LIB:COTISATIONS PATRONALES T3 2025,0,19134.48,2025-08-08
205000,VIR SEPA SARL MARTIN,,,0,23896.75,2024-10-17
627000,PRELEVEMENT SEPA OVH SAS,,,0,391.46,2024-01-22
645000,PRELEVEMENT SEPA URSAF,REF936598,,0,5030.00,2024-06-13
631000,PRLV SEPA DGFIP,,,0,1048.08,2025-11-11
261000,VIR SARL BONNET,,VIR SEPA NPY:SARL BONNET<br />LIB:TITRES DE PARTICIPATION,0,54230.78,2025-05-29
401002,PRELEVEMENT SEPA SARL FOURNIER B,,PRLV SEPA CPY:FR35264082 NBE:SARL FOURNIER BTP<br />LIB:FACTURE FAC2024102,0,5000.00,2024-06-27
641100,VIREMENT SEPA SALAIRE AVRIL,,,0,1371.55,2024-04-25
625100,CB EURL BERNARD,,,0,831.64,2024-10-28
445660,CB EURL BERNARD,,,0,166.33,2024-10-28
471000,OPERATION ATTENTE,,,0,1509.80,2025-04-13
621000,PRLV SEPA SARL PETIT,,,0,4916.67,2025-11-25
445660,PRLV SEPA SARL PETIT,,,0,983.33,2025-11-25
621000,PRLV SEPA SARL ANDRE,,PRLV SEPA NBE:SARL ANDRE<br />LIB:PERSONNEL INTERIMAIRE,0,3953.01,2024-06-18
445660,PRLV SEPA SARL ANDRE,,PRLV SEPA NBE:SARL ANDRE<br />LIB:PERSONNEL INTERIMAIRE,0,790.60,2024-06-18
624000,CARTE SAS LAURENT,,,0,239.99,2025-04-03
445660,CARTE SAS LAURENT,,,0,48.00,2025-04-03
419000,VIREMENT RECU SA AERO COMPOSANTS,REF307115,,10185.00,0,2025-10-29
704000,VIR RECU SAS CONSEIL RH,,,10268.32,0,2025-11-11
613200,PRLVT SEPA SARL BONNET,,,0,1768.93,2025-02-04
445660,PRLVT SEPA SARL BONNET,,,0,353.79,2025-02-04
713000,VIR RECU SAS LOGISTIQUE PRO,,,649.07,0,2025-05-23
431000,PRLV SEPA URSSAF,REF492219,,0,8718.06,2024-10-09
708000,VIREMENT RECU SA GROUPE LEGRAND,,VIR SEPA NPY:SA GROUPE LEGRAND<br />LIB:PRODUITS ACTIVITES ANNEXES,4000.00,0,2025-12-26
601100,PRLV SEPA MAIF,,,0,6666.67,2025-10-12
445660,PRLV SEPA MAIF,,,0,1333.33,2025-10-12
421000,VIR SEPA SALAIRE JANVIER,,VIR SEPA<br />LIB:SALAIRE JANVIER 2024,0,2663.12,2024-01-27
758700,VIR RECU MACIF,,,3464.68,0,2025-04-25
514000,REMISE CHEQUE,,,4913.82,0,2024-02-01
401009,VIR EURL MERCIER IMMOBILIER,,,0,9554.92,2025-06-07
781000,REPRISE AMORTISSEMENT,,,2924.77,0,2024-12-22
633000,PRLV SEPA DGFIP,,PRLV SEPA NBE:DGFIP<br />LIB:CONTRIBUTION ECONOMIQUE TERRITORIALE,0,2173.00,2024-05-27
601100,CB MAIF,,,0,1143.76,2024-03-13
445660,CB MAIF,,,0,228.75,2024-03-13
606100,PAIEMENT CB SAS MOREAU,,,0,416.67,2024-04-27
445660,PAIEMENT CB SAS MOREAU,,,0,83.33,2024-04-27
416000,VIR RECU SARL COMMERCE DU SUD,REF211760,,5269.52,0,2025-11-22
624000,CARTE SAS LAURENT,,,0,416.67,2024-01-04
445660,CARTE SAS LAURENT,,,0,83.33,2024-01-04
530000,RETRAIT CAISSE,,RETRAIT DAB<br />LIB:APPROVISIONNEMENT CAISSE,0,756.87,2024-07-10
625200,PAIEMENT CB SAS MOREAU,,,0,209.39,2025-08-13
445660,PAIEMENT CB SAS MOREAU,,,0,41.88,2025-08-13
604000,CB SARL CONSULTANT RH,,,0,803.20,2025-01-27
445660,CB SARL CONSULTANT RH,,,0,160.64,2025-01-27
467000,VIR SEPA SAS FAURE,,,0,2000.00,2025-11-03
606100,CARTE MACIF,,CB MACIF<br />LIB:FOURNITURES NON STOCKABLES,0,250.00,2024-03-21
445660,CARTE MACIF,,CB MACIF<br />LIB:FOURNITURES NON STOCKABLES,0,50.00,2024-03-21
611000,PRLV SEPA SAS MOREAU,,,0,2915.33,2025-06-30
445660,PRLV SEPA SAS MOREAU,,,0,583.07,2025-06-30
401005,VIREMENT SEPA SCI GUERIN IMPRIME,,,0,2974.77,2025-02-06
401007,VIREMENT SEPA SAS MASSON CONSEIL,,,0,7268.90,2024-01-26
645100,PRELEVEMENT SEPA MUTUELLE,REF477182,,0,2000.00,2025-12-02
621000,PRLV SEPA SAS DUPONT,,,0,6905.11,2025-06-24
445660,PRLV SEPA SAS DUPONT,,,0,1381.02,2025-06-24
411005,VIREMENT RECU SCI ROUSSEL ELECTR,,,25791.89,0,2025-03-30
706000,VIR RECU EURL DESIGN STUDIO,,,13609.44,0,2024-08-25
514000,REMISE CHEQUE,,REMISE CHQ N 111116<br />LIB:ENCAISSEMENT CHEQUE,2040.30,0,2024-04-08
601100,PRLVT SEPA SFR,,PRLV SEPA NBE:SFR<br />LIB:COMMANDE FAC2024923,0,6100.97,2024-05-25
445660,PRLVT SEPA SFR,,PRLV SEPA NBE:SFR<br />LIB:COMMANDE FAC2024923,0,1220.20,2024-05-25
641100,VIR SEPA SALAIRE JUIN,,,0,3246.18,2024-06-26
205000,VIREMENT SEPA SARL ANDRE,,VIR SEPA NPY:SARL ANDRE<br />LIB:LOGICIEL FAC2025487,0,19377.69,2025-06-20
625100,CB EURL BERNARD,REF719697,,0,208.02,2025-03-29
445660,CB EURL BERNARD,REF719697,,0,41.60,2025-03-29
641000,VIREMENT SEPA SALAIRE MARS,,,0,4607.59,2024-03-27
641000,VIR SEPA SALAIRE MARS,REF828221,,0,3509.24,2024-03-29
641000,VIREMENT SEPA SALAIRE MARS,,,0,2899.92,2024-03-30
707000,VIR RECU EURL ARTISAN BOIS,,,18719.07,0,2024-07-31
213100,VIR SEPA SARL GAUTIER,,,0,123988.38,2024-11-25
611000,PRELEVEMENT SEPA SAS FAURE,,,0,14643.14,2024-08-26
445660,PRELEVEMENT SEPA SAS FAURE,,,0,2928.63,2024-08-26
613200,PRLV SEPA EURL MERCIER,,,0,1887.12,2024-02-05
445660,PRLV SEPA EURL MERCIER,,,0,377.42,2024-02-05
601100,PRLV SEPA MAIF,,,0,4833.33,2025-02-15
445660,PRLV SEPA MAIF,,,0,966.67,2025-02-15
615000,PRELEEMENT SEPA SAS GIRARD,,PRLV SEPA NBE:SAS GIRARD<br />LIB:ENTRETIEN REPARATIONS,0,2416.12,2024-03-05
445660,PRELEEMENT SEPA SAS GIRARD,,PRLV SEPA NBE:SAS GIRARD<br />LIB:ENTRETIEN REPARATIONS,0,483.22,2024-03-05
611000,PRLV SEPA SAS FAURE,,,0,6583.33,2024-01-31
445660,PRLV SEPA SAS FAURE,,,0,1316.67,2024-01-31
401002,PRLV SEPA SARL FOURNIER BTP,REF577017,,0,1000.00,2025-10-09
604000,CB ALLIANZ,,,0,1959.55,2025-11-27
445660,CB ALLIANZ,,,0,391.91,2025-11-27
401002,VIR SEPA SARL FOURNIER BTP,,VIR SEPA REF:FR51538924 NPY:SARL FOURNIER BTP<br />LIB:FACTURE FOURNISSEUR FAC2024034 LC2:ECHEANCE JUILLET,0,5995.26,2025-07-31
601100,PRLV SEPA EDF,,,0,3791.67,2025-10-31
445660,PRLV SEPA EDF,,,0,758.33,2025-10-31
401005,PRELEVEMENT SEPA SCI GUERIN IMPR,,,0,988.82,2024-08-19
645000,PRLV SEA URSSAF,REF463426,,0,8311.51,2024-04-05
401005,PRLV SEPA SCI GUERIN IMPRIMERIE,,PRLV SEPA CPY:FR33588828 NBE:SCI GUERIN IMPRIMERIE<br />LIB:FACTURE FAC2024388,0,2300.00,2025-09-11
401001,PRLV SEPA EURL GAUTHIER LOGISTIQ,,,0,3415.42,2024-11-07
401007,VIR SEPA SAS MASSON CONSEIL,,,0,5050.00,2024-05-29
604000,CB ENGIE,,CB ENGIE<br />LIB:ACHAT ETUDES PRESTATIONS,0,3634.71,2024-06-11
445660,CB ENGIE,,CB ENGIE<br />LIB:ACHAT ETUDES PRESTATIONS,0,726.94,2024-06-11
401002,VIR SEPA SARL FOURNIER BTP,,,0,4431.50,2025-04-28
641100,VIR SEPA ALAIRE JANVIER,REF600107,,0,2927.08,2025-01-31
606100,PRLVT SEPA SAS MOREAU,,,0,342.42,2025-11-28
445660,PRLVT SEPA SAS MOREAU,,,0,68.49,2025-11-28
601100,CB SA GROUPE LEGRAND,REF197793,,0,346.02,2024-12-06
445660,CB SA GROUPE LEGRAND,REF197793,,0,69.21,2024-12-06
275000,VIR SEPA SA LEFEVRE,,,0,6631.28,2024-10-30
601100,CB EDF,REF630299,,0,1633.33,2025-09-08
445660,CB EDF,REF630299,,0,326.67,2025-09-08
613200,PRLV SEPA EURL MERCIER,,,0,1020.04,2025-04-04
445660,PRLV SEPA EURL MERCIER,,,0,204.01,2025-04-04
411001,VIREMENT RECU SCI HENRY SECURITE,,VIR SEPA NPY:SCI HENRY SECURITE IBE:DE79571492966369656769 BIC:DEUTDEFF PDO:DE RCN:FAC2025202<br />LIB:REGLEMENT FACTURE FAC2025202,45962.61,0,2025-12-30
164000,PRLV SEPA ECHEANCE EMPRUNT,,PRLV SEPA<br />LIB:ECHEANCE EMPRUNT FR58721761,0,4088.38,2025-09-04
661100,PRLV SEPA ECHEANCE EMPRUNT,,PRLV SEPA<br />LIB:ECHEANCE EMPRUNT FR58721761,0,919.89,2025-09-04
616000,PRLV SEPA ECHEANCE EMPRUNT,,PRLV SEPA<br />LIB:ECHEANCE EMPRUNT FR58721761,0,102.21,2025-09-04
637000,PRLV SEPA DGFIP,,PRLV SEPA NBE:DGFIP<br />LIB:TAXE SUR SALAIRES T1,0,2817.93,2024-02-17
641000,VIR SEPA SALAIRE MARS,REF180250,VIR SEPA<br />LIB:REMUNERATION MARS,0,3374.92,2024-03-25
213100,VIREMENT SEPA SAS DUVAL,,,0,65632.52,2024-11-02
635000,PRLV SEPA DGFIP,,,0,2619.36,2024-11-26
614000,PRLV SEPA SA PICARD,,,0,1091.76,2024-06-24
445660,PRLV SEPA SA PICARD,,,0,218.35,2024-06-24
612000,PRLV SEPA SARL PETIT,,PRLV SEPA NBE:SARL PETIT<br />LIB:CREDIT-BAIL,0,922.54,2024-12-29
445660,PRLV SEPA SARL PETIT,,PRLV SEPA NBE:SARL PETIT<br />LIB:CREDIT-BAIL,0,184.51,2024-12-29
401002,PRLVT SEPA SARL FOURNIER BTP,,,0,8524.75,2025-05-31
614000,PRLV SEPA SARL PETIT,,,0,1102.72,2024-07-28
445660,PRLV SEPA SARL PETIT,,,0,220.54,2024-07-28
627000,PRLV SEPA BOUYGUES TELECOM,REF209953,,0,100.00,2024-12-04
401003,VIR SEPA SARL GIRARD SECURITE,,,0,12663.72,2024-12-26
580000,VIR INTERNE,,,0,9359.23,2025-01-06
411006,VIREMENT RECU SARL LEFEVRE CONSE,,,9875.14,0,2025-03-25
601100,CB MAIF,,,0,815.63,2024-03-13
445660,CB MAIF,,,0,163.13,2024-03-13
205000,VIR SEPA SARL MARTIN,,,0,22000.00,2024-05-27
411001,VIR RECU SCI HENRY SECURITE,,,20270.00,0,2025-08-31
635000,PRLV SEPA DGFIP,,PRLV SEPA NBE:DGFIP<br />LIB:AUTRES IMPOTS 2024,0,4607.55,2024-08-19
621000,PRELEVEMENT SEPA SARL BONNET,,,0,4427.63,2025-01-04
445660,PRELEVEMENT SEPA SARL BONNET,,,0,885.53,2025-01-04
445510,VIR SEPA DGFIP TVA,,,0,14076.29,2025-01-17
601100,PRLV SEPA SA LEFEVRE,,,0,6234.72,2025-08-30
445660,PRLV SEPA SA LEFEVRE,,,0,1246.95,2025-08-30
641100,VIR SEPA SALAIRE MARS,,VIR SEPA<br />LIB:CONGES PAYES MARS 2025,0,1907.83,2025-03-30
706000,VIREMENT RECU EURL DESIGN STUDIO,,VIR SEPA NPY:EURL DESIGN STUDIO<br />LIB:PRESTATIONS SERVICES FAC2024339,18500.00,0,2024-12-31
445710,VIR SEPA DGFIP TVA,,,0,16818.04,2025-04-17
621000,PRLVT SEPA SAS DUPONT,,PRLV SEPA NBE:SAS DUPONT<br />LIB:PERSONNEL INTERIMAIRE,0,3870.51,2025-07-24
445660,PRLVT SEPA SAS DUPONT,,PRLV SEPA NBE:SAS DUPONT<br />LIB:PERSONNEL INTERIMAIRE,0,774.10,2025-07-24
624000,CB SA PICARD,,CB SA PICARD<br />LIB:TRANSPORT LIVRAISON,0,20.88,2024-09-30
445660,CB SA PICARD,,CB SA PICARD<br />LIB:TRANSPORT LIVRAISON,0,4.18,2024-09-30
706000,VIR RECU SAS LOGISTIQUE PRO,,,10754.30,0,2024-06-29
431000,PRLV SEPA URSSAF,,,0,7867.02,2024-04-14
625100,CB EURL BERNARD,,CB EURL BERNARD<br />LIB:DEPLACEMENT MISSION,0,791.67,2025-08-17
445660,CB EURL BERNARD,,CB EURL BERNARD<br />LIB:DEPLACEMENT MISSION,0,158.33,2025-08-17
625200,CB BOUYGUES TELECOM,,,0,416.67,2024-09-09
445660,CB BOUYGUES TELECOM,,,0,83.33,2024-09-09
205000,VIR SEPA SAS LAURENT,,VIR SEPA NPY:SAS LAURENT<br />LIB:LOGICIEL FAC2025817,0,2353.86,2024-06-27
512000,VIR RECU SARL PETIT,,VIR SEPA NPY:SARL PETIT<br />LIB:VIREMENT RECU,10792.11,0,2024-04-25
625100,CB FREE MOBILE,,,0,1418.27,2024-07-11
445660,CB FREE MOBILE,,,0,283.66,2024-07-11
625200,CB BOUYGUES TELECOM,,,0,400.50,2024-10-31
445660,CB BOUYGUES TELECOM,,,0,80.10,2024-10-31
205000,VIR SEPA SA LEFEVRE,,,0,17787.95,2025-03-09
606100,CB MACIF,,,0,237.99,2025-11-23
445660,CB MACIF,,,0,47.60,2025-11-23
613200,PRLVT SPA EURL BERNARD,,PRLV SEPA NBE:EURL BERNARD<br />LIB:LOYER JUIN 2025,0,2750.00,2025-06-04
445660,PRLVT SPA EURL BERNARD,,PRLV SEPA NBE:EURL BERNARD<br />LIB:LOYER JUIN 2025,0,550.00,2025-06-04
623000,PAIEMENT CB SARL SIMON,,CB SARL SIMON<br />LIB:PUBLICITE ANNONCES,0,876.67,2025-09-19
445660,PAIEMENT CB SARL SIMON,,CB SARL SIMON<br />LIB:PUBLICITE ANNONCES,0,175.33,2025-09-19
791000,VIREMENT RECU MAIF,,,9706.46,0,2024-03-12
707000,VIR RECU SAS TECHNOLOGY PLUS,,,10788.21,0,2025-04-27
631000,PRLV SEPA DGFIP,,,0,1000.08,2024-07-25
624000,CB SA FOURNIER,,,0,150.04,2025-04-30
445660,CB SA FOURNIER,,,0,30.01,2025-04-30
631000,PRLVT SEPA DGFIP,,,0,2821.93,2025-07-02
401001,PRELEVEMENT SEPA EURL GAUTHIER L,,,0,12000.00,2025-06-29
627000,PRLV SEPA SFR,,PRLV SEPA NBE:SFR<br />LIB:FORFAIT MOBILE,0,63.26,2024-01-12
411002,VIR RECU SA GARNIER TRANSPORTS,,VIR SEPA NPY:SA GARNIER TRANSPORTS IBE:BE48861929000308 BIC:GEBABEBB PDO:BE<br />LIB:REGLEMENT CLIENT FAC2024466,4852.09,0,2024-03-07
602000,CB SA LEFEVRE,REF330032,CB SA LEFEVRE<br />LIB:ACHAT MATIERES PREMIERES,0,9527.22,2025-05-29
445660,CB SA LEFEVRE,REF330032,CB SA LEFEVRE<br />LIB:ACHAT MATIERES PREMIERES,0,1905.44,2025-05-29
411001,VIR RECU SCI HENRY SECURITE,REF892216,,17880.00,0,2025-09-30
411004,VIR RECU SA NOEL IMPRIMERIE,,,30674.88,0,2024-12-06
625100,CB SARL GAUTIER,,,0,424.07,2025-12-30
445660,CB SARL GAUTIER,,,0,84.81,2025-12-30
601100,CB SA GROUPE LEGRAND,REF233636,CB SA GROUPE LEGRAND<br />LIB:ACHAT MARCHANDISES,0,2467.30,2024-11-26
445660,CB SA GROUPE LEGRAND,REF233636,CB SA GROUPE LEGRAND<br />LIB:ACHAT MARCHANDISES,0,493.46,2024-11-26
211000,VIR SEPA SARL MARTIN,,,0,150450.00,2024-03-31
580000,VIR INTERNE,,,0,45803.02,2024-02-28
401003,VIR SEPA SARL GIRARD SECURITE,,VIR SEPA REF:FR28512681 NPY:SARL GIRARD SECURITE<br />LIB:FACTURE FOURNISSEUR FAC2024859 LC2:ECHEANCE FEVRIER,0,553.42,2025-02-23
631000,PRELEVEMENT SEPA DGFIP,,,0,492.48,2024-09-01
411001,VIR RECU SCI HENRY SECURITE,,,6762.17,0,2025-04-30
612000,PRLV SEPA SAS LAMBERT,,PRLV SEPA NBE:SAS LAMBERT<br />LIB:CREDIT-BAIL,0,704.71,2025-04-18
445660,PRLV SEPA SAS LAMBERT,,PRLV SEPA NBE:SAS LAMBERT<br />LIB:CREDIT-BAIL,0,140.94,2025-04-18
791000,VIR RECU CPAM,,VIR SEPA NPY:CPAM<br />LIB:INDEMNITES JOURNALIERES FEVRIER,577.39,0,2024-02-27
512000,VIR INTERNE,,VIR INTERNE REF:FR38277083<br />LIB:VIREMENT DE COMPTE A COMPTE,0,36293.31,2025-10-25
437000,PRLV SEPA POLE EMPLOI,,PRLV SEPA NBE:FRANCE TRAVAIL<br />LIB:COTISATIONS CHOMAGE T3,0,6340.00,2024-09-11
512000,VIR INTERNE,,,0,40068.14,2025-08-20
411008,VIREMENT RECU SCI PETIT ELECTRIC,REF908553,,24100.00,0,2025-06-26
401002,VIR SEPA SARL FOURNIER BTP,,VIR SEPA REF:FR11124818 NPY:SARL FOURNIER BTP<br />LIB:COMMANDE FOURNITURES LCC:BON COMMANDE 618810,0,12312.09,2025-05-23
205000,VIR SEPA SARL MARTIN,,,0,21900.11,2024-02-13
775000,VIR RECU SARL COMMERCE DU SUD,,VIR SEPA NPY:SARL COMMERCE DU SUD<br />LIB:CESSION VEHICULE,2799.22,0,2024-11-27
661000,INTERETS EMPRUNT,REF112142,INTERETS<br />LIB:INTERET DEBITEUR AVRIL 2024,0,700.00,2024-04-17
408000,FACTURE NON PARVENUE SAS GIRARD,,,0,4724.44,2024-03-26
606100,CB MACIF,,,0,175.00,2025-09-29
445660,CB MACIF,,,0,35.00,2025-09-29
606100,CARTE MACIF,,,0,148.52,2025-10-09
445660,CARTE MACIF,,,0,29.71,2025-10-09
404000,VIR SEPA SARL ANDRE,,,0,6609.17,2024-11-25
401009,PRLV SEPA EURL MERCIER IMMOBILIE,,,0,4970.17,2025-05-06
401004,PRLVT SEA SAS GARCIA INDUSTRIE,,PRLV SEPA CPY:FR45045454 RUM:FR45045454 NBE:SAS GARCIA INDUSTRIE<br />LIB:REGLEMENT FACTURE,0,8528.49,2025-12-25
771000,VIR RECU SA GROUPE LEGRAND,,,5072.64,0,2024-10-30
615000,PRELEVEMENT SEPA SAS GIRARD,,PRLV SEPA NBE:SAS GIRARD<br />LIB:ENTRETIEN REPARATIONS,0,2000.00,2025-11-02
445660,PRELEVEMENT SEPA SAS GIRARD,,PRLV SEPA NBE:SAS GIRARD<br />LIB:ENTRETIEN REPARATIONS,0,400.00,2025-11-02
512000,VIR INTERNE,,VIR INTERNE REF:FR16893126<br />LIB:VIREMENT DE COMPTE A COMPTE,0,28000.00,2025-08-07
601100,PAIEMENT CB MAIF,,,0,1583.02,2025-04-27
445660,PAIEMENT CB MAIF,,,0,316.61,2025-04-27
704000,VIREMENT RECU SAS ECO ENERGIE,,,39475.19,0,2025-09-27
613200,PRELEVEMENT SEPA SARL BONNET,REF332196,,0,495.65,2025-02-02
445660,PRELEVEMENT SEPA SARL BONNET,REF332196,,0,99.13,2025-02-02
512000,FRAIS BANCAIRES,,,0,120.00,2024-01-22
401001,VIR SEPA EURL GAUTHIER LOGISTIQU,,,0,5366.96,2024-09-20
512000,REMISE CHEQUE,,REMISE CHQ N 489398,2389.32,0,2024-02-04
218000,VIR SEPA SAS FAURE,,,0,26733.81,2024-04-12
445620,VIR SEPA SAS FAURE,,,0,5346.76,2024-04-12
707000,VIR RECU SA CHIMIE FRANCE,,VIR SEPA NPY:SA CHIMIE FRANCE<br />LIB:VENTE MARCHANDISES FAC2024977,16420.49,0,2024-07-18
708000,VIR RECU SARL TRANSPRT EXPRESS,,,4360.00,0,2025-08-29
431000,PRLVT SEPA URSSAF,,,0,13432.41,2025-05-12
615000,PRELEVEMENT SEPA SARL SIMON,,PRLV SEPA NBE:SARL SIMON<br />LIB:ENTRETIEN REPARATIONS,0,819.87,2024-06-30
445660,PRELEVEMENT SEPA SARL SIMON,,PRLV SEPA NBE:SARL SIMON<br />LIB:ENTRETIEN REPARATIONS,0,163.98,2024-06-30
218000,VIR SEPA SA PICARD,,,0,12449.92,2024-04-28
445620,VIR SEPA SA PICARD,,,0,2489.98,2024-04-28
707000,VIR RECU SAS DIGITAL SERVICES,REF540652,VIR SEPA NPY:SAS DIGITAL SERVICES<br />LIB:VENTE MARCHANDISES FAC2024873,8000.00,0,2025-02-03
611000,PRLV SEPA SAS MOREAU,,,0,12250.00,2024-10-26
445660,PRLV SEPA SAS MOREAU,,,0,2450.00,2024-10-26
613200,PRELEVEMENT SEPA EURL MERCIER,,,0,2437.66,2024-07-02
445660,PRELEVEMENT SEPA EURL MERCIER,,,0,487.53,2024-07-02
401007,PRELEVEMENT SEPA SAS MASSON CONS,,,0,4477.90,2024-06-08
623000,CB SAS DUPONT,,CB SAS DUPONT<br />LIB:PUBLICITE ANNONCES,0,1179.98,2024-11-30
445660,CB SAS DUPONT,,CB SAS DUPONT<br />LIB:PUBLICITE ANNONCES,0,236.00,2024-11-30
530000,RETRAIT CAISSE,,RETRAIT DAB<br />LIB:APPROVISIONNEMENT CAISSE,0,500.00,2025-04-29
411004,VIR RECU SA NOEL IMPRIMERIE,REF590611,,11499.38,0,2024-12-27
707000,VIREMENT RECU SAS TECHNOLOGY PLU,,,4852.62,0,2025-04-29
641000,VIREMENT SEPA SALAIRE MARS,,,0,1857.55,2024-03-29
624000,CARTE SAS LAURENT,,CB SAS LAURENT<br />LIB:TRANSPORT LIVRAISON,0,60.72,2025-12-20
445660,CARTE SAS LAURENT,,CB SAS LAURENT<br />LIB:TRANSPORT LIVRAISON,0,12.15,2025-12-20
621000,PRLV SEPA EURL BERNARD,,PRLV SEPA NBE:EURL BERNARD<br />LIB:PERSONNEL INTERIMAIRE,0,2500.00,2024-05-28
445660,PRLV SEPA EURL BERNARD,,PRLV SEPA NBE:EURL BERNARD<br />LIB:PERSONNEL INTERIMAIRE,0,500.00,2024-05-28
626000,PRLV SEPA LA POSTE,,,0,57.90,2024-10-25
625200,CB SAS FAURE,REF183490,,0,209.64,2024-07-13
445660,CB SAS FAURE,REF183490,,0,41.93,2024-07-13
530000,RETRAIT CAISSE,,RETRAIT DAB<br />LIB:APPROVISIONNEMENT CAISSE,0,500.00,2024-11-25
704000,VIR RECU SAS CONSEIL RH,,VIR SEPA NPY:SAS CONSEIL RH<br />LIB:TRAVAUX FAC2025261,8254.29,0,2025-08-02
641100,VIR SALAIRE MARS,,,0,3392.57,2025-03-28
631000,PRLVT SEPA DGFIP,,,0,2808.53,2024-12-26
627000,PRLV SEPA ORANGE SA,,PRLV SEPA NBE:ORANGE SA<br />LIB:ABONNEMENT MOBILE,0,42.49,2025-09-30
411005,VIR RECU SCI ROUSSEL ELECTRICITE,,,10800.00,0,2024-12-28
401001,PRLV SEPA EURL GAUTHIER LOGISTIQ,REF983198,,0,2469.45,2025-01-27
401008,PRLV SEPA SAS BLANC SECURITE,,,0,3755.93,2024-12-05
625100,CB MAIF,,,0,235.21,2024-09-11
445660,CB MAIF,,,0,47.04,2024-09-11
618000,CB ORANGE SA,,,0,416.67,2025-01-06
445660,CB ORANGE SA,,,0,83.33,2025-01-06
445510,VIR SEPA DGFIP TVA,,VIR SEPA NPY:DGFIP<br />LIB:TVA A DECAISSER T2 2025,0,7980.71,2025-04-20
411008,VIR RECU SCI PETIT ELECTRICIT,,VIR SEPA NPY:SCI PETIT ELECTRICITE IBE:FR3379857962349216244198983 BIC:AGRIFRPP PDO:FR RCN:FAC2025435<br />LIB:REGLEMENT FACTURE FAC2025435,6124.07,0,2025-06-27
651000,VIREMENT SEPA SAS MOREAU,,,0,3611.50,2024-11-07
445660,VIREMENT SEPA SAS MOREAU,,,0,722.30,2024-11-07
645000,PRELEVEMENT SEPA URSSAF,,PRLV SEPA NBE:URSSAF<br />LIB:COTISATIONS PATRONALES T2 2024,0,16861.85,2024-06-12
757000,VIR RECU EURL DESIGN STUDIO,,,21750.00,0,2025-12-15
606100,PRELEVEMENT SEPA SFR,,,0,637.92,2025-10-26
445660,PRELEVEMENT SEPA SFR,,,0,127.59,2025-10-26
401001,VIREMENT SEPA EURL GAUTHIER LOGI,,,0,3978.46,2025-07-28
626000,PRELEVEMENT SEPA LA POSTE,,PRLV SEPA NBE:LA POSTE<br />LIB:AFFRANCHISSEMENT,0,98.46,2024-08-31
602000,CARTE SAS LAURENT,,,0,2037.66,2025-10-27
445660,CARTE SAS LAURENT,,,0,407.53,2025-10-27
411002,VIREMENT RECU SA GARNIER TRANSPO,,,15682.03,0,2025-07-31
411001,VIR RECU SCI HENRY SECURITE,,,19433.98,0,2025-12-27
401003,PRLV SEPA SARL GIRARD SECURITE,,PRLV SEPA CPY:FR23612121 RUM:FR23612121 NBE:SARL GIRARD SECURITE<br />LIB:REGLEMENT FACTURE,0,9700.00,2025-02-22
205000,VIREMENT SEPA SARL ANDRE,,,0,2481.56,2025-02-25
601100,CB SAS FAURE,,CB SAS FAURE FACT:FAC2024600<br />LIB:ACHAT FOURNITURES,0,1504.04,2024-09-07
445660,CB SAS FAURE,,CB SAS FAURE FACT:FAC2024600<br />LIB:ACHAT FOURNITURES,0,300.81,2024-09-07
625100,CARTE SARL GAUTIER,,,0,977.47,2025-07-05
445660,CARTE SARL GAUTIER,,,0,195.50,2025-07-05
411001,VIREMENT RECU SCI HENRY SECURITE,,,9500.00,0,2024-11-28
708000,VIR RECU SARL MODE TEXTILE,,,2523.64,0,2024-03-31
623000,PAIEMENT CB SAS MOREAU,,CB SAS MOREAU<br />LIB:PUBLICITE ANNONCES,0,3024.16,2024-07-27
445660,PAIEMENT CB SAS MOREAU,,CB SAS MOREAU<br />LIB:PUBLICITE ANNONCES,0,604.83,2024-07-27
641100,VIR SALAIRE OCTOBRE,,VIR SEPA<br />LIB:SALAIRE OCTOBRE 2025,0,2482.94,2025-10-26
713000,VIR RECU SA BTP CONSTRUCTIONS,,VIR SEPA NPY:SA BTP CONSTRUCTIONS<br />LIB:VARIATION STOCKS,2156.92,0,2024-07-12
164000,PRLV SEPA ECHEANCE EMPRUNT,,PRLV SEPA<br />LIB:ECHEANCE EMPRUNT FR88143521,0,6800.00,2024-07-17
661100,PRLV SEPA ECHEANCE EMPRUNT,,PRLV SEPA<br />LIB:ECHEANCE EMPRUNT FR88143521,0,1530.00,2024-07-17
616000,PRLV SEPA ECHEANCE EMPRUNT,,PRLV SEPA<br />LIB:ECHEANCE EMPRUNT FR88143521,0,170.00,2024-07-17
205000,VIREMENT SEPA SARL MARTIN,,,0,19330.92,2024-07-08
612000,PRLV SEPA SAS LAMBERT,,,0,1666.67,2025-12-22
445660,PRLV SEPA SAS LAMBERT,,,0,333.33,2025-12-22
641000,VIREMENT SEPA SALAIRE AVRIL,,,0,2287.84,2024-04-29
606100,PRLV SEPA SCI ROUX,,,0,443.41,2025-09-22
445660,PRLV SEPA SCI ROUX,,,0,88.68,2025-09-22
621000,PRLV SEPA EURL BERNARD,,,0,6212.87,2024-10-03
445660,PRLV SEPA EURL BERNARD,,,0,1242.58,2024-10-03
707000,VIR RECU SA GROUPE ALIMENTAIRE,,VIR SEPA NPY:SA GROUPE ALIMENTAIRE<br />LIB:VENTE MARCHANDISES FAC2025446,14632.53,0,2024-08-01
606100,PRLV SEPA SA FOURNIER,,,0,95.87,2025-10-23
445660,PRLV SEPA SA FOURNIER,,,0,19.17,2025-10-23
275000,VIR SEPA SA GROUPE LEGRAND,,,0,2856.25,2025-12-18
411002,VIREMENT RECU SA GARNIER TRANSPO,,VIR SEPA NPY:SA GARNIER TRANSPORTS IBE:BE48861929000308 BIC:GEBABEBB PDO:BE RCN:FAC2025564<br />LIB:REGLEMENT FACTURE FAC2025564,15500.00,0,2025-12-31
626000,PRLVT SEPA SAS FAURE,,,0,115.91,2024-05-25
205000,VIR SARL MARTIN,,,0,29209.99,2024-06-30
791000,VIREMENT RECU ALLIANZ,,,10520.00,0,2024-12-29
467000,VIR SEPA SAS FAURE,REF222841,,0,3091.15,2024-04-01
401001,VIR SEPA EURL GAUTHIER LOGISTIQU,,VIR SEPA REF:FR82297444 NPY:EURL GAUTHIER LOGISTIQUE<br />LIB:COMMANDE FOURNITURES LCC:BON COMMANDE 333139,0,2980.00,2024-01-04
704000,VIR RECU SAS ECO ENERGIE,,,36320.00,0,2024-01-07
645000,PRLV SEPA URSSAF,,,0,10899.24,2025-04-08
401001,PRELEVEMENT SEPA EURL GAUTHIER L,,,0,293.89,2025-06-26
627000,PRELEVEMENT SEPA SFR,,PRLV SEPA NBE:SFR<br />LIB:FORFAIT MOBILE,0,50.00,2024-04-30
758000,VIREMENT RECU EURL DESIGN STUDIO,,,1000.00,0,2024-11-27
625100,CARTE EURLBERNARD,,CB EURL BERNARD<br />LIB:DEPLACEMENT MISSION,0,493.61,2025-10-28
445660,CARTE EURLBERNARD,,CB EURL BERNARD<br />LIB:DEPLACEMENT MISSION,0,98.72,2025-10-28
437000,PRLV SEPA POLE EMPLOI,,,0,3649.10,2024-08-14
631000,PRLVT SEPA DGFIP,,,0,500.00,2025-09-07
580000,VIR INTERNE,,,0,33121.03,2024-01-23
641000,VIREMENT SEPA SALAIRE JANVIER,,,0,3570.61,2024-01-27
707000,VIR RECU SAS DIGITAL SERVICES,REF833253,,13612.82,0,2024-08-27
431000,PRLV SEPA URSSAF,,,0,12878.49,2024-04-12
708000,VIR RCU SARL TRANSPORT EXPRESS,,,51.24,0,2025-10-27
621000,PRLV SEPA SAS DUPONT,,,0,7057.70,2025-11-28
445660,PRLV SEPA SAS DUPONT,,,0,1411.54,2025-11-28
401004,PRLVT SEPA SAS GARCIA INDUSTRIE,,PRLV SEPA NBE:SAS GARCIA INDUSTRIE<br />LIB:REGLEMENT ACHAT,0,2500.00,2025-10-14
404000,VIR SA FOURNIER,,VIR SEPA NPY:SA FOURNIER<br />LIB:ACHAT IMMOBILISATION,0,19000.00,2025-12-12
626000,PRLVT SEPA LA POSTE,,PRLV SEPA NBE:LA POSTE<br />LIB:AFFRANCHISSEMENT,0,132.73,2025-11-24
471000,OPERATION ATTENTE,,LIB:OPERATION EN ATTENTE REF:FR81041184,0,4463.78,2024-03-08
205000,VIR SEPA SARL ANDRE,,VIR SEPA NPY:SARL ANDRE<br />LIB:LOGICIEL FAC2024336,0,26513.25,2024-09-30
641000,VIR SEPA SALAIRE JUILLET,,VIR SEPA<br />LIB:SALAIRE JUILLET 2024,0,4788.20,2024-07-28
601100,CB CABINET EXPERTISE COMPTABLE,,,0,666.67,2025-09-29
445660,CB CABINET EXPERTISE COMPTABLE,,,0,133.33,2025-09-29
164000,PRLVT SEPA ECHEANCE EMPRUNT,,,0,5662.13,2025-05-10
661100,PRLVT SEPA ECHEANCE EMPRUNT,,,0,1273.98,2025-05-10
616000,PRLVT SEPA ECHEANCE EMPRUNT,,,0,141.55,2025-05-10
613200,PRELEVEMENT SEPA EURL BERNARD,,,0,833.33,2024-10-02
445660,PRELEVEMENT SEPA EURL BERNARD,,,0,166.67,2024-10-02
601100,PRLVT SEPA SAS MOREAU,,,0,2293.42,2025-11-28
445660,PRLVT SEPA SAS MOREAU,,,0,458.69,2025-11-28
512100,IR INTERNE,,,0,8748.98,2025-03-31
627000,PRELEVEMENT SEPA BOUYGUES TELECO,,,0,46.66,2025-06-25
633000,PRELEVEMENT SEPA DGFIP,,,0,7013.84,2025-02-27
645000,PRLT SEPA URSSAF,,,0,7966.60,2025-02-15
164000,PRLV SEPA ECHEANCE EMPRUNT,REF794686,,0,720.00,2025-04-29
661100,PRLV SEPA ECHEANCE EMPRUNT,REF794686,,0,162.00,2025-04-29
616000,PRLV SEPA ECHEANCE EMPRUNT,REF794686,,0,18.00,2025-04-29
641000,VIR SEPA SALAIRE OCTOBRE,,VIR SEPA<br />LIB:SALAIRE OCTOBRE 2024,0,1331.21,2024-10-27
701000,VIREMENT RECU SAS LOGISTIQUE PRO,,,25800.00,0,2025-06-26
512000,VR INTERNE,,,0,40314.47,2025-10-05
706000,VIREMENT RECU SA INDUSTRIE NORD,REF890278,VIR SEPA NPY:SA INDUSTRIE NORD<br />LIB:HONORAIRES FEVRIER,3076.40,0,2025-02-27
211000,VIREMENT SEPA SA PICARD,,,0,110688.93,2025-01-12
403000,VIR SAS LAMBERT,,,0,22732.52,2025-04-27
213100,VIR SARL GAUTIER,,,0,140697.26,2024-02-11
641000,VIR SEPA SALAIRE OCTOBRE,,,0,2959.31,2024-10-25
580000,VIR INTERNE,,VIR INTERNE<br />LIB:VIREMENT INTERNE,0,12597.16,2024-08-20
616000,PRELEVEMENT SEPA AXA ASSURANCES,,,0,1582.45,2025-05-22
661000,AGIOS BANCAIRES,,,0,356.82,2025-03-31
401002,PRLV SEPA SARL FOURNIER BTP,,,0,14793.63,2024-09-20
401007,VIR SEPA SAS MASSON CONSEIL,,,0,6199.35,2024-05-30
411001,VIREMENT RECU SCI HENRY SECURITE,,,13500.00,0,2025-06-18
641100,VIREMENT SEPA SALAIRE DECEMBRE,,VIR SEPA<br />LIB:CONGES PAYES DECEMBRE 2025,0,3443.15,2025-12-28
601100,CB AIF,,,0,840.38,2025-08-16
445660,CB AIF,,,0,168.08,2025-08-16
205000,VIR SEPA SARL MARTIN,,,0,2798.95,2024-07-19
411003,VIR RECU SARL GIRARD BTP,,,16154.95,0,2024-09-18
604000,CB GOOGLE CLOUD,,,0,1470.22,2024-12-06
445660,CB GOOGLE CLOUD,,,0,294.04,2024-12-06
411002,VIR RECU SA GARNIER TRANSPORTS,,,4324.09,0,2024-10-29
622000,VIR SEPA EUL MERCIER,,VIR SEPA NPY:EURL MERCIER<br />LIB:HONORAIRES COMPTABLES,0,2519.19,2025-03-09
445660,VIR SEPA EUL MERCIER,,VIR SEPA NPY:EURL MERCIER<br />LIB:HONORAIRES COMPTABLES,0,503.84,2025-03-09
621000,PRLV SEPA SARL BONNET,,,0,7683.90,2024-05-29
445660,PRLV SEPA SARL BONNET,,,0,1536.78,2024-05-29
401002,PRLV SEPA SARL FOURNIER BTP,,,0,14036.68,2025-06-27
613200,PRLV SEPA EURL MERCIER,,,0,1250.00,2025-05-01
445660,PRLV SEPA EURL MERCIER,,,0,250.00,2025-05-01
707000,VIR RECU SAS TECHNOLOGY PLUS,,,21099.52,0,2025-02-21
261000,VIR SEPA SARL BONNET,,VIR SEPA NPY:SARL BONNET<br />LIB:TITRES DE PARTICIPATION,0,52279.89,2025-04-03
613200,PRLV SEPA SARL BONNET,,,0,3386.38,2025-03-02
445660,PRLV SEPA SARL BONNET,,,0,677.28,2025-03-02
411008,VIR RECU SCI PETIT ELECTRICITE,,,45603.15,0,2024-08-30
641100,VIREMENT SEPA SALAIRE MARS,,,0,3888.71,2025-03-25
530000,RETRAIT CAISSE,,,0,969.67,2025-03-25
701000,VIREMENT RECU EURL DESIGN STUDIO,,,5000.00,0,2024-12-09
645000,PRLVT SEPA URSSAF,,,0,13931.40,2025-09-10
661000,FRAIS BANCAIRES,,FRAIS BANCAIRES<br />LIB:COMMISSION BANCAIRE MARS,0,47.00,2025-03-28
625100,CB MAIF,,,0,89.09,2025-06-30
445660,CB MAIF,,,0,17.82,2025-06-30
275000,VIR SEPA SA FOURNIER,,,0,617.14,2025-12-25
401005,VIR SCI GUERIN IMPRIMERIE,,,0,4575.06,2025-12-09
661000,AGIOS BANCAIRES,,AGIOS BANCAIRES<br />LIB:AGIOS TRIMESTRIELS T3 2024,0,500.00,2024-08-05
626000,PRLV SEPA SAS GIRARD,,,0,300.00,2025-09-30
512000,REMISECHEQUE,,REMISE CHQ N 583155,15061.70,0,2024-11-30
512000,REMISE CHEQUE,,,15760.78,0,2024-06-04
401001,VIR SEPA EURL GAUTHIER LOGISTIQU,,VIR SEPA REF:FR25599101 NPY:EURL GAUTHIER LOGISTIQUE<br />LIB:COMMANDE FOURNITURES LCC:BON COMMANDE 179228,0,22577.06,2025-06-27
419000,VIR RECU SA GROUPE LEGRAND,,,5781.29,0,2025-10-07
401006,PRLV SEPA SAS ROBIN SECURITE,REF124311,,0,1289.72,2024-10-29
606100,PRELEVEMENT SEPA SAS MOREAU,,,0,434.64,2024-08-03
445660,PRELEVEMENT SEPA SAS MOREAU,,,0,86.93,2024-08-03
602000,CARTE SA LEFEVRE,,,0,11868.45,2025-03-25
445660,CARTE SA LEFEVRE,,,0,2373.69,2025-03-25
601100,CB MAIF,,CB MAIF<br />LIB:ACHAT MARCHANDISES,0,3275.13,2024-10-25
445660,CB MAIF,,CB MAIF<br />LIB:ACHAT MARCHANDISES,0,655.03,2024-10-25
627000,PRLV SEPA SFR,,,0,42.58,2024-09-28
641000,VIR SALAIRE JUILLET,,,0,3221.30,2024-07-31
408000,FACTURE NON PARVENUE SAS MOREAU,,,0,2040.62,2025-02-28
706000,VIR RECU EURL DESIGN STUDIO,,,1864.36,0,2025-01-27
641000,VIR SEPA SALAIRE SEPTEMBRE,,,0,1300.00,2024-09-29
741000,VIR RECU SUBVENTION,,VIR SEPA NPY:SA CHIMIE FRANCE<br />LIB:SUBVENTION EXPLOITATION 2025,33000.00,0,2025-06-29
411001,VIREMENT RECU SCI HENRY SECURITE,,,4666.45,0,2025-08-26
421000,VIREMENT SEPA SALAIRE OCTOBRE,,,0,4100.00,2025-10-30
401003,PRELEVEMENT SEPA SARL GIRARD SEC,,,0,2359.52,2024-03-15
205000,VIR SARL ANDRE,,,0,9000.00,2024-09-27
606100,CB SARL CONSLTANT RH,,,0,416.67,2024-01-28
445660,CB SARL CONSLTANT RH,,,0,83.33,2024-01-28
668000,FRAIS FINANCIERS,,LIB:CHARGES FINANCIERES DIVERSES,0,453.60,2025-02-28
713000,VIR RECU SARL MODE TEXTILE,,,269.59,0,2025-01-31
164000,PRLVT SEPA ECHEANCE EMPRUNT,REF624846,PRLV SEPA<br />LIB:ECHEANCE EMPRUNT FR81793735,0,5136.48,2025-10-29
661100,PRLVT SEPA ECHEANCE EMPRUNT,REF624846,PRLV SEPA<br />LIB:ECHEANCE EMPRUNT FR81793735,0,1155.71,2025-10-29
616000,PRLVT SEPA ECHEANCE EMPRUNT,REF624846,PRLV SEPA<br />LIB:ECHEANCE EMPRUNT FR81793735,0,128.41,2025-10-29
641000,VIR SALAIRE AVRIL,,,0,1800.00,2025-04-27
707000,VIR RECU SAS TECHNOLOGY PLUS,,,8631.94,0,2024-10-05
401001,VIREMENT SEPA EURL GAUTHIER LOGI,,,0,15318.41,2024-11-23
416000,VIR RECU SARL COMMERCE DU SUD,,,9953.35,0,2024-09-25
511500,ENCAISSEMENT CB,,,695.30,0,2025-05-25
627000,ENCAISSEMENT CB,,,0,6.95,2025-05-25
706000,VIREMENT RECU SA GROUPE LEGRAND,,,4408.57,0,2024-12-26
445510,VIR SEPA DGFIP TVA,,,0,11216.83,2024-10-17
512000,VIR RECU SAS MOREAU,REF830824,VIR SEPA NPY:SAS MOREAU<br />LIB:VIREMENT RECU,12249.03,0,2024-06-14
411005,VIR RECU SCI ROUSSEL ELECTRICITE,,,14371.31,0,2024-07-30
618000,PAIEMENT CB SARL MARTIN,,,0,332.32,2025-10-07
445660,PAIEMENT CB SARL MARTIN,,,0,66.46,2025-10-07
411002,VIR RECU SA GARNIER TRANSPORTS,,VIR SEPA NPY:SA GARNIER TRANSPORTS IBE:BE48861929000308 BIC:GEBABEBB PDO:BE<br />LIB:REGLEMENT CLIENT FAC2025746,1500.00,0,2025-03-25
628000,CB MACIF,,CB MACIF<br />LIB:SERVICES BANCAIRES DIVERS,0,124.03,2024-08-16
401004,VIR SAS GARCIA INDUSTRIE,,VIR SEPA REF:FR13968282 NPY:SAS GARCIA INDUSTRIE<br />LIB:ACOMPTE FOURNISSEUR,0,8477.36,2024-03-19
631000,PRLVT SEPA DGFIP,,,0,889.23,2024-06-25
621000,PRLV SEPA SAS DUPONT,,PRLV SEPA NBE:SAS DUPONT<br />LIB:PERSONNEL INTERIMAIRE,0,1280.87,2025-07-02
445660,PRLV SEPA SAS DUPONT,,PRLV SEPA NBE:SAS DUPONT<br />LIB:PERSONNEL INTERIMAIRE,0,256.18,2025-07-02
641100,VIREMENT SEPA SALAIRE DECEMBRE,,,0,2418.75,2025-12-26
411001,VIR RECU SCI HENRY SECURITE,,VIR SEPA NPY:SCI HENRY SECURITE IBE:DE79571492966369656769 BIC:DEUTDEFF PDO:DE<br />LIB:REGLEMENT CLIENT FAC2025479,6273.52,0,2024-04-04
707000,VIR RECU SA CHIMIE FRANCE,,,20901.29,0,2024-01-22
706000,VIREMENT RECU SAS AGENCE MEDIA,,,14480.44,0,2025-06-13
641000,VIR SALAIRE MARS,,,0,3943.43,2024-03-28
411001,VIR RECU SCI HENRY SECURITE,,VIR SEPA NPY:SCI HENRY SECURITE IBE:DE79571492966369656769 BIC:DEUTDEFF PDO:DE<br />LIB:REGLEMENT CLIENT FAC2025216,21180.28,0,2025-10-26
623000,CB SAS DUPONT,,,0,363.56,2024-08-10
445660,CB SAS DUPONT,,,0,72.71,2024-08-10
626100,PRLV SEPA SAS DUVAL,,,0,100.66,2024-10-28
445660,PRLV SEPA SAS DUVAL,,,0,20.13,2024-10-28
445510,VIR SEPA DGFIP TVA,,,0,19468.68,2024-10-20
708000,VIREMENT RECU SA GROUPE ALIMENTA,REF521716,,1989.45,0,2024-11-30
668000,FRAIS FINANCIERS,,LIB:CHARGES FINANCIERES DIVERSES,0,340.25,2024-03-29
512000,VIR RECU SAS MOREAU,,,19257.55,0,2024-04-01
601100,PRLV SEPA ORANGE SA,,,0,6250.00,2025-08-26
445660,PRLV SEPA ORANGE SA,,,0,1250.00,2025-08-26
401005,VIR SCI GUERIN IMPRIMERIE,,VIR SEPA REF:FR18816715 NPY:SCI GUERIN IMPRIMERIE<br />LIB:COMMANDE FOURNITURES LCC:BON COMMANDE 216828,0,5672.46,2024-07-29
601100,CARTE SAS LAMBERT,,CB SAS LAMBERT<br />LIB:ACHAT MARCHANDISES,0,1290.02,2025-12-09
445660,CARTE SAS LAMBERT,,CB SAS LAMBERT<br />LIB:ACHAT MARCHANDISES,0,258.00,2025-12-09
707000,VIREMENT RECU SA CHIMIE FRANCE,REF339229,VIR SEPA NPY:SA CHIMIE FRANCE<br />LIB:VENTE MARCHANDISES FAC2025493,22081.46,0,2024-10-28
606300,CB SAS GIRARD,,,0,307.67,2025-11-15
445660,CB SAS GIRARD,,,0,61.54,2025-11-15
606100,PRLV SEPA MACIF,,,0,214.52,2024-05-30
445660,PRLV SEPA MACIF,,,0,42.90,2024-05-30
781000,REPRISE AMORTISSEMENT,,,6503.61,0,2024-12-29
781000,REPRISE AMORTISSEMENT,,,7182.46,0,2025-12-30
601100,CB EDF,,,0,3451.87,2025-11-30
445660,CB EDF,,,0,690.38,2025-11-30
437000,PRLV SEPA POLE EMPLOI,,,0,2337.23,2024-12-09
606100,PRLV SEPA MACIF,,,0,347.73,2024-03-31
445660,PRLV SEPA MACIF,,,0,69.55,2024-03-31
401003,VIREMENT SEPA SARL GIRARD SECURI,REF303571,,0,4500.00,2024-03-15
403000,VIR SEPA SARL MARTIN,,,0,28000.00,2024-10-27
601100,CB MAIF,,,0,1500.00,2024-03-30
445660,CB MAIF,,,0,300.00,2024-03-30
623000,CB SAS DUPONT,,,0,3054.82,2025-05-10
445660,CB SAS DUPONT,,,0,610.97,2025-05-10
164000,PRELEVEMENT SEPA ECHEANCE EMPRUN,,,0,2538.63,2024-07-28
661100,PRELEVEMENT SEPA ECHEANCE EMPRUN,,,0,571.19,2024-07-28
616000,PRELEVEMENT SEPA ECHEANCE EMPRUN,,,0,63.47,2024-07-28
411001,VIR RECU SCI HENRY SECURITE,,,2251.39,0,2025-06-30
641000,VIR SALAIRE AOUT,,,0,2211.80,2024-08-28
401001,VIREMENT SEPA EURL GAUTHIER LOGI,,VIR SEPA REF:FR82853764 NPY:EURL GAUTHIER LOGISTIQUE<br />LIB:COMMANDE FOURNITURES LCC:BON COMMANDE 829000,0,9504.43,2025-02-25
514000,REMISE CHEQUE,,,13610.88,0,2025-01-25
623000,PAIEMENT CB SAS MOREAU,,,0,1539.05,2025-03-16
445660,PAIEMENT CB SAS MOREAU,,,0,307.81,2025-03-16
612000,PRLV SEPA SA PICARD,REF764856,,0,4068.61,2024-07-29
445660,PRLV SEPA SA PICARD,REF764856,,0,813.72,2024-07-29
401001,VIREMENT SEPA EURL GAUTHIER LOGI,,VIR SEPA REF:FR82179208 NPY:EURL GAUTHIER LOGISTIQUE<br />LIB:ACOMPTE FOURNISSEUR,0,8153.15,2025-02-27
641000,VIREMENT SEPA SALAIRE DECEMBRE,,,0,2390.00,2025-12-28
621000,PRLV SEPA SARL BONNET,,,0,4629.72,2024-05-12
445660,PRLV SEPA SARL BONNET,,,0,925.94,2024-05-12
625200,PAIEMENT CB BOUYGUES TELEOM,,CB BOUYGUES TELECOM<br />LIB:FRAIS HEBERGEMENT,0,412.79,2024-05-12
445660,PAIEMENT CB BOUYGUES TELEOM,,CB BOUYGUES TELECOM<br />LIB:FRAIS HEBERGEMENT,0,82.56,2024-05-12
628000,CB AXA ASSURANCES,,CB AXA ASSURANCES<br />LIB:SERVICES BANCAIRES DIVERS,0,44.54,2024-02-26
401005,VIR SEPA SCI GUERIN IMPRIMERIE,,VIR SEPA REF:FR69409666 NPY:SCI GUERIN IMPRIMERIE<br />LIB:FACTURE FOURNISSEUR FAC2024530 LC2:ECHEANCE JUILLET,0,2633.96,2024-07-19
625100,PAIEMENT CB EURL BERNARD,,,0,209.95,2025-01-25
445660,PAIEMENT CB EURL BERNARD,,,0,41.99,2025-01-25
261000,VIR SEPA SAS LAMBERT,,,0,17075.18,2025-01-25
613200,PRLVT SEPA SARL BONNET,REF761675,PRLV SEPA NBE:SARL BONNET<br />LIB:LOYER FEVRIER 2025,0,2513.17,2025-02-04
445660,PRLVT SEPA SARL BONNET,REF761675,PRLV SEPA NBE:SARL BONNET<br />LIB:LOYER FEVRIER 2025,0,502.63,2025-02-04
512000,FRAIS BANCAIRES,,FRAIS BANCAIRES<br />LIB:FRAIS DE GESTION JUILLET,0,141.24,2025-07-29
606100,CB MICROSOFT,,,0,237.58,2025-04-29
445660,CB MICROSOFT,,,0,47.52,2025-04-29
606300,CB SAS MOREAU,,,0,97.38,2025-09-29
445660,CB SAS MOREAU,,,0,19.48,2025-09-29
614000,PRLV SEPA EURL BERNARD,,,0,416.67,2024-08-08
445660,PRLV SEPA EURL BERNARD,,,0,83.33,2024-08-08
708000,VIR RECU SARL COMMERCE DU SUD,,,3444.90,0,2024-06-26
416000,VIR RECU SARL COMMERCE DU SUD,,,1798.94,0,2024-09-20
707000,VIR RECU SAS TECHNOLOGY PLUS,REF601430,,300.00,0,2025-12-07
401008,PRLV SEPA SAS BLANC SECURITE,,,0,614.66,2025-02-23
401006,PRLV SEPA SAS ROBIN SECURITE,,,0,2641.67,2024-10-31
625200,CB BOUYGUES TELECOM,,,0,76.57,2024-05-14
445660,CB BOUYGUES TELECOM,,,0,15.31,2024-05-14
633000,PRLV SEPA DGFIP,,PRLV SEPA NBE:DGFIP<br />LIB:CONTRIBUTION ECONOMIQUE TERRITORIALE,0,4404.95,2024-02-13
625100,CARTE SAS DUPONT,,,0,803.82,2025-04-11
445660,CARTE SAS DUPONT,,,0,160.76,2025-04-11
437000,PRELEVEMENT SEPA POLE EMPLOI,REF161705,,0,1615.57,2025-01-05
628000,CB MACIF,,,0,200.00,2024-05-27
707000,VIR RECU SAS TECHNOLOGY PLUS,,,4069.64,0,2024-03-24
601100,PRLV SEPA SARL ANDRE,,,0,1436.48,2025-03-03
445660,PRLV SEPA SARL ANDRE,,,0,287.30,2025-03-03
708000,VIR RECU SA GROUPE LEGRAND,,,3200.00,0,2024-04-25
601100,CB MAIF,,,0,1666.67,2024-04-07
445660,CB MAIF,,,0,333.33,2024-04-07
467000,VIR SEPA SAS FAURE,,VIR SEPA NPY:SAS FAURE<br />LIB:COMPTE TRANSITOIRE,0,6628.39,2025-10-30
627000,PRLV SEPA OVH SAS,,,0,142.16,2025-11-19
408000,FACTURE NON PARVENUE SAS MOREAU,,,0,2341.33,2024-06-03
401001,PRLV SEPA EURL GAUTHIER LOGISTIQ,,,0,6650.43,2025-03-28
471000,OPERATION ATTENTE,,,0,3900.00,2024-09-30
622000,VIR SEPA SA FOURNIER,,VIR SEPA NPY:SA FOURNIER<br />LIB:HONORAIRES COMPTABLES,0,1825.10,2024-09-16
445660,VIR SEPA SA FOURNIER,,VIR SEPA NPY:SA FOURNIER<br />LIB:HONORAIRES COMPTABLES,0,365.02,2024-09-16
512000,VIR RECU SAS FAURE,,,9786.36,0,2024-03-09
713000,VIREMENT RECU SA BTP CONSTRUCTIO,,VIR SEPA NPY:SA BTP CONSTRUCTIONS<br />LIB:VARIATION STOCKS,5176.48,0,2025-11-28
512000,REMISE CHEQUE,,,5983.16,0,2025-10-27
512000,REMISE CHEUE,,,15878.36,0,2025-08-30
512000,REMISE CHEQUE,,,8504.35,0,2025-08-25
631000,PRLVT SEPA DGFIP,,,0,1159.94,2025-04-13
401002,PRLV SEPA SARL FOURNIER BTP,,PRLV SEPA NBE:SARL FOURNIER BTP<br />LIB:REGLEMENT ACHAT,0,5000.00,2024-09-30
421000,VIREMENT SEPA SALAIRE JANVIER,,VIR SEPA<br />LIB:SALAIRE JANVIER 2025,0,4457.36,2025-01-26
580000,VIR INTERNE,REF413171,,0,25756.63,2025-07-17
606100,CARTE MACIF,,,0,307.86,2025-06-26
445660,CARTE MACIF,,,0,61.57,2025-06-26
616000,PRLV SEPA AXA ASSURANCES,,,0,222.02,2024-09-04
624000,CB CABINET EXPERTISE COMPTABLE,,,0,87.40,2025-05-13
445660,CB CABINET EXPERTISE COMPTABLE,,,0,17.48,2025-05-13
627000,PRLV SEPA ORANGE SA,REF326738,,0,50.21,2025-04-23
641000,VIR SALAIRE MAI,,,0,2649.22,2025-05-29
626000,PRLV SEPA SARL GAUTIER,,,0,300.00,2024-01-26
645100,PRLV SEPA MUTUELLE,,PRLV SEPA NBE:MUTUELLE<br />LIB:PREVOYANCE SANTE SEPTEMBRE,0,1021.55,2025-09-08
661000,AGIOS BANCAIRES,,AGIOS BANCAIRES<br />LIB:AGIOS TRIMESTRIELS T4 2025,0,90.00,2025-12-01
625100,CB SARL GAUTIER,,,0,154.89,2024-02-08
445660,CB SARL GAUTIER,,,0,30.98,2024-02-08
275000,VIR SEPA SA LEFEVRE,,VIR SEPA NPY:SA LEFEVRE<br />LIB:DEPOT GARANTIE,0,500.00,2025-10-09
625100,CB SARL GAUTIER,,CB SARL GAUTIER<br />LIB:DEPLACEMENT MISSION,0,75.61,2025-08-22
445660,CB SARL GAUTIER,,CB SARL GAUTIER<br />LIB:DEPLACEMENT MISSION,0,15.12,2025-08-22
530000,RETRAIT CAISSE,,,0,559.09,2024-04-11
613200,PRELEVEMENT SEPA EURL MERCIER,,,0,3902.91,2024-12-04
445660,PRELEVEMENT SEPA EURL MERCIER,,,0,780.58,2024-12-04
401007,VIREMENT SEPA SAS MASSON CONSEIL,,VIR SEPA REF:FR87979718 NPY:SAS MASSON CONSEIL<br />LIB:ACOMPTE FOURNISSEUR,0,10979.99,2025-02-25
512000,REMISE CHEQUE,,,10173.67,0,2025-12-07
601100,PRLV SEPA EDF,REF908206,,0,4681.97,2024-06-29
445660,PRLV SEPA EDF,REF908206,,0,936.40,2024-06-29
601100,PRELEVEMENT SEPA SA GROUPE LEGRA,REF502995,PRLV SEPA NBE:SA GROUPE LEGRAND<br />LIB:COMMANDE FAC2025247,0,837.61,2024-10-18
445660,PRELEVEMENT SEPA SA GROUPE LEGRA,REF502995,PRLV SEPA NBE:SA GROUPE LEGRAND<br />LIB:COMMANDE FAC2025247,0,167.52,2024-10-18
601100,CARTE EDF,,,0,4025.00,2025-08-08
445660,CARTE EDF,,,0,805.00,2025-08-08
416000,VIREMENT RECU SAS ECO ENEGIE,,,737.59,0,2024-12-09
512100,VIR INTERNE,,,0,40509.12,2024-04-26
623000,CB SAS MOREAU,,CB SAS MOREAU<br />LIB:PUBLICITE ANNONCES,0,2334.96,2024-02-23
445660,CB SAS MOREAU,,CB SAS MOREAU<br />LIB:PUBLICITE ANNONCES,0,466.99,2024-02-23
791000,VIR ECU CPAM,,VIR SEPA NPY:CPAM<br />LIB:INDEMNITES JOURNALIERES JUIN,1568.48,0,2024-06-30
401001,VIR SEPA EURL GAUTHIER LOGISTIQU,,,0,1337.92,2024-02-24
604000,CARTE ALLIANZ,,,0,3408.23,2025-03-20
445660,CARTE ALLIANZ,,,0,681.65,2025-03-20
625100,PAIEMENT CB MAIF,,,0,193.12,2024-02-07
445660,PAIEMENT CB MAIF,,,0,38.62,2024-02-07
641000,VIR SEPA SALAIRE AVRIL,,,0,3573.45,2024-04-29
601100,PAIEMENT CB SA GROUPE LEGRAND,,,0,616.95,2025-04-30
445660,PAIEMENT CB SA GROUPE LEGRAND,,,0,123.39,2025-04-30
613200,PRLV SEPA SARL BONNET,,,0,3333.33,2025-04-01
445660,PRLV SEPA SARL BONNET,,,0,666.67,2025-04-01
601100,CB EDF,,,0,387.81,2025-12-26
445660,CB EDF,,,0,77.56,2025-12-26
681000,DOTATION AMORTISSEMENT,,LIB:DOTATION AMORTISSEMENT T4 2024,0,10779.23,2024-12-20
512000,REMISE CHEQUE,,REMISE CHQ N 692867,13879.53,0,2024-10-05
612000,PRLV SEPA SA PICARD,,,0,972.77,2025-02-22
445660,PRLV SEPA SA PICARD,,,0,194.56,2025-02-22
606300,PAIEMENT CB SAS DUVAL,,CB SAS DUVAL<br />LIB:ACHAT MATERIEL,0,166.67,2025-05-14
445660,PAIEMENT CB SAS DUVAL,,CB SAS DUVAL<br />LIB:ACHAT MATERIEL,0,33.33,2025-05-14
437000,PRLVT SEPA POLE EMPLOI,,,0,513.63,2024-05-12
661000,INTERETS EMPRUNT,,,0,2000.00,2025-08-31
601100,CB SARL GAUTIER,,CB SARL GAUTIER FACT:FAC2024333<br />LIB:ACHAT FOURNITURES,0,1250.00,2025-03-15
445660,CB SARL GAUTIER,,CB SARL GAUTIER FACT:FAC2024333<br />LIB:ACHAT FOURNITURES,0,250.00,2025-03-15
431000,PRLV SEPA URSSAF,,PRLV SEPA NBE:URSSAF<br />LIB:COTISATIONS JANVIER,0,13910.00,2025-01-05
781000,REPRISE AMORTISSEMENT,REF441966,LIB:REPRISE AMORTISSEMENT T4 2024,4800.00,0,2024-12-27
618000,CB SAS MOREAU,,,0,240.21,2024-08-26
445660,CB SAS MOREAU,,,0,48.04,2024-08-26
626100,PRLV SEPA SA FOURNIER,,,0,115.72,2024-06-01
445660,PRLV SEPA SA FOURNIER,,,0,23.15,2024-06-01
205000,VIR SA LEFEVRE,,,0,9600.00,2024-12-16
706000,VIR RECU SA INDUSTRIE NORD,REF321672,VIR SEPA NPY:SA INDUSTRIE NORD<br />LIB:PRESTATIONS SERVICES FAC2025140,19757.73,0,2024-02-19
602000,CB SAS MOREAU,,,0,12326.27,2025-01-30
445660,CB SAS MOREAU,,,0,2465.25,2025-01-30
419000,VIR RECU SA AERO COMPOSANTS,,VIR SEPA NPY:SA AERO COMPOSANTS<br />LIB:ACOMPTE CLIENT,15981.84,0,2025-02-05
512000,VIR INTERNE,,,0,16626.94,2025-03-28
261000,VIR SEPA SA PICARD,,,0,60841.35,2025-07-22
601100,CB SA GROUPE LEGRAND,,,0,616.37,2024-09-10
445660,CB SA GROUPE LEGRAND,,,0,123.27,2024-09-10
445710,VIREMENT RECU DGFIP,,,12050.46,0,2025-04-21
512000,FRAIS BANCAIRES,REF620246,,0,43.04,2025-08-22
706000,VIR RECU SA GROUPE LEGRAND,REF459365,,14628.70,0,2025-09-26
708000,VIR RECU SARL MODE TEXTILE,REF135153,VIR SEPA NPY:SARL MODE TEXTILE<br />LIB:PRODUITS ACTIVITES ANNEXES,3551.37,0,2024-02-21
213100,VIR SARL MARIN,,,0,7350.34,2025-02-27
408000,FACTURE NN PARVENUE SARL SIMON,,FACTURE NON PARVENUE NBE:SARL SIMON<br />LIB:AVOIR A RECEVOIR,0,2000.00,2024-10-28
601100,CARTE SA GROUPE LEGRAND,,CB SA GROUPE LEGRAND<br />LIB:ACHAT MARCHANDISES,0,3991.36,2024-04-27
445660,CARTE SA GROUPE LEGRAND,,CB SA GROUPE LEGRAND<br />LIB:ACHAT MARCHANDISES,0,798.27,2024-04-27
606100,CB MACIF,,CB MACIF<br />LIB:FOURNITURES NON STOCKABLES,0,329.17,2025-12-12
445660,CB MACIF,,CB MACIF<br />LIB:FOURNITURES NON STOCKABLES,0,65.84,2025-12-12
514000,REMISE CHEQUE,,,2476.11,0,2025-03-15
401004,VIR SEPA SAS GARCIA INDUSTRIE,,,0,6666.25,2024-11-07
411001,VIREMENT RECU SCI HENRY SECURITE,,,18794.01,0,2025-04-10
625200,CB SAS MOREAU,,,0,375.93,2024-06-09
445660,CB SAS MOREAU,,,0,75.19,2024-06-09
445510,VI SEPA DGFIP TVA,,,0,9683.20,2025-10-24
411001,VIR RECU SCI HENRY SECURITE,,,24600.00,0,2025-06-11
706000,VIR RECU SA INDUSTRIE NORD,,VIR SEPA NPY:SA INDUSTRIE NORD<br />LIB:PRESTATIONS SERVICES FAC2025162,14175.52,0,2025-07-11
512000,FRAIS BANCAIRES,,,0,200.00,2025-07-03
445710,VIR RECU DGFIP,REF389347,,7396.87,0,2024-10-20
421000,VIR SEPA SALAIRE MARS,REF179718,VIR SEPA<br />LIB:SALAIRE MARS 2025,0,3494.40,2025-03-25
401008,PRLVT SEPA SAS BLANC SECURITE,,,0,6461.45,2025-08-13
404000,VIR SEPA SA FOURNIER,,VIR SEPA NPY:SA FOURNIER<br />LIB:ACHAT IMMOBILISATION,0,23500.00,2024-05-15
645100,PRELEVEMENT SEPA MUTUELLE,,,0,1000.00,2025-03-26
421000,VIR SEPA SALAIRE OCTOBRE,,VIR SEPA<br />LIB:SALAIRE OCTOBRE 2025,0,3987.37,2025-10-27
661000,AGIOS BANCAIRES,,,0,217.22,2024-11-28
707000,VIR RECU SARL MODE TEXTILE,,,4273.31,0,2024-06-04
606100,CB MACIF,,,0,416.67,2025-07-10
445660,CB MACIF,,,0,83.33,2025-07-10
471000,OPERATION ATTENTE,,,0,4260.00,2024-03-16
627000,PRELEVEMENT SEPA ORANGE SA,,,0,25.32,2025-12-29
530000,RETRAIT CAISSE,,RETRAIT DAB<br />LIB:APPROVISIONNEMENT CAISSE,0,800.00,2024-09-29
621000,PRELEVEMENT SEPA SARLPETIT,,PRLV SEPA NBE:SARL PETIT<br />LIB:PERSONNEL INTERIMAIRE,0,7388.26,2024-08-17
445660,PRELEVEMENT SEPA SARLPETIT,,PRLV SEPA NBE:SARL PETIT<br />LIB:PERSONNEL INTERIMAIRE,0,1477.65,2024-08-17
645000,PRLV SEPA URSSAF,,PRLV SEPA NBE:URSSAF<br />LIB:COTISATIONS PATRONALES T4 2024,0,8291.98,2024-11-12
601100,CB SA GROUPE LEGRAND,,,0,1489.28,2024-08-25
445660,CB SA GROUPE LEGRAND,,,0,297.86,2024-08-25
421000,VIR SEPA SALAIRE SEPTEMBRE,REF346818,,0,2771.30,2024-09-29
637000,PRLV SEPA DGFIP,,,0,2243.98,2025-11-30
645000,PRELEVEMENT SEPA URSSAF,,,0,3046.55,2024-01-13
658000,VIREMENT SEPA SAS MOREAU,REF343653,,0,1329.54,2024-01-28
514000,REMISE CHEQUE,,,7676.58,0,2024-12-25
625100,CBBOUYGUES TELECOM,,CB BOUYGUES TELECOM<br />LIB:DEPLACEMENT MISSION,0,331.58,2025-10-30
445660,CBBOUYGUES TELECOM,,CB BOUYGUES TELECOM<br />LIB:DEPLACEMENT MISSION,0,66.32,2025-10-30
658000,VIR SEPA SAS GIRARD,REF246750,,0,600.00,2024-12-27
641100,VIR SALAIRE AOUT,,VIR SEPA<br />LIB:CONGES PAYES AOUT 2025,0,1522.82,2025-08-26
708000,VIR RECU SARL TRANSPORT EXPRESS,,VIR SEPA NPY:SARL TRANSPORT EXPRESS<br />LIB:PRODUITS ACTIVITES ANNEXES,2199.58,0,2025-09-01
416000,VIREMENT RECU SAS ECO ENERGIE,,VIR SEPA NPY:SAS ECO ENERGIE<br />LIB:CREANCE DOUTEUSE,4727.35,0,2024-04-10
708000,VIREMENT RECU SARL COMMERCE DU S,,,2344.65,0,2025-04-17
707000,VIR RECU SAS DIGITAL SERVICES,,VIR SEPA NPY:SAS DIGITAL SERVICES<br />LIB:VENTE MARCHANDISES FAC2024411,10837.12,0,2025-11-15
401009,VIR SEPA EURL MERCIER IMMOBILIER,,VIR SEPA REF:FR73873849 NPY:EURL MERCIER IMMOBILIER<br />LIB:ACOMPTE FOURNISSEUR,0,9826.82,2024-06-29
401005,VIR SCI GUERIN IMPRIMERIE,,VIR SEPA REF:FR85713216 NPY:SCI GUERIN IMPRIMERIE<br />LIB:ACOMPTE FOURNISSEUR,0,16696.62,2025-01-12
651000,VIR SEPA SARL BONNET,,,0,1402.31,2025-06-25
445660,VIR SEPA SARL BONNET,,,0,280.46,2025-06-25
437000,PRLV SEPA POLE EMPLOI,,PRLV SEPA NBE:FRANCE TRAVAIL<br />LIB:COTISATIONS CHOMAGE T4,0,2700.00,2024-11-11
625200,CARTE SAS FAURE,,CB SAS FAURE<br />LIB:FRAIS HEBERGEMENT,0,416.67,2025-10-30
445660,CARTE SAS FAURE,,CB SAS FAURE<br />LIB:FRAIS HEBERGEMENT,0,83.33,2025-10-30
512000,REMISE CHEQUE,,,12500.00,0,2024-07-29
401001,VIR SEPA EURL GAUTHIER LOGISTIQU,,,0,12000.00,2024-04-22
403000,VIR SEPA EURL MERCIER,,,0,25015.26,2025-10-30
645000,PRLV SEPA URSSAF,REF310683,,0,2163.12,2025-07-13
511500,ENCAISSEMENT CB,REF250622,,2143.82,0,2024-01-16
627000,ENCAISSEMENT CB,REF250622,,0,21.44,2024-01-16
708000,VIR RECU SARL COMMERCE DU SUD,,,3577.09,0,2024-01-05
706000,VIR RECU EURL DESIGN STUDIO,,,13956.13,0,2024-04-15
580000,VIR INTERNE,,VIR INTERNE<br />LIB:VIREMENT INTERNE,0,49391.18,2025-08-31
706000,VIR RECU SA GROUPE LEGRAND,,,2300.00,0,2024-11-25
401001,PRLV SEPA EURL GAUTHIER LOGISTIQ,,PRLV SEPA CPY:FR83814659 RUM:FR83814659 NBE:EURL GAUTHIER LOGISTIQUE<br />LIB:REGLEMENT FACTURE,0,3769.58,2025-08-25
626000,PRLVT SEA SAS FAURE,,,0,279.19,2024-10-29
706000,VIR RECU EURL DESIGN STUDIO,,VIR SEPA NPY:EURL DESIGN STUDIO<br />LIB:PRESTATIONS SERVICES FAC2025364,6035.61,0,2025-02-04
601100,CARTE SA GROUPE LEGRAND,,,0,1369.86,2025-07-29
445660,CARTE SA GROUPE LEGRAND,,,0,273.97,2025-07-29
701000,VIREMENT RECU SAS CONSEIL RH,,,3402.11,0,2025-12-02
606300,CB SAS GIRARD,REF415159,,0,101.53,2025-03-14
445660,CB SAS GIRARD,REF415159,,0,20.31,2025-03-14
403000,VIR SEPA SA GROUPE LEGRAND,,,0,16502.36,2025-10-30
601100,CB EDF,,CB EDF<br />LIB:ACHAT MARCHANDISES,0,2083.33,2025-02-10
445660,CB EDF,,CB EDF<br />LIB:ACHAT MARCHANDISES,0,416.67,2025-02-10
641000,VIR SEPA SALAIRE AOUT,,,0,3499.83,2024-08-29
601100,PRELEVEMENT SEPA MAIF,,,0,3842.60,2024-02-29
445660,PRELEVEMENT SEPA MAIF,,,0,768.52,2024-02-29
708000,VIR RECU SAS CNSEIL RH,,,2329.08,0,2025-09-28
641000,VIR SALAIRE AOUT,,VIR SEPA<br />LIB:SALAIRE AOUT 2024,0,4054.09,2024-08-27
512100,VIR INTERNE,,,0,51533.87,2024-09-24
708000,VIREMENT RECU SARL TRANSPORT EXP,,VIR SEPA NPY:SARL TRANSPORT EXPRESS<br />LIB:PRODUITS ACTIVITES ANNEXES,2640.66,0,2025-08-13
401002,VIR SEPA SARL FOURNIER BTP,REF217715,,0,5000.00,2025-11-30
445710,VIR SEPA DGFIP TVA,,,0,14012.85,2024-01-21
623000,CB ENGIE,REF339191,,0,583.33,2025-04-29
445660,CB ENGIE,REF339191,,0,116.67,2025-04-29
704000,VIR RECU SAS ECO ENERGIE,,VIR SEPA NPY:SAS ECO ENERGIE<br />LIB:TRAVAUX FAC2024853,20486.43,0,2024-06-28
626000,PRLV SEPA SCI ROUX,,PRLV SEPA NBE:SCI ROUX<br />LIB:TELECOMMUNICATIONS,0,300.00,2024-07-12
606100,CARTE SA FOURNIER,,,0,149.06,2024-05-09
445660,CARTE SA FOURNIER,,,0,29.81,2024-05-09
615000,PRLV SEPA SARL SIMON,,,0,83.33,2025-09-08
445660,PRLV SEPA SARL SIMON,,,0,16.67,2025-09-08
512000,VIR INTERNE,,,0,40522.72,2024-09-25
411003,VIR RECU SARL GIRARD BTP,,VIR SEPA NPY:SARL GIRARD BTP IBE:FR6565717087582511379734835 BIC:AGRIFRPP PDO:FR<br />LIB:REGLEMENT CLIENT FAC2025711,582.34,0,2024-11-02
622000,VIR SEPA SAS DUVAL,REF487695,,0,506.76,2025-06-28
445660,VIR SEPA SAS DUVAL,REF487695,,0,101.35,2025-06-28
437000,PRLVT SEPA POLE EMPLOI,,PRLV SEPA NBE:FRANCE TRAVAIL<br />LIB:COTISATIONS CHOMAGE T1,0,549.97,2025-01-08
401001,PRLVT SEPA EURL GAUTHIER LOGISTI,,,0,2207.51,2024-11-26
645000,PRLVT SEPA URSSAF,,PRLV SEPA NBE:URSSAF<br />LIB:COTISATIONS PATRONALES T2 2025,0,18584.37,2025-04-12
701000,VIR RECU SAS CONSEIL RH,,,7878.05,0,2025-01-25
411004,VIREMENT RECU SA NOEL IMPRIMERIE,,,36340.00,0,2024-11-30
411002,VIR RECU SA GARNIER TRANSPORTS,,,24647.41,0,2024-03-28
661000,INTERETS EMPRUNT,,,0,889.27,2025-06-29
411002,VIR RECU SA GARIER TRANSPORTS,,,16370.27,0,2025-11-26
511500,ENCAISSEMENT CB,REF421041,,1764.98,0,2025-04-11
627000,ENCAISSEMENT CB,REF421041,,0,17.65,2025-04-11
631000,PRLVT SEPA DGFIP,,,0,1907.34,2025-07-15
775000,VIR RECU SARL COMMERCE DU SUD,,VIR SEPA NPY:SARL COMMERCE DU SUD<br />LIB:CESSION VEHICULE,3997.58,0,2024-04-29
411001,VIR RECU SCI HENRY SECURITE,,,15790.00,0,2025-07-31
706000,VIR RECU SA GROUPE LEGRAND,,VIR SEPA NPY:SA GROUPE LEGRAND<br />LIB:HONORAIRES MARS,8555.66,0,2025-03-26
627000,PRLV SEPA OVH SAS,,PRLV SEPA NBE:OVH SAS<br />LIB:HEBERGEMENT SERVEUR,0,59.82,2024-09-21
411004,VIR RECU SA NOEL IMPRIMERIE,,,18217.38,0,2024-04-30
431000,PRELEVEMENT SEPA URSSAF,,PRLV SEPA NBE:URSSAF<br />LIB:COTISATIONS JANVIER,0,12260.22,2025-01-08
601100,CB EDF,,,0,1239.57,2025-06-16
445660,CB EDF,,,0,247.92,2025-06-16
646000,PRLV SEPA POLE EMPLOI,,,0,852.55,2024-03-12
601100,CARTE SA GROUPE LEGRAND,REF333507,,0,597.70,2025-12-08
445660,CARTE SA GROUPE LEGRAND,REF333507,,0,119.54,2025-12-08
401001,VIREMENT SEPA EURL GAUTHIER LOGI,,,0,18000.00,2025-10-05
411001,VIR RECU SCI HENRY SECURITE,,VIR SEPA NPY:SCI HENRY SECURITE IBE:DE79571492966369656769 BIC:DEUTDEFF PDO:DE<br />LIB:REGLEMENT CLIENT FAC2024110,22919.14,0,2024-03-27
401001,VIREMENT SEPA EURL GAUTHIER LOGI,,,0,1801.46,2024-02-07
401004,PRLV SEPA SAS GARCIA INDUSTRIE,,,0,7081.23,2024-06-11
404000,VIR SEPA SA FOURNIER,,VIR SEPA NPY:SA FOURNIER<br />LIB:ACHAT IMMOBILISATION,0,34737.56,2025-09-27
706000,VIR RECU SA GROUPE LEGRAND,REF362605,,4796.34,0,2025-04-04
627000,PRELEVEMENT SEPA OVH SAS,,PRLV SEPA NBE:OVH SAS<br />LIB:HEBERGEMENT SERVEUR,0,38.18,2025-01-23
631000,PRELEVEMENT SEPA DGFIP,,,0,1758.12,2025-03-29
411008,VIREMENT RECU SCI PETIT ELECTRIC,,,2368.34,0,2025-06-19
401001,PRLV SEPA EURL GAUTHIER LOGISTIQ,,,0,3025.77,2024-12-29
580000,VIR INTERNE,,VIR INTERNE<br />LIB:VIREMENT INTERNE,0,18989.33,2024-01-25
401005,VIREMENT SEPA SCI GUERIN IMPRIME,,,0,14654.76,2024-04-18
631000,PRLV SEPA DGFIP,,,0,2220.00,2024-01-20
641000,VIR SEPA SALAIRE SEPTEMBRE,,VIR SEPA<br />LIB:REMUNERATION SEPTEMBRE,0,1800.00,2024-09-29
645100,PRLV SEPA MUTUELLE,REF276105,PRLV SEPA NBE:MUTUELLE<br />LIB:PREVOYANCE SANTE MAI,0,700.34,2025-05-03
411001,VIREMENT RECU SCI HENRY SECURITE,,VIR SEPA NPY:SCI HENRY SECURITE IBE:DE79571492966369656769 BIC:DEUTDEFF PDO:DE<br />LIB:REGLEMENT CLIENT FAC2024307,23202.89,0,2025-12-11
635000,PRLV SEPA DGFIP,,,0,3695.91,2024-02-28
641000,VIR SEPA SALAIRE SEPTEMBRE,,,0,4475.59,2025-09-26
411002,VIREMENT RECU SA GARNIER TRANSPO,REF776751,VIR SEPA NPY:SA GARNIER TRANSPORTS IBE:BE48861929000308 BIC:GEBABEBB PDO:BE<br />LIB:REGLEMENT CLIENT FAC2025406,27858.20,0,2024-03-31
791000,VIR RECU CPAM,,,1000.00,0,2024-12-07
635000,PRELEVEMENT SEPA DGFIP,,,0,965.56,2025-11-04
641000,VIR SEPA SALAIRE AVRIL,,,0,4093.12,2025-04-29
606100,CARTEALLIANZ,,CB ALLIANZ<br />LIB:FOURNITURES NON STOCKABLES,0,334.61,2025-01-26
445660,CARTEALLIANZ,,CB ALLIANZ<br />LIB:FOURNITURES NON STOCKABLES,0,66.92,2025-01-26
404000,VIREMENT SEPA SA FOURNIER,,,0,12142.49,2024-12-30
606100,PRLV SEPA SA FOURNIER,,,0,459.89,2025-07-28
445660,PRLV SEPA SA FOURNIER,,,0,91.98,2025-07-28
606100,PRELEVEMENT SEPA FREE MOBILE,REF849629,,0,46.46,2024-03-31
445660,PRELEVEMENT SEPA FREE MOBILE,REF849629,,0,9.29,2024-03-31
411001,VIR RECU SCI HENRY SECURITE,,,26819.99,0,2024-11-29
707000,VIR RECU SAS TECHNOLOGY PLUS,,VIR SEPA NPY:SAS TECHNOLOGY PLUS<br />LIB:VENTE MARCHANDISES FAC2025092,3670.24,0,2024-08-29
401002,PRELEVEMENT SEPA SARL FOURNIER B,REF761548,,0,5634.42,2025-04-29
512100,VIR INTERNE,,VIR INTERNE REF:FR92849406<br />LIB:VIREMENT ENTRE COMPTES,0,98030.68,2024-08-10
445510,VIREMENT SEPA DGFIP TVA,,,0,19889.25,2024-10-20
401003,VIREMENT SEPA SARL GIRARD SECURI,,VIR SEPA REF:FR10595637 NPY:SARL GIRARD SECURITE<br />LIB:ACOMPTE FOURNISSEUR,0,14330.98,2025-10-07
626000,PRELEVEMENT SEPA LA POSTE,,PRLV SEPA NBE:LA POSTE<br />LIB:AFFRANCHISSEMENT,0,112.68,2025-04-15
641100,VIREMENT SEPA SALAIRE AVRIL,,VIR SEPA<br />LIB:CONGES PAYES AVRIL 2025,0,2730.74,2025-04-29
708000,VIR RECU SARL TRANSPORT EXPRESS,,,3951.31,0,2025-11-29
641100,VIR SEPA SALAIRE MARS,,,0,1300.00,2025-03-25
411001,VIR RECU SCI HENRY SECURITE,,,48706.44,0,2024-08-04
401002,VIR SEPA SARL FOURNIER BTP,REF748606,VIR SEPA REF:FR57047386 NPY:SARL FOURNIER BTP<br />LIB:FACTURE FOURNISSEUR FAC2024454 LC2:ECHEANCE MARS,0,5870.00,2024-03-06
512000,FRAIS BANCAIRES,,,0,38.18,2024-02-12
625100,CB SARL GAUTIER,,CB SARL GAUTIER<br />LIB:DEPLACEMENT MISSION,0,428.73,2025-08-13
445660,CB SARL GAUTIER,,CB SARL GAUTIER<br />LIB:DEPLACEMENT MISSION,0,85.75,2025-08-13
628000,CARTE ENGIE,,,0,62.76,2025-07-08
708000,VIREMET RECU SARL COMMERCE DU SU,,,4163.27,0,2025-07-31
445510,VIR SEPA DGFIP TVA,,,0,16964.60,2024-07-19
512000,FRAIS BANCAIRES,,,0,200.00,2024-04-28
601100,CB AXA ASSURANCES,,,0,4038.48,2024-10-29
445660,CB AXA ASSURANCES,,,0,807.70,2024-10-29
401001,VIREMENT SEPA EURL GAUTHIER LOGI,,VIR SEPA REF:FR99030741 NPY:EURL GAUTHIER LOGISTIQUE<br />LIB:ACOMPTE FOURNISSEUR,0,13959.66,2024-11-01
706000,VIREMENT RECU SA GROUPE LEGRAND,,,4012.00,0,2025-11-30
419000,VIR RECU SA AERO COMPOSANTS,,,18549.23,0,2025-11-26
401006,PRLV SEPA SAS ROBIN SECURITE,,,0,3446.07,2025-10-18
601100,PRLV SEPA MAIF,REF763653,PRLV SEPA NBE:MAIF<br />LIB:COMMANDE FAC2025993,0,1108.95,2025-06-30
445660,PRLV SEPA MAIF,REF763653,PRLV SEPA NBE:MAIF<br />LIB:COMMANDE FAC2025993,0,221.79,2025-06-30
706000,VIR RECU EURL DESIGN STUDIO,,,11293.48,0,2025-07-09
641100,VIR SEPA SALAIRE SEPTEMBRE,REF980012,VIR SEPA<br />LIB:CONGES PAYES SEPTEMBRE 2025,0,3364.54,2025-09-29
411001,VIREMENT RECU SCI HENRY SECURITE,REF928771,,2012.33,0,2025-12-25
649000,VIR RECU CPAM,,,1186.57,0,2025-04-04
606100,PRELEVEMENT SEPA SAS MOREAU,,PRLV SEPA NBE:SAS MOREAU<br />LIB:EAU ELECTRICITE,0,530.74,2024-03-31
445660,PRELEVEMENT SEPA SAS MOREAU,,PRLV SEPA NBE:SAS MOREAU<br />LIB:EAU ELECTRICITE,0,106.15,2024-03-31
401003,PRLVT SEPA SARL GIRARD SECURITE,,,0,4088.20,2025-12-30
512000,VIR RECU SCI ROUX,,VIR SEPA NPY:SCI ROUX<br />LIB:VIREMENT RECU,11357.15,0,2025-10-21
626000,PRLV SEPA LA POSTE,,,0,90.00,2025-04-17
411001,VIREMENT RECU SCI HENRY SECURITE,,,27530.21,0,2024-10-31
613200,PRELEVEMENT SEPA SA FOURNIER,,,0,2317.88,2024-06-02
445660,PRELEVEMENT SEPA SA FOURNIER,,,0,463.58,2024-06-02
741000,VIR RECU SUBVENTION,REF785937,,10815.78,0,2024-04-18
707000,VIR RECU SAS DIGITAL SERVICES,,,12451.60,0,2025-08-31
646000,PRLVT SEPA POLE EPLOI,,,0,500.00,2024-08-15
635000,PRLT SEPA DGFIP,,PRLV SEPA NBE:DGFIP<br />LIB:AUTRES IMPOTS 2025,0,1268.80,2025-06-23
606100,PRELEVEMENT SEPA SA FOURNIER,,,0,178.84,2024-08-30
445660,PRELEVEMENT SEPA SA FOURNIER,,,0,35.77,2024-08-30
467000,VIR SEPA SAS LAURENT,,,0,140.98,2024-10-01
625100,ARTE SARL GAUTIER,,CB SARL GAUTIER<br />LIB:DEPLACEMENT MISSION,0,551.22,2024-06-05
445660,ARTE SARL GAUTIER,,CB SARL GAUTIER<br />LIB:DEPLACEMENT MISSION,0,110.25,2024-06-05
401001,VIR SEPA EURL GAUTHIER LOGISTIQU,,VIR SEPA REF:FR62342971 NPY:EURL GAUTHIER LOGISTIQUE<br />LIB:COMMANDE FOURNITURES LCC:BON COMMANDE 781119,0,20594.23,2024-07-14
611000,PRLV SEPA SAS FAURE,,PRLV SEPA NBE:SAS FAURE<br />LIB:SOUS-TRAITANCE,0,15833.33,2025-05-12
445660,PRLV SEPA SAS FAURE,,PRLV SEPA NBE:SAS FAURE<br />LIB:SOUS-TRAITANCE,0,3166.67,2025-05-12
641000,VIREMENT SEPA SALAIRE DECEMBRE,,,0,2500.00,2025-12-30
411002,VIR RECU SA GARNIER TRANSPORTS,,,41936.46,0,2025-03-30
621000,PRLVT SEPA SARL BONNET,REF631623,,0,2749.72,2024-03-16
445660,PRLVT SEPA SARL BONNET,REF631623,,0,549.94,2024-03-16
621000,PRELEVEMENT SEPA EURL BERNARD,,,0,7985.38,2025-12-29
445660,PRELEVEMENT SEPA EURL BERNARD,,,0,1597.08,2025-12-29
514000,REMISE CHEQUE,,REMISE CHQ N 437222,3568.76,0,2024-04-03
621000,PRLV SEPA SARL SIMON,,,0,742.35,2024-04-23
445660,PRLV SEPA SARL SIMON,,,0,148.47,2024-04-23
604000,CB MICROOFT,REF213280,,0,4858.32,2025-08-29
445660,CB MICROOFT,REF213280,,0,971.66,2025-08-29
707000,VIR RECU SAS DIGITAL SERVICES,,VIR SEPA NPY:SAS DIGITAL SERVICES<br />LIB:VENTE MARCHANDISES FAC2024018,5505.98,0,2024-06-06
401002,VIREMENT SEPA SARL FOURNIER BTP,REF898344,,0,17000.00,2024-10-30
416000,VIR RECU SAS ECO ENERGIE,,,3000.00,0,2024-12-26
411003,VIREMENT RECU SARL GIRARD BTP,REF589836,,11000.00,0,2024-09-15
411001,VIR RECU SCI HENRY SECURITE,REF978976,,34740.00,0,2025-06-13
631000,PRLV SEPA DGFIP,,,0,1804.64,2025-11-30
615000,PRLV SEPA SAS GIRARD,,,0,1416.67,2024-03-25
445660,PRLV SEPA SAS GIRARD,,,0,283.33,2024-03-25
706000,VIR RECU EURL DESIGN STUDIO,,VIR SEPA NPY:EURL DESIGN STUDIO<br />LIB:PRESTATIONS SERVICES FAC2024287,18000.00,0,2025-10-26
612000,PRLVT SEPA SA PICARD,REF892094,,0,1750.00,2024-04-30
445660,PRLVT SEPA SA PICARD,REF892094,,0,350.00,2024-04-30
401006,PRLVT SEPA SAS ROBIN SECURITE,REF233425,PRLV SEPA NBE:SAS ROBIN SECURITE<br />LIB:REGLEMENT ACHAT,0,2008.03,2024-04-28
411002,VIR RECU SA GARNIER TRANSPORTS,,,23139.40,0,2024-09-28
633000,PRELEVEMENT SEPA DGFIP,,,0,1440.38,2025-01-31
401001,PRLV SEPA EURL GAUTHIER LOGISTIQ,REF558981,,0,3900.00,2025-03-28
411001,VIR RECU SCI HENRY SECURITE,,,45766.66,0,2024-03-29
512000,FRAIS BANCAIRES,,,0,167.76,2024-04-27
613200,PRLV SEPA SARL BONNET,,PRLV SEPA NBE:SARL BONNET<br />LIB:LOYER OCTOBRE 2024,0,1111.87,2024-10-01
445660,PRLV SEPA SARL BONNET,,PRLV SEPA NBE:SARL BONNET<br />LIB:LOYER OCTOBRE 2024,0,222.38,2024-10-01
708000,VIR RECU SARL MODE TEXTILE,,,50.45,0,2025-05-15
671000,VIR SAS FAURE,,,0,487.78,2025-07-16
633000,PRLVT SEPA GFIP,,PRLV SEPA NBE:DGFIP<br />LIB:CONTRIBUTION ECONOMIQUE TERRITORIALE,0,6240.75,2025-08-06
401002,PRELEVEMENT SEPA SARL FOURNIER B,,PRLV SEPA CPY:FR80944558 NBE:SARL FOURNIER BTP<br />LIB:FACTURE FAC2024093,0,5000.00,2025-10-29
411002,VIREMENT RECU SA GARNIER TRANSPO,,VIR SEPA NPY:SA GARNIER TRANSPORTS IBE:BE48861929000308 BIC:GEBABEBB PDO:BE RCN:FAC2025733<br />LIB:REGLEMENT FACTURE FAC2025733,48868.41,0,2024-01-24
601100,PAIEMENT CB MAIF,,,0,1666.67,2024-01-26
445660,PAIEMENT CB MAIF,,,0,333.33,2024-01-26
601100,PRLV SEPA EDF,,,0,4447.54,2024-12-29
445660,PRLV SEPA EDF,,,0,889.51,2024-12-29
261000,VIR SEPA SARL BONNET,,VIR SEPA NPY:SARL BONNET<br />LIB:TITRES DE PARTICIPATION,0,92556.40,2025-01-30
401003,VIR SARL GIRARD SECURITE,,,0,21950.00,2024-07-06
606100,PRLV SEPA MACIF,,,0,542.34,2025-04-24
445660,PRLV SEPA MACIF,,,0,108.47,2025-04-24
411001,VIREMENT RECU SCI HENRY SECURITE,,,10676.81,0,2024-12-25
707000,VIR RECU SAS TECHNOLOG PLUS,,VIR SEPA NPY:SAS TECHNOLOGY PLUS<br />LIB:VENTE MARCHANDISES FAC2025550,7688.62,0,2025-08-11
601100,CB ALLIANZ,,CB ALLIANZ<br />LIB:ACHAT MARCHANDISES,0,269.66,2025-06-25
445660,CB ALLIANZ,,CB ALLIANZ<br />LIB:ACHAT MARCHANDISES,0,53.93,2025-06-25
741000,VIREMENT RECU SUBVENTION,,,33650.00,0,2024-05-18
613200,PRLVT SEPA SA LEFEVRE,,,0,3889.22,2025-08-03
445660,PRLVT SEPA SA LEFEVRE,,,0,777.84,2025-08-03
275000,VIR SEPA SA LEFEVRE,REF144721,VIR SEPA NPY:SA LEFEVRE<br />LIB:DEPOT GARANTIE,0,9912.66,2025-09-30
791000,VIR RECU CPAM,,VIR SEPA NPY:CPAM<br />LIB:INDEMNITES JOURNALIERES DECEMBRE,1993.11,0,2024-12-28
601100,CB EDF,,,0,807.42,2025-08-11
445660,CB EDF,,,0,161.48,2025-08-11
164000,PRLV SEPA ECHEANCE EMPRUNT,,,0,1624.00,2025-12-31
661100,PRLV SEPA ECHEANCE EMPRUNT,,,0,365.40,2025-12-31
616000,PRLV SEPA ECHEANCE EMPRUNT,,,0,40.60,2025-12-31
401001,PRLV SEPA EURL GAUTHIER LOGISTIQ,,,0,4678.54,2024-06-25
633000,PRLV SEPA DGFIP,,,0,6061.51,2025-01-26
791000,VIREMENT RECU AXA ASSURANCES,REF278653,,9940.00,0,2024-07-29
613200,PRLV SEPA EURL BERNARD,,PRLV SEPA NBE:EURL BERNARD<br />LIB:LOYER NOVEMBRE 2024,0,2829.04,2024-11-05
445660,PRLV SEPA EURL BERNARD,,PRLV SEPA NBE:EURL BERNARD<br />LIB:LOYER NOVEMBRE 2024,0,565.81,2024-11-05
511500,ENCAISSEMENT CB,,,1010.81,0,2024-10-02
627000,ENCAISSEMENT CB,,,0,10.11,2024-10-02
618000,CB SCI ROUX,REF298855,,0,207.99,2025-11-02
445660,CB SCI ROUX,REF298855,,0,41.60,2025-11-02
626000,PRLV SEPA EURL BERNARD,REF522907,PRLV SEPA NBE:EURL BERNARD<br />LIB:TELECOMMUNICATIONS,0,300.00,2025-04-13
164000,PRLVT SEPA ECHEANCE EMPRUNT,,,0,4665.10,2024-11-29
661100,PRLVT SEPA ECHEANCE EMPRUNT,,,0,1049.65,2024-11-29
616000,PRLVT SEPA ECHEANCE EMPRUNT,,,0,116.63,2024-11-29
706000,VIR RECU EURL DESIGN STUDIO,,,3988.74,0,2025-07-19
606100,PRLVT SEPA MACIF,,,0,163.57,2025-09-29
445660,PRLVT SEPA MACIF,,,0,32.72,2025-09-29
681000,DOTATION AMORTISSEMENT,,,0,9960.49,2025-12-29
401001,PRLV SEPA EURL GAUTHIER LOGISTIQ,,,0,3500.00,2025-05-25
401001,VIR SEPA EURL GAUTHIER LOGISTIQU,REF290615,,0,6850.00,2024-01-27
641000,VIREMENT SEPA SALAIRE MARS,REF715054,VIR SEPA<br />LIB:REMUNERATION MARS,0,3049.12,2025-03-27
791000,VIREMENT RECU MACIF,,,19002.10,0,2024-06-30
514000,REMISE CHEQUE,,,1856.01,0,2025-06-26
512100,VIR INTERNE,REF459712,,0,44016.93,2025-11-28
626100,PRLVT SEPA SA FOURNIER,,,0,79.66,2024-08-01
445660,PRLVT SEPA SA FOURNIER,,,0,15.93,2024-08-01
668000,FRAIS FINANCIERS,,,0,485.81,2024-01-26
614000,PRLVT SEPA EURL BERNARD,,,0,1587.74,2025-10-30
445660,PRLVT SEPA EURL BERNARD,,,0,317.55,2025-10-30
512000,REMISE CHEQUE,,,442.74,0,2025-10-26
512000,VIR INTERNE,,VIR INTERNE REF:FR39855629<br />LIB:VIREMENT DE COMPTE A COMPTE,0,11977.12,2024-11-19
411001,VIR RECU SCI HENRY SECURITE,,VIR SEPA NPY:SCI HENRY SECURITE IBE:DE79571492966369656769 BIC:DEUTDEFF PDO:DE<br />LIB:REGLEMENT CLIENT FAC2025717,9065.70,0,2025-03-24
512000,REMISE CHEQUE,,,19051.20,0,2024-04-22
401003,VIR SEPA SARL GIRARD SECURITE,,VIR SEPA REF:FR92597378 NPY:SARL GIRARD SECURITE<br />LIB:FACTURE FOURNISSEUR FAC2024604 LC2:ECHEANCE SEPTEMBRE,0,1418.12,2025-09-26
601100,CB MAIF,,,0,566.12,2025-12-25
445660,CB MAIF,,,0,113.22,2025-12-25
445710,VIR SEPA DGFIP TVA,,,0,2594.45,2025-07-22
401006,VIR SEPA SAS ROBIN SECURITE,,,0,8241.57,2024-04-26
601100,PRLV SEPA MAIF,,,0,2425.35,2024-07-29
445660,PRLV SEPA MAIF,,,0,485.07,2024-07-29
445710,VIREMENT SEPA DGFIP TVA,,,0,18256.57,2024-01-21
419000,VIR RECU SAS DIGITAL SERVICES,,VIR SEPA NPY:SAS DIGITAL SERVICES<br />LIB:ACOMPTE CLIENT,19860.00,0,2025-11-13
621000,PRELEVEMENT SEPA SAS DUPONT,,,0,7000.00,2024-02-26
445660,PRELEVEMENT SEPA SAS DUPONT,,,0,1400.00,2024-02-26
602000,CB SA LEFEVRE,,,0,958.50,2025-02-08
445660,CB SA LEFEVRE,,,0,191.70,2025-02-08
401007,PRLVT SEPA SAS MASON CONSEIL,REF322216,,0,5016.09,2025-09-01
411008,VIR RECU SCI PETIT ELECTRICITE,,,23667.87,0,2025-01-16
635000,PRELEVEMENT SEPA DGFIP,,,0,492.65,2024-09-06
419000,VIREMENT RECU SAS DIGITAL SERVIC,REF611832,VIR SEPA NPY:SAS DIGITAL SERVICES<br />LIB:ACOMPTE CLIENT,18000.00,0,2025-08-14
641000,VIR SEPA SALAIRE MAI,,,0,2000.00,2024-05-25
601100,CARTE SARL PETIT,,CB SARL PETIT FACT:FAC2025526<br />LIB:ACHAT FOURNITURES,0,858.46,2025-02-25
445660,CARTE SARL PETIT,,CB SARL PETIT FACT:FAC2025526<br />LIB:ACHAT FOURNITURES,0,171.69,2025-02-25
707000,VIREMENT RECU SAS TECHNOLOGY PLU,,,9588.75,0,2025-02-19
261000,VIR SARL NDRE,,,0,21506.64,2025-08-31
626000,PRLVT SEPA LA POSTE,,,0,145.61,2025-06-21
606100,PAIEMENT CB SAS MOREAU,,,0,291.67,2024-11-30
445660,PAIEMENT CB SAS MOREAU,,,0,58.33,2024-11-30
401005,PRLV SEPA SCI GUERIN IMPRIMERIE,,PRLV SEPA CPY:FR15032023 RUM:FR15032023 NBE:SCI GUERIN IMPRIMERIE<br />LIB:REGLEMENT FACTURE,0,2000.00,2024-12-30
631000,PRLVT SEPA DGFIP,,PRLV SEPA NBE:DGFIP<br />LIB:FORMATION CONTINUE 2024,0,2776.47,2024-02-27
411002,VIR RECU SA GARNIER TRANSPORTS,REF468612,,40532.81,0,2024-05-30
401002,VIR SEPA SARL FOURNIER BTP,,,0,6072.72,2024-11-21
611000,PRLV SEPA SARL BONNET,,,0,7500.00,2025-12-31
445660,PRLV SEPA SARL BONNET,,,0,1500.00,2025-12-31
641000,VIR SEPA SALAIRE JUIN,,,0,3843.04,2025-06-30
416000,VIREMENT RECU SAS ECO ENERGIE,REF919059,,350.00,0,2024-09-25
631000,PRELEVEMENT SEPA DGFIP,,,0,1528.00,2024-12-30
707000,VIR RECU SAS TECHNOLOGY PLUS,,,9802.72,0,2024-05-29
411007,VIR RECU SARL GARCIA DISTRIBUTIO,,,12645.73,0,2025-05-20
431000,PRLV SEPA URSSAF,,,0,20640.81,2025-10-05
205000,VIREMENT SEPA SARL MARTIN,REF113318,VIR SEPA NPY:SARL MARTIN<br />LIB:LOGICIEL FAC2025504,0,20458.14,2025-06-28
661000,AGIOS BANCAIRES,,,0,371.48,2024-10-01
401009,VIR EURL MERCIER IMMOBILIER,,,0,17180.00,2025-03-10
613200,PRLVT SEPA SARL BONNET,,,0,4015.14,2024-09-03
445660,PRLVT SEPA SARL BONNET,,,0,803.03,2024-09-03
421000,VIR SEPA SALAIRE AVRIL,REF306538,,0,5000.00,2025-04-26
164000,PRLV SEPA ECHEANCE EMPRUNT,,,0,4784.19,2024-02-10
661100,PRLV SEPA ECHEANCE EMPRUNT,,,0,1076.44,2024-02-10
616000,PRLV SEPA ECHEANCE EMPRUNT,,,0,119.60,2024-02-10
401004,PRELEVEMENT SEPA SAS GARCIA INDU,,,0,1902.64,2024-08-24
623000,CB SAS MOREAU,,,0,1144.78,2025-01-30
445660,CB SAS MOREAU,,,0,228.96,2025-01-30
641000,VIREMENT SEPA SALAIRE FEVRIER,,VIR SEPA<br />LIB:SALAIRE FEVRIER 2024,0,2994.34,2024-02-25
701000,VIREMENT RECU SAS AGENCE MEDIA,,,11281.76,0,2025-06-25
411002,VIREMENT RECU SA GANIER TRANSPOR,,,24717.61,0,2024-12-30
416000,VIR RECU SAS TECHNOLOGY PLUS,,VIR SEPA NPY:SAS TECHNOLOGY PLUS<br />LIB:CREANCE DOUTEUSE,1130.59,0,2024-12-09
618000,CB SCI ROUX,,,0,290.97,2025-01-01
445660,CB SCI ROUX,,,0,58.19,2025-01-01
621000,PRLV SEPA SAS DUPONT,,,0,5722.54,2024-08-28
445660,PRLV SEPA SAS DUPONT,,,0,1144.51,2024-08-28
707000,VIREMENT RECU SAS TECHNOLOGY PLU,,,3806.06,0,2025-10-27
411001,VIR RECU SCI HENRY SECURITE,,,49156.68,0,2025-07-15
707000,VIREMENT RECU SAS TECHNOLOGY PLU,,VIR SEPA NPY:SAS TECHNOLOGY PLUS<br />LIB:VENTE MARCHANDISES FAC2025602,21440.41,0,2024-04-30
625200,PAIEMENT CB SAS FAURE,,CB SAS FAURE<br />LIB:FRAIS HEBERGEMENT,0,401.65,2025-12-21
445660,PAIEMENT CB SAS FAURE,,CB SAS FAURE<br />LIB:FRAIS HEBERGEMENT,0,80.33,2025-12-21
401006,PRELEVEMENT SEPA SAS ROBIN SECUR,,,0,5538.74,2024-02-26
411001,VIREMENT RECU SCI HENRY SECURITE,,,2150.99,0,2024-09-18
512100,VIR INTERNE,,VIR INTERNE REF:FR25016443<br />LIB:VIREMENT ENTRE COMPTES,0,56858.68,2024-11-27
445710,VIR RECU DGFIP,,,21583.03,0,2025-01-17
403000,VIREMENT SEA SCI ROUX,REF199772,,0,5444.27,2025-11-27
421000,VIR SEPA SALAIRE SEPTEMBRE,,,0,3582.51,2024-09-27
633000,PRLV SEPA DGFIP,,,0,6000.00,2025-01-21
601100,CB SARL MARTIN,,,0,612.17,2025-01-26
445660,CB SARL MARTIN,,,0,122.43,2025-01-26
512000,VIR RECU SAS MOREAU,,,13262.35,0,2025-03-25
580000,VIR INTERNE,,,0,26098.44,2024-11-19
401006,PRLV SEPA SAS ROBIN SECURITE,,,0,3659.21,2024-03-29
512000,FRAIS BANCAIRES,,FRAIS BANCAIRES<br />LIB:FRAIS DE GESTION JUIN,0,200.00,2025-06-17
401003,VIR SEPA SARL GIRARD SECURITE,,VIR SEPA REF:FR41623052 NPY:SARL GIRARD SECURITE<br />LIB:COMMANDE FOURNITURES LCC:BON COMMANDE 722147,0,17372.84,2024-02-14
601100,CARTE OVH SAS,,,0,206.89,2024-01-30
445660,CARTE OVH SAS,,,0,41.38,2024-01-30
613200,PRLV SEPA EURL BERNARD,,,0,1166.67,2025-06-05
445660,PRLV SEPA EURL BERNARD,,,0,233.33,2025-06-05
512100,VIR INTERNE,,,0,49335.55,2025-06-26
211000,VIR SEPA SARL MARTIN,,,0,133000.00,2025-08-11
641100,VIR SEPA SALAIRE AOUT,,VIR SEPA<br />LIB:REMUNERATION AOUT,0,2994.09,2024-08-27
626000,PRLV SEPA LA POSTE,,,0,200.00,2025-07-28
635000,PRLV SEPA DGFIP,,PRLV SEPA NBE:DGFIP<br />LIB:AUTRES IMPOTS 2024,0,2039.19,2024-07-25
411001,VIR RECU SCI HENRY SECURITE,,,43740.77,0,2025-11-28
408000,FACTURE NON PARVENUE SAS MOREAU,,,0,2010.61,2025-09-25
512000,FRAIS BANCAIRES,,FRAIS BANCAIRES<br />LIB:FRAIS DE GESTION JANVIER,0,200.00,2024-01-21
621000,PRLV SEPA EURL BERNARD,,,0,4669.30,2025-06-19
445660,PRLV SEPA EURL BERNARD,,,0,933.86,2025-06-19
512000,VIR RECU SAS MOREAU,,,9278.29,0,2024-01-04
757000,VIR RECU SA GROUPE ALIMENTAIRE,,,13398.85,0,2025-11-09
641000,VIREMENT SEPA SALAIRE AOUT,,,0,2003.63,2024-08-26
615000,PRLVT SEPA SAS DUPONT,,,0,2019.81,2025-08-09
445660,PRLVT SEPA SAS DUPONT,,,0,403.96,2025-08-09
611000,PRELEVEMENT SEPA SARL GAUTIER,,,0,13657.99,2024-11-26
445660,PRELEVEMENT SEPA SARL GAUTIER,,,0,2731.60,2024-11-26
613200,PRLV SEPA SARL BONNET,,,0,1146.35,2025-01-04
445660,PRLV SEPA SARL BONNET,,,0,229.27,2025-01-04
706000,VIR RECU SA GROUPE LEGRAND,,,10400.00,0,2025-11-26
437000,PRELEVEMENT SEPA POLE EMLOI,,PRLV SEPA NBE:FRANCE TRAVAIL<br />LIB:COTISATIONS CHOMAGE T2,0,1468.43,2024-05-06
621000,PRLV SEPA SA PICARD,,,0,4333.33,2025-03-22
445660,PRLV SEPA SA PICARD,,,0,866.67,2025-03-22
635000,PRELEVEMENT SEPA DGFIP,,,0,1159.02,2025-10-16
411001,VIREMENT RECU SCI HENRY SECURITE,,VIR SEPA NPY:SCI HENRY SECURITE IBE:DE79571492966369656769 BIC:DEUTDEFF PDO:DE RCN:FAC2024061<br />LIB:REGLEMENT FACTURE FAC2024061,5400.00,0,2024-07-27
411002,VIR RECU SA GARNIER TRANSPORTS,,VIR SEPA NPY:SA GARNIER TRANSPORTS IBE:BE48861929000308 BIC:GEBABEBB PDO:BE<br />LIB:REGLEMENT CLIENT FAC2025563,16829.51,0,2024-05-25
641100,VIREMEN SEPA SALAIRE MARS,REF941934,,0,1524.91,2025-03-29
641000,VIR SEPA SALAIRE JANVIER,REF674134,,0,4000.00,2024-01-29
601100,CB EDF,,CB EDF<br />LIB:ACHAT MARCHANDISES,0,1062.36,2025-07-29
445660,CB EDF,,CB EDF<br />LIB:ACHAT MARCHANDISES,0,212.47,2025-07-29
707000,VIREMENT RECU SAS TECHNOLOGY PLU,,,12529.51,0,2025-05-26
411002,VIR RECU SA GARNIER TRANSPORTS,,,1550.00,0,2025-05-31
612000,PRLVT SEPA SAS LAMBERT,,,0,2616.28,2024-12-12
445660,PRLVT SEPA SAS LAMBERT,,,0,523.26,2024-12-12
401003,PRELEVEMENT SEPA SARL GIRARD SEC,,,0,3758.18,2025-04-04
611000,PRLV SEPA SAS MOREAU,,,0,1643.12,2024-12-28
445660,PRLV SEPA SAS MOREAU,,,0,328.62,2024-12-28
649000,VIREMENT RECU CPAM,,,850.70,0,2025-09-13
625100,CB SARL GAUTIER,,,0,177.35,2024-03-23
445660,CB SARL GAUTIER,,,0,35.47,2024-03-23
611000,PRLVT SEPA SARL BONNET,,,0,11429.07,2024-05-03
445660,PRLVT SEPA SARL BONNET,,,0,2285.81,2024-05-03
408000,FACTURE NON PARVENUE SARL SIMON,,,0,2952.26,2025-04-30
601100,CB AXA ASSURANCES,,,0,46.00,2025-04-25
445660,CB AXA ASSURANCES,,,0,9.20,2025-04-25
758000,VIR RECU SARL MODE TEXTILE,,VIR SEPA NPY:SARL MODE TEXTILE<br />LIB:PRODUITS GESTION COURANTE,2000.00,0,2025-10-06
631000,PRELEVEMENT SEPA DGFIP,,,0,1581.86,2025-04-09
626100,PRLV SEPA SA LEFEVRE,REF110025,,0,133.89,2024-03-16
445660,PRLV SEPA SA LEFEVRE,REF110025,,0,26.78,2024-03-16
621000,PRLVT SEPA SAS DUPONT,,,0,7976.56,2025-07-04
445660,PRLVT SEPA SAS DUPONT,,,0,1595.31,2025-07-04
601100,PRLVT SEPA SA GROUPE LEGRAND,,,0,1566.81,2025-02-28
445660,PRLVT SEPA SA GROUPE LEGRAND,,,0,313.36,2025-02-28
416000,VIREMENT RECU SARL CMMERCE DU SU,,,10000.00,0,2024-11-09
411001,VIREMENT RECU SCI HENRY SECURITE,,,17544.06,0,2025-11-21
213100,VIREMENT SEPA SARL MARTIN,,,0,49800.97,2025-05-26
625100,CB MAI,,CB MAIF<br />LIB:FRAIS VOYAGE,0,482.32,2024-01-07
445660,CB MAI,,CB MAIF<br />LIB:FRAIS VOYAGE,0,96.46,2024-01-07
512000,REMISE CHEQUE,,,5022.13,0,2024-09-28
701000,VIR RECU SAS AGENCE MEDIA,,,18659.66,0,2025-05-30
606100,CARTE SA FOURNIER,,,0,311.34,2024-02-21
445660,CARTE SA FOURNIER,,,0,62.27,2024-02-21
411002,VIR RECU SA GARNIER TRANSPORTS,,,2678.09,0,2025-08-22
621000,PRELEVEMENT SEPA SAS DUPONT,,PRLV SEPA NBE:SAS DUPONT<br />LIB:PERSONNEL INTERIMAIRE,0,7546.42,2024-02-11
445660,PRELEVEMENT SEPA SAS DUPONT,,PRLV SEPA NBE:SAS DUPONT<br />LIB:PERSONNEL INTERIMAIRE,0,1509.28,2024-02-11
627000,PRELEVEMENT SEPA BOUYGUES TELECO,,PRLV SEPA NBE:BOUYGUES TELECOM<br />LIB:ABONNEMENT INTERNET,0,100.00,2025-09-05
411006,VIREMENT RECU SARL LEFEVRE CONSE,,,4421.19,0,2024-03-08
401001,VIR SEPA EURL GAUTHIER LOGISTIQU,,VIR SEPA REF:FR18537725 NPY:EURL GAUTHIER LOGISTIQUE<br />LIB:COMMANDE FOURNITURES LCC:BON COMMANDE 735907,0,18600.00,2024-09-25
404000,VIR SEPA SAS FAURE,,,0,18397.55,2024-05-13
411005,VIR RECU SCI ROUSSEL ELECTRICITE,,VIR SEPA NPY:SCI ROUSSEL ELECTRICITE IBE:DE59148090265642462589 BIC:DEUTDEFF PDO:DE<br />LIB:REGLEMENT CLIENT FAC2024458,16970.09,0,2025-04-08
621000,PRLV SEPA SARL BONNET,,,0,6518.37,2025-06-09
445660,PRLV SEPA SARL BONNET,,,0,1303.68,2025-06-09
606100,PRLVT SEPA SA FOURNIER,,PRLV SEPA NBE:SA FOURNIER<br />LIB:EAU ELECTRICITE,0,666.67,2024-08-26
445660,PRLVT SEPA SA FOURNIER,,PRLV SEPA NBE:SA FOURNIER<br />LIB:EAU ELECTRICITE,0,133.33,2024-08-26
401006,PRLV SEPA SAS ROBIN SECURITE,,,0,4430.00,2025-08-18
601100,PAIEMENT CB ORANGE SA,,,0,324.76,2024-07-30
445660,PAIEMENT CB ORANGE SA,,,0,64.95,2024-07-30
621000,PRELEVEMENT SEPA SAS DUPONT,REF646404,,0,2589.55,2024-01-23
445660,PRELEVEMENT SEPA SAS DUPONT,REF646404,,0,517.91,2024-01-23
437000,PRLV SEPA POLE EMPLOI,,PRLV SEPA NBE:FRANCE TRAVAIL<br />LIB:COTISATIONS CHOMAGE T1,0,5255.81,2024-01-11
601100,CARTE SA GROUPE LEGRAND,REF842057,,0,1374.47,2025-11-15
445660,CARTE SA GROUPE LEGRAND,REF842057,,0,274.89,2025-11-15
511500,ENCAISSEMENT CB,REF312673,REMISE CB DU 260825<br />LIB:ENCAISSEMENT CARTE,1306.95,0,2025-08-26
627000,ENCAISSEMENT CB,REF312673,REMISE CB DU 260825<br />LIB:ENCAISSEMENT CARTE,0,13.07,2025-08-26
614000,PRLV SEPA SARL PETIT,,PRLV SEPA NBE:SARL PETIT<br />LIB:CHARGES LOCATIVES T1,0,998.21,2025-01-17
445660,PRLV SEPA SARL PETIT,,PRLV SEPA NBE:SARL PETIT<br />LIB:CHARGES LOCATIVES T1,0,199.64,2025-01-17
706000,VIR RECU SA INDUSTRIE NORD,,,12900.00,0,2025-08-06
512000,VIR RECU SARL SIMON,REF112652,VIR SEPA NPY:SARL SIMON<br />LIB:VIREMENT RECU,5591.90,0,2024-04-28
707000,VIR RECU SAS DIGITAL SERVICES,,,7291.81,0,2024-06-12
512000,VR INTERNE,,,0,44505.72,2024-12-30
613200,PRLV SEPA EURL BERNARD,REF495295,,0,3238.00,2025-05-01
445660,PRLV SEPA EURL BERNARD,REF495295,,0,647.60,2025-05-01
486000,CHARGE CONSTATEE AVANCE,,,0,3100.00,2024-12-30
621000,PRLV SEPA SAS DUPONT,,,0,6589.34,2025-11-27
445660,PRLV SEPA SAS DUPONT,,,0,1317.87,2025-11-27
645000,PRLV SEPA URSSAF,,PRLV SEPA NBE:URSSAF<br />LIB:COTISATIONS PATRONALES T2 2025,0,8866.43,2025-06-07
641100,VIR SALAIRE AVRIL,,,0,3539.15,2024-04-29
401002,PRLV SEPA SARL FOURNIER BTP,,,0,13237.52,2024-01-31
625100,CB SARL GAUTIER,,CB SARL GAUTIER<br />LIB:FRAIS VOYAGE,0,833.33,2025-03-27
445660,CB SARL GAUTIER,,CB SARL GAUTIER<br />LIB:FRAIS VOYAGE,0,166.67,2025-03-27
601100,PRLV SEPA EDF,,,0,5166.67,2025-05-29
445660,PRLV SEPA EDF,,,0,1033.33,2025-05-29
651000,VIR SEPA SARL BONNET,,,0,1313.21,2024-08-22
445660,VIR SEPA SARL BONNET,,,0,262.64,2024-08-22
606300,PRLVT SEPA MACIF,,PRLV SEPA NBE:MACIF<br />LIB:EAU ELECTRICITE,0,483.33,2024-08-16
445660,PRLVT SEPA MACIF,,PRLV SEPA NBE:MACIF<br />LIB:EAU ELECTRICITE,0,96.67,2024-08-16
411004,VIR RECU SA NOEL IMPRIMERIE,,,16898.82,0,2025-03-30
411003,VIR RECU SARL GIRARD BTP,,VIR SEPA NPY:SARL GIRARD BTP IBE:FR6565717087582511379734835 BIC:AGRIFRPP PDO:FR RCN:FAC2024272<br />LIB:REGLEMENT FACTURE FAC2024272,34615.16,0,2025-07-25
641000,VIREMENT SEPA SALAIRE AOUT,,,0,2607.39,2024-08-28
645000,PRLV SEPA URSSAF,,,0,3043.38,2024-12-13
411006,VIREMENT RECU SARL LEFEVRE CONSE,,VIR SEPA NPY:SARL LEFEVRE CONSEIL IBE:FR9254472416792007230350052 BIC:BNPAFRPP PDO:FR RCN:FAC2024513<br />LIB:REGLEMENT FACTURE FAC2024513,36191.28,0,2025-04-21
401001,PRELEVEMENT SEPA EURL GAUTHIER L,,,0,7425.33,2025-10-31
416000,VIR RECU EURL ARTISAN BOIS,,,7851.52,0,2025-01-20
601100,PRLV SEPA MAIF,,,0,5833.33,2024-04-21
445660,PRLV SEPA MAIF,,,0,1166.67,2024-04-21
707000,VIREMENT RECU SAS DIGITAL SERVIC,,,5082.46,0,2025-12-14
614000,PRLV SEPA EURL BERNARD,,,0,415.75,2025-06-30
445660,PRLV SEPA EURL BERNARD,,,0,83.15,2025-06-30
624000,PAIEMENT CB MACIF,,,0,250.00,2025-04-28
445660,PAIEMENT CB MACIF,,,0,50.00,2025-04-28
164000,PRELEVEMENT SEPA ECHEANCE EMPRUN,,,0,2112.00,2024-04-30
661100,PRELEVEMENT SEPA ECHEANCE EMPRUN,,,0,475.20,2024-04-30
616000,PRELEVEMENT SEPA ECHEANCE EMPRUN,,,0,52.80,2024-04-30
611000,PRLVT SEPA SAS MOREAU,,,0,13472.15,2024-06-08
445660,PRLVT SEPA SAS MOREAU,,,0,2694.43,2024-06-08
601100,CB MAIF,,,0,374.52,2025-08-31
445660,CB MAIF,,,0,74.90,2025-08-31
411005,VIREMENT RECU SCI ROUSSEL ELECTR,,,31856.00,0,2025-04-29
411002,VIR RECU SA GARNIER TRANSPORTS,,VIR SEPA NPY:SA GARNIER TRANSPORTS IBE:BE48861929000308 BIC:GEBABEBB PDO:BE<br />LIB:REGLEMENT CLIENT FAC2024543,9578.18,0,2024-04-01
621000,PRLV SEPA SAS DUPONT,,,0,6424.50,2024-10-10
445660,PRLV SEPA SAS DUPONT,,,0,1284.90,2024-10-10
706000,VIR RECU SA INDUSTRIE NORD,,,3100.00,0,2025-09-25
601100,CB MAIF,,CB MAIF FACT:FAC2024642<br />LIB:ACHAT FOURNITURES,0,1666.67,2025-03-02
445660,CB MAIF,,CB MAIF FACT:FAC2024642<br />LIB:ACHAT FOURNITURES,0,333.33,2025-03-02
261000,VIREMENT SEPA SARL ANDRE,,,0,32419.53,2024-05-25
601100,CB MAIF,REF823255,CB MAIF<br />LIB:ACHAT MARCHANDISES,0,2814.27,2025-08-02
445660,CB MAIF,REF823255,CB MAIF<br />LIB:ACHAT MARCHANDISES,0,562.85,2025-08-02
512000,VIR INTERNE,,,0,45697.16,2025-06-14
606100,PRELEVEMENT SEPA MACIF,,,0,607.01,2024-04-29
445660,PRELEVEMENT SEPA MACIF,,,0,121.40,2024-04-29
624000,CARTE EURL MERCIER,,,0,375.00,2025-09-16
445660,CARTE EURL MERCIER,,,0,75.00,2025-09-16
601100,CB MAF,REF315535,CB MAIF FACT:FAC2024109<br />LIB:ACHAT FOURNITURES,0,211.72,2025-02-06
445660,CB MAF,REF315535,CB MAIF FACT:FAC2024109<br />LIB:ACHAT FOURNITURES,0,42.34,2025-02-06
625100,PAIEMENT CB MAIF,,CB MAIF<br />LIB:DEPLACEMENT MISSION,0,166.94,2025-05-17
445660,PAIEMENT CB MAIF,,CB MAIF<br />LIB:DEPLACEMENT MISSION,0,33.39,2025-05-17
401005,PRELEVEMENT SEPA SCI GUERIN IMPR,REF447553,,0,5000.00,2025-06-03
606100,CARTE MACIF,,,0,416.67,2025-01-31
445660,CARTE MACIF,,,0,83.33,2025-01-31
421000,VIR SEPA SALAIRE JUIN,,,0,2284.76,2024-06-29
211000,VIREMENT SEPA SARL ANDRE,,,0,188828.10,2025-12-08
601100,PRELEVEMENT SEPA SA GROUPE LEGRA,,,0,3333.33,2025-08-26
445660,PRELEVEMENT SEPA SA GROUPE LEGRA,,,0,666.67,2025-08-26
613200,PRLVT SEPA SAS LAMBERT,,,0,1185.67,2024-04-04
445660,PRLVT SEPA SAS LAMBERT,,,0,237.13,2024-04-04
771000,VIR RECU EURL ARTISAN BOIS,,,2123.30,0,2024-10-28
627000,PRL SEPA SFR,,,0,67.00,2025-02-27
641000,VIR SEPA SALAIRE AVRIL,REF826061,,0,2093.58,2024-04-25
707000,VIREMENT RECU SAS TECHNOLOGY PLU,,,13861.27,0,2024-02-11
411001,VIR RECU SCI HENRY SECURITE,,,48000.00,0,2025-05-06
706000,VIR RECU SA GROUPE LEGRAND,REF708543,VIR SEPA NPY:SA GROUPE LEGRAND<br />LIB:HONORAIRES MAI,15000.00,0,2024-05-18
401004,PRLV SEPA SAS GARCIA INDUSTRIE,,,0,13150.00,2025-09-02
641000,VIR SEPA SALAIRE AOUT,,,0,2984.00,2024-08-29
213100,VIR SEPA SARL GAUTIER,,,0,23800.00,2025-05-16
706000,VIREMENT RECU SA INDUSTRIE NORD,,,3593.32,0,2024-12-16
641100,VIR SEPA SALAIRE MAI,REF683355,,0,3473.86,2025-05-27
661000,AGIOS BANCAIRES,,AGIOS BANCAIRES<br />LIB:AGIOS TRIMESTRIELS T3 2024,0,500.00,2024-08-27
511500,ENCAISSEMENT CB,,,1733.07,0,2024-05-29
627000,ENCAISSEMENT CB,,,0,17.33,2024-05-29
708000,VIR RECU SAS LOGISTIQUE PRO,,,1653.00,0,2025-10-29
661000,AGIOS BANCAIRES,REF759560,,0,270.00,2024-08-19
706000,VIR RECU SA INDUSTRIE NORD,,,10886.92,0,2025-06-05
602000,CB SA LEFEVRE,REF794098,,0,562.97,2024-05-09
445660,CB SA LEFEVRE,REF794098,,0,112.60,2024-05-09
641000,VIREMENT SEPA SALAIRE AVRIL,,VIR SEPA<br />LIB:REMUNERATION AVRIL,0,2825.79,2024-04-28
467000,VIR SAS LAURENT,REF370704,,0,1529.94,2024-07-03
618000,CB SAS MOREAU,,,0,32.02,2024-12-03
445660,CB SAS MOREAU,,,0,6.40,2024-12-03
401006,PRELEVEMENT SEPA SAS ROBIN SECUR,,,0,3465.35,2024-08-27
512000,VIR INTERNE,,,0,1000.00,2025-08-27
706000,VIR RECU SA INDUSTRIE NORD,,,10422.76,0,2025-10-21
641000,VIR SALAIRE JUILLET,,,0,3000.00,2025-07-28
758000,VIREMENT RECU SA GROUPE ALIMENTA,REF822948,VIR SEPA NPY:SA GROUPE ALIMENTAIRE<br />LIB:PRODUITS GESTION COURANTE,1161.59,0,2024-04-27
708000,VIR RECU SARL COMMERCE DU SUD,,,4466.86,0,2024-06-26
601100,PAIEMENT CB SARL AUTIER,REF857273,,0,2710.27,2025-03-29
445660,PAIEMENT CB SARL AUTIER,REF857273,,0,542.06,2025-03-29
631000,PRLV EPA DGFIP,REF220401,,0,1915.66,2024-04-28
791000,VIR RECU CPAM,REF626778,VIR SEPA NPY:CPAM<br />LIB:INDEMNITES JOURNALIERES AOUT,2846.32,0,2024-08-27
445510,VIR SEPA DGFIP TVA,,,0,2000.00,2024-10-18
641000,VIR SEPA SALAIRE DECEMBRE,,,0,2439.91,2025-12-25
621000,PRLV SEPAEURL BERNARD,,,0,849.19,2025-03-13
445660,PRLV SEPAEURL BERNARD,,,0,169.84,2025-03-13
213100,VIR SEPA SARL MARTIN,,,0,115501.61,2024-12-12
635000,PRLV SEPA DGFIP,,,0,4400.00,2024-08-27
403000,VIR SEPA SARL BONNET,,,0,24148.68,2025-10-29
411005,VREMENT RECU SCI ROUSSEL ELECTRI,,,19975.15,0,2024-01-27
626100,PRLVT SEPA SAS DUVAL,,,0,91.96,2024-06-29
445660,PRLVT SEPA SAS DUVAL,,,0,18.39,2024-06-29
411004,VIR RECU SA NOEL IMPRIMERIE,,VIR SEPA NPY:SA NOEL IMPRIMERIE IBE:FR8129201921818324290922311 BIC:SOGEFRPP PDO:FR<br />LIB:REGLEMENT CLIENT FAC2024350,10529.97,0,2025-11-30
401001,PRLV SEPA EURL GAUTHIER LOGISTIQ,,,0,2000.00,2025-03-20
641100,VIREMENT SEPA SALAIRE DECEMBRE,,,0,1500.00,2025-12-31
708000,VIR RECU SARL MODE TEXTILE,,,1320.54,0,2025-01-28
741000,VIREMENT RECU SUBVENTION,,,45664.98,0,2024-05-06
621000,PRLVT SEPA SARL BONNET,REF745594,,0,1567.55,2025-09-26
445660,PRLVT SEPA SARL BONNET,REF745594,,0,313.51,2025-09-26
411007,VIREMENT RECU SARL GARCIA DISTRI,,,25276.24,0,2024-04-27
626000,PRLV SEPA EURL BERNARD,,,0,161.25,2024-11-14
707000,VIR RECU SAS TECHNOLOGY PLUS,,,8276.89,0,2025-03-28
628000,PAIEMENT CB ENGIE,,,0,173.97,2025-12-14
601100,CARTE EDF,,CB EDF<br />LIB:ACHAT MARCHANDISES,0,3700.00,2024-12-07
445660,CARTE EDF,,CB EDF<br />LIB:ACHAT MARCHANDISES,0,740.00,2024-12-07
775000,VIREMENT RECU SAS ECO ENERGIE,,,18215.83,0,2024-01-08
614000,PRLVT SEPA SA GROUPE LEGRAND,,PRLV SEPA NBE:SA GROUPE LEGRAND<br />LIB:CHARGES LOCATIVES T4,0,922.03,2025-12-13
445660,PRLVT SEPA SA GROUPE LEGRAND,,PRLV SEPA NBE:SA GROUPE LEGRAND<br />LIB:CHARGES LOCATIVES T4,0,184.41,2025-12-13
641000,VIR SEPA SALAIRE AOUT,,,0,2373.47,2024-08-28
416000,VIR RECU SARL COMMERCE DU SUD,,,2141.29,0,2024-07-15
613200,PRLV SEPA EURL BERNARD,,,0,833.33,2025-10-01
445660,PRLV SEPA EURL BERNARD,,,0,166.67,2025-10-01
627000,PRLV SEPA BOUYGUES TELECOM,,,0,89.04,2025-01-24
708000,VIREMENT RECU SARL COMMERCE DU S,,,4315.61,0,2024-05-25
401002,PRLVT SEPA SARL FOURNIER BTP,,PRLV SEPA CPY:FR31087107 NBE:SARL FOURNIER BTP<br />LIB:FACTURE FAC2024692,0,647.73,2025-08-17
622000,VIR SEPA SA FOURNIER,REF782576,VIR SEPA NPY:SA FOURNIER<br />LIB:HONORAIRES COMPTABLES,0,416.67,2025-02-15
445660,VIR SEPA SA FOURNIER,REF782576,VIR SEPA NPY:SA FOURNIER<br />LIB:HONORAIRES COMPTABLES,0,83.33,2025-02-15
445710,VIR DGFIP TVA,,,0,17433.14,2025-10-20
615000,PRLVT SEPA SARL SIMON,,,0,2111.57,2025-02-09
445660,PRLVT SEPA SARL SIMON,,,0,422.31,2025-02-09
411005,VIREMENT RECU SCI ROUSSEL ELECTR,,VIR SEPA NPY:SCI ROUSSEL ELECTRICITE IBE:DE59148090265642462589 BIC:DEUTDEFF PDO:DE<br />LIB:REGLEMENT CLIENT FAC2025880,11828.53,0,2025-04-11
408000,FACTURE NON PARVENUE SAS MOREAU,,,0,3326.16,2025-04-27
641000,VIR SEPA SALAIRE MARS,,,0,2014.29,2024-03-30
658000,VIR SAS MOREAU,,,0,1462.93,2024-12-29
411002,VIREMENT RECU SA GARNIER TRANSPO,,,7402.61,0,2024-04-25
606100,PRELEVEMENT SEPA SAS MOREAU,,,0,627.76,2024-11-13
445660,PRELEVEMENT SEPA SAS MOREAU,,,0,125.55,2024-11-13
411001,VIR RECU SCI HENRY SECURITE,,,11055.03,0,2024-11-26
641000,VIREMENT SEPA SALAIRE MAI,,,0,4112.36,2025-05-31
635000,PRLV SEPA DGFIP,,,0,1335.22,2025-07-12
628000,PAIEMENT CB MACIF,,CB MACIF<br />LIB:SERVICES BANCAIRES DIVERS,0,170.00,2024-08-03
631000,PRELEVEMENT SEPA DGFIP,,,0,5000.00,2024-07-31
606300,CB SAS MOREAU,,CB SAS MOREAU<br />LIB:ACHAT MATERIEL,0,37.84,2025-12-15
445660,CB SAS MOREAU,,CB SAS MOREAU<br />LIB:ACHAT MATERIEL,0,7.57,2025-12-15
635000,PRLV SEPA DGFIP,,,0,2485.48,2025-01-04
681000,DOTATION AMORTISSEMENT,,,0,7620.74,2024-12-29
612000,PRLV SEPA SA PICARD,,,0,1796.41,2024-11-29
445660,PRLV SEPA SA PICARD,,,0,359.28,2024-11-29
411001,VIREMENT RECU SCI HENRY SECURITE,,,19790.00,0,2025-02-08
401004,VIR SEPA SAS GARCIA INDUSTRIE,,VIR SEPA REF:FR53756710 NPY:SAS GARCIA INDUSTRIE<br />LIB:ACOMPTE FOURNISSEUR,0,19000.00,2024-04-16
606100,CB SAS MOREAU,REF860997,,0,166.67,2024-02-04
445660,CB SAS MOREAU,REF860997,,0,33.33,2024-02-04
411001,VIR RECU SCI HENRY SECURITE,,VIR SEPA NPY:SCI HENRY SECURITE IBE:DE79571492966369656769 BIC:DEUTDEFF PDO:DE<br />LIB:REGLEMENT CLIENT FAC2024955,28845.84,0,2024-01-30
757000,VIR RECU SA GROUPE ALIMENTAIRE,,VIR SEPA NPY:SA GROUPE ALIMENTAIRE<br />LIB:CESSION VEHICULE,4390.27,0,2025-11-30
512000,REMISE CHEQUE,,REMISE CHQ N 429563,10938.45,0,2025-01-10
623000,PAIEMENT CB SAS DUPONT,,,0,435.27,2025-02-28
445660,PAIEMENT CB SAS DUPONT,,,0,87.05,2025-02-28
411003,VIR RECU SARL GIRARD BTP,,VIR SEPA NPY:SARL GIRARD BTP IBE:FR6565717087582511379734835 BIC:AGRIFRPP PDO:FR RCN:FAC2024764<br />LIB:REGLEMENT FACTURE FAC2024764,11400.00,0,2024-09-28
706000,VIR RECU SA GROUPE LEGRAND,,VIR SEPA NPY:SA GROUPE LEGRAND<br />LIB:HONORAIRES JANVIER,8731.07,0,2025-01-08
631000,PRLV SEPA DGFIP,REF681252,,0,2185.83,2024-05-28
704000,VIR RECU SA CHIMIE FRANCE,,VIR SEPA NPY:SA CHIMIE FRANCE<br />LIB:TRAVAUX FAC2024598,22000.00,0,2024-06-27
411008,VIR RECU SCI PETIT ELECTRICITE,,,16980.00,0,2024-12-18
411002,VIR RECU SA GARNIER TRANSPORTS,,,30488.68,0,2024-07-09
401003,VIR SEPA SARL GIRARD SECURITE,,,0,589.76,2025-11-10
708000,VIREMENT RECU SARL TRANSPORT EXP,,VIR SEPA NPY:SARL TRANSPORT EXPRESS<br />LIB:PRODUITS ACTIVITES ANNEXES,3689.60,0,2025-08-20
419000,VIREMENT RECU SAS DIGITAL SERVIC,,,17110.22,0,2024-10-05
601100,PRLV SEPA EDF,,,0,5522.37,2025-12-27
445660,PRLV SEPA EDF,,,0,1104.48,2025-12-27
707000,VIR RECU SAS DIGITAL SERVICES,,,2338.85,0,2024-06-29
401001,VIR SEPA EURL GAUTHIER LOGISTIQU,,,0,6830.87,2024-03-25
411003,VIR RECU SARL GIRARD BTP,,,22700.00,0,2025-05-16
658000,VIREMENT SEPA SAS LAURENT,,VIR SEPA NPY:SAS LAURENT<br />LIB:CHARGES GESTION COURANTE,0,550.00,2024-04-27
401008,VIR SEPA SAS BLANC SECURITE,,VIR SEPA REF:FR96899770 NPY:SAS BLANC SECURITE<br />LIB:ACOMPTE FOURNISSEUR,0,821.91,2024-03-27
641100,VIR SEPA SALAIRE MAI,,VIR SEPA<br />LIB:SALAIRE MAI 2024,0,2184.76,2024-05-30
611000,PRELEVEMENT SEPA SARL BONNET,,,0,4976.65,2024-02-29
445660,PRELEVEMENT SEPA SARL BONNET,,,0,995.33,2024-02-29
401001,PRELEVEMENT SEPA EURL GAUTHIER L,,,0,4850.00,2024-01-03
411003,VIREMENT RECU SARL GIRARD BTP,REF851281,VIR SEPA NPY:SARL GIRARD BTP IBE:FR6565717087582511379734835 BIC:AGRIFRPP PDO:FR<br />LIB:REGLEMENT CLIENT FAC2025251,18763.19,0,2024-01-25
401001,PRLV SEPA EURL GAUTHIER LOGISTIQ,,,0,4956.07,2024-06-17
758000,VIR RECU SARL MODE TEXTILE,,,1500.00,0,2024-09-30
613200,PRLV SEPA EURL MERCIER,,,0,3875.00,2025-11-02
445660,PRLV SEPA EURL MERCIER,,,0,775.00,2025-11-02
613200,PRLV SEPA SCI ROUX,,,0,1387.67,2024-12-04
445660,PRLV SEPA SCI ROUX,,,0,277.53,2024-12-04
401005,PRLV SEPA SCI GUERIN IMPRIMERIE,,,0,10205.53,2025-04-29
467000,VIR SEPA SAS FAURE,,,0,7425.86,2024-05-30
601100,CB MAIF,,,0,1469.12,2024-11-28
445660,CB MAIF,,,0,293.82,2024-11-28
627000,PRLV SEPA OVH SAS,,,0,322.81,2025-06-13
633000,PRLV SEPA DGFIP,,,0,5748.75,2024-11-23
401001,PRLV SEPA EURL GAUTHIER LOGISTIQ,,PRLV SEPA CPY:FR75303062 RUM:FR75303062 NBE:EURL GAUTHIER LOGISTIQUE<br />LIB:REGLEMENT FACTURE,0,8610.00,2025-09-03
403000,VIR SCI ROUX,,VIR SEPA NPY:SCI ROUX<br />LIB:EFFETS A PAYER,0,27241.47,2024-10-09
530000,RETRAIT CAISSE,,RETRAIT DAB<br />LIB:APPROVISIONNEMENT CAISSE,0,720.45,2024-09-27
624000,CB SAS LAURENT,,,0,17.77,2025-09-27
445660,CB SAS LAURENT,,,0,3.56,2025-09-27
467000,VIR SEPA SAS LAURENT,REF646031,VIR SEPA NPY:SAS LAURENT<br />LIB:COMPTE TRANSITOIRE,0,3417.14,2025-03-03
621000,PRELEVEMENT SEPA SARL BONNET,REF595502,PRLV SEPA NBE:SARL BONNET<br />LIB:PERSONNEL INTERIMAIRE,0,499.02,2024-08-30
445660,PRELEVEMENT SEPA SARL BONNET,REF595502,PRLV SEPA NBE:SARL BONNET<br />LIB:PERSONNEL INTERIMAIRE,0,99.81,2024-08-30
486000,CHARGE CONSTATEE AVANCE,,LIB:CHARGE CONSTATEE D AVANCE DECEMBRE 2024,0,7517.58,2024-12-27
641000,VIR SEPA SALAIRE MAI,,,0,2373.05,2025-05-30
668000,FRAIS FINANCIERS,,,0,100.00,2025-02-28
641000,VIREMENT SEPA SALAIRE JUIN,,,0,4754.26,2025-06-30
411004,VIR RECU SA NOEL IMPRIMERIE,,VIR SEPA NPY:SA NOEL IMPRIMERIE IBE:FR8129201921818324290922311 BIC:SOGEFRPP PDO:FR RCN:FAC2025194<br />LIB:REGLEMENT FACTURE FAC2025194,8100.00,0,2024-05-28
401009,PRLV SEPA EURL MERCIER IMMOBILIE,,,0,3817.93,2024-08-30
401001,VIR EURL GAUTHIER LOGISTIQUE,,,0,12050.00,2025-12-10
625100,PAIEMENT CB SARL GAUTIER,,,0,734.50,2024-05-20
445660,PAIEMENT CB SARL GAUTIER,,,0,146.90,2024-05-20
611000,PRLV SEPA SAS DUPONT,,,0,8736.96,2025-02-24
445660,PRLV SEPA SAS DUPONT,,,0,1747.39,2025-02-24
512000,VIR INTERNE,,VIR INTERNE REF:FR64145049<br />LIB:VIREMENT DE COMPTE A COMPTE,0,23116.40,2024-04-25
641100,VIR SEPA SALAIRE MAI,,,0,3000.00,2025-05-26
631000,PRLV SEPA DGFIP,,,0,2500.00,2024-03-26
626000,PRLV SEPA SAS FAURE,REF296919,,0,27.87,2025-10-03
626000,PRELEVEMENT SEPA LA POSTE,,PRLV SEPA NBE:LA POSTE<br />LIB:AFFRANCHISSEMENT,0,100.60,2024-09-13
613200,PRLV SEPA SAS DUVAL,,PRLV SEPA NBE:SAS DUVAL<br />LIB:LOYER DECEMBRE 2025,0,3833.33,2025-12-03
445660,PRLV SEPA SAS DUVAL,,PRLV SEPA NBE:SAS DUVAL<br />LIB:LOYER DECEMBRE 2025,0,766.67,2025-12-03
706000,VIR RCU SA GROUPE LEGRAND,,VIR SEPA NPY:SA GROUPE LEGRAND<br />LIB:HONORAIRES FEVRIER,6205.24,0,2025-02-27
641100,VIR SEPA SALAIRE NOVEMBRE,,,0,2500.00,2025-11-29
421000,VIR SEPA SALAIRE AOUT,REF434687,,0,4506.01,2025-08-27
512100,VIR INTERNE,,,0,2689.17,2024-05-30
401004,PRLV SEPA SAS GARCIA INDUSTRIE,,,0,3648.83,2025-09-18
708000,VIR RECU SARL MODE TEXTILE,,,1500.00,0,2025-05-25
635000,PRLV SEPA DGFIP,,,0,1690.85,2025-02-28
625100,CB ORANGE SA,,CB ORANGE SA<br />LIB:DEPLACEMENT MISSION,0,698.07,2024-11-15
445660,CB ORANGE SA,,CB ORANGE SA<br />LIB:DEPLACEMENT MISSION,0,139.61,2024-11-15
445710,VIR SEPA DGFIP TVA,,VIR SEPA NPY:DGFIP<br />LIB:TVA COLLECTEE T1,0,17139.21,2024-01-19
401002,PRLV SEPA SARL FOURNIER BTP,,,0,3295.88,2025-08-13
401002,VIR SEPA SARL FOURNIER BTP,,,0,13223.72,2025-10-30
421000,VIREMENT SEPA SALAIRE MAI,,,0,4533.81,2024-05-27
641100,VIR SEPA SALAIRE MARS,,,0,4372.57,2025-03-25
641000,VIREMENT SEPA SALAIRE MARS,REF429727,,0,4051.22,2024-03-30
411001,VIREMENT RECU SCI HENRY SECURITE,,,25100.00,0,2025-06-12
616000,PRLV SEPA AXA ASSURANCE,,,0,2110.00,2025-12-31
625100,CB EURL BERNARD,,,0,743.98,2025-12-18
445660,CB EURL BERNARD,,,0,148.80,2025-12-18
403000,VIR SCI ROUX,,VIR SEPA NPY:SCI ROUX<br />LIB:EFFETS A PAYER,0,8580.46,2024-08-26
641000,VIR SEPA SALAIRE MAI,,,0,4370.32,2024-05-31
627000,PRELEVEMENT SEPA OVH SAS,,,0,12.36,2025-05-30
708000,VIR RECU SARL TRANSPORT EXPRESS,,VIR SEPA NPY:SARL TRANSPORT EXPRESS<br />LIB:PRODUITS ACTIVITES ANNEXES,260.20,0,2024-02-13
275000,VIREMENT SEPA SA GROUPE LEGRAND,,,0,1383.51,2024-08-04
627000,PRELEVEMENT SEPA BOUYGUES TELECO,REF930174,,0,99.05,2025-03-24
437000,PRELEVEMENT SEPA POLE EMPLOI,,,0,6528.17,2024-07-09
401007,VIR SEPA SAS MASSON CONSEIL,,,0,2456.86,2025-04-30
707000,VIREMENT RECU SAS DIGITAL SERVIC,,,11268.28,0,2025-09-06
606100,CB SAS MOREAU,,,0,89.45,2024-02-29
445660,CB SAS MOREAU,,,0,17.89,2024-02-29
626000,PRELEVEMENT SEPA EURL BERNARD,,,0,26.55,2025-06-25
411003,VIREMENT RECU SARL GIRARD BTP,,,1471.80,0,2025-03-09
606100,PRLV SEPA SA FOURNIER,,,0,416.67,2024-03-12
445660,PRLV SEPA SA FOURNIER,,,0,83.33,2024-03-12
606100,PRLV SEPA SAS MOREAU,,PRLV SEPA NBE:SAS MOREAU<br />LIB:EAU ELECTRICITE,0,208.33,2025-08-26
445660,PRLV SEPA SAS MOREAU,,PRLV SEPA NBE:SAS MOREAU<br />LIB:EAU ELECTRICITE,0,41.67,2025-08-26
411001,VIR RECU SCI HENRY SECURITE,,,35860.00,0,2024-02-02
512000,VIR RECU SAS FAURE,,,26552.24,0,2024-03-30
530000,RETRAIT CAISSE,,,0,470.03,2025-07-30
641000,VIR SEPA SALAIRE OCTOBRE,,,0,1500.00,2025-10-27
205000,VIR SEPA SAS DUVAL,,,0,7900.62,2024-11-26
401003,VIR SEPA SARL GIRARD SECURITE,,,0,7408.78,2025-09-12
611000,PRLV SEPA EURL BERNARD,,,0,8267.76,2025-07-31
445660,PRLV SEPA EURL BERNARD,,,0,1653.55,2025-07-31
706000,VIR RECU SA GROUPE LEGRAND,,,10835.03,0,2025-10-30
512000,VIR RECU SAS MOREAU,,VIR SEPA NPY:SAS MOREAU<br />LIB:VIREMENT RECU,22000.00,0,2025-05-26
437000,PRLV SEPA POLE EMPLOI,,PRLV SEPA NBE:FRANCE TRAVAIL<br />LIB:COTISATIONS CHOMAGE T2,0,5398.80,2024-05-08
421000,VIREMENT SEPA SALAIRE MAI,,,0,2932.59,2025-05-28
631000,PRLVT SEPA DGFIP,,,0,949.80,2024-10-05
467000,VIEMENT SEPA SAS DUVAL,REF775503,,0,4706.57,2024-02-29
713000,VIR RECU SA BTP CONSTRUCTIONS,,,9474.90,0,2025-07-29
530000,RETRAIT CAISSE,,,0,735.92,2024-08-11
512100,VIR INTERNE,,VIR INTERNE REF:FR23089272<br />LIB:VIREMENT ENTRE COMPTES,0,71281.12,2025-10-31
706000,VIR RECU SA INDUSTRIE NORD,,,6083.87,0,2024-11-10
757000,VIR RECU SAS ECO ENERGIE,,,3772.98,0,2025-04-21
706000,VIR RECU SA GROUPE LEGRAND,,VIR SEPA NPY:SA GROUPE LEGRAND<br />LIB:PRESTATIONS SERVICES FAC2025985,13500.00,0,2025-02-28
512000,VIR INTERNE,,,0,44295.80,2024-04-30
626000,PRELEVEMENT SEPA LA POSTE,,PRLV SEPA NBE:LA POSTE<br />LIB:AFFRANCHISSEMENT,0,37.67,2024-04-06
467000,VIR SAS FAURE,REF285530,VIR SEPA NPY:SAS FAURE<br />LIB:COMPTE TRANSITOIRE,0,5366.24,2024-01-25
601100,PAIEMENT CB MAIF,,CB MAIF FACT:FAC2024287<br />LIB:ACHAT FOURNITURES,0,1392.58,2024-06-17
445660,PAIEMENT CB MAIF,,CB MAIF FACT:FAC2024287<br />LIB:ACHAT FOURNITURES,0,278.52,2024-06-17
411001,VIR RECU SCI HENRY SECURITE,,,35951.63,0,2025-07-25
411008,VIR RECU SCI PETIT ELECTRICITE,,,12459.76,0,2025-07-05
641000,VIR SEPA SALAIRE MAI,REF846490,,0,4082.50,2025-05-30
411004,VIREMENT RECU SA NOEL IMPRIMERIE,,VIR SEPA NPY:SA NOEL IMPRIMERIE IBE:FR8129201921818324290922311 BIC:SOGEFRPP PDO:FR<br />LIB:REGLEMENT CLIENT FAC2025674,13005.09,0,2024-10-30
512000,REMISE CHEQUE,,REMISE CHQ N 899665,13547.73,0,2025-05-19
616000,PRELEVEMENT SEPA AXA ASSURANCES,,PRLV SEPA NBE:AXA ASSURANCES<br />LIB:PRIME ASSURANCE,0,1948.45,2024-02-29
761000,VIR RECU INTERETS,REF967321,,287.77,0,2025-10-04
631000,PRLV SEPA DGFIP,,,0,4543.95,2024-12-28
635000,PRLV SEPA DGFIP,,,0,2700.00,2025-11-06
205000,VIR SEPA SARL ANDRE,,VIR SEPA NPY:SARL ANDRE<br />LIB:LOGICIEL FAC2025651,0,3874.32,2025-08-02
401002,PRLV SEPA SARL FOURNIER BTP,REF901125,,0,4382.24,2024-06-26
401001,VIR SEPA EURL GAUTHIER LOGISTIQU,,,0,10588.32,2024-12-29
707000,VIR RECU SAS DIGITAL SERVICES,,,638.04,0,2025-04-10
514000,REMISE CHEQUE,,REMISE CHQ N 314626,5373.72,0,2025-12-09
411003,VIR RECU SARL GIRARD BTP,,,667.02,0,2025-08-26
601100,CB SA FOURNIER,,,0,432.17,2025-08-22
445660,CB SA FOURNIER,,,0,86.43,2025-08-22
621000,PRELEVEMENT SEPA SARL MARTIN,,,0,3750.13,2024-06-13
445660,PRELEVEMENT SEPA SARL MARTIN,,,0,750.03,2024-06-13
626000,PRLV SEPA SAS GIRARD,,,0,247.68,2024-08-31
512000,VIR RECU SARL PETIT,,VIR SEPA NPY:SARL PETIT<br />LIB:VIREMENT RECU,3692.51,0,2024-12-26
401005,VIREMENT SEPA SCI GUERIN IMPRIME,,,0,23956.24,2025-04-30
512000,VIR INTERNE,,,0,45358.40,2025-01-09
626000,PRLV SEPA SAS LAURENT,,,0,256.04,2025-10-29
614000,PRLV SEPA SARL PETIT,,,0,329.75,2025-12-31
445660,PRLV SEPA SARL PETIT,,,0,65.95,2025-12-31
401001,VIREMENT SEPA EURL GAUTHIER LOGI,,,0,4938.89,2025-10-22
631000,PRLVT SEPA DGFIP,,,0,2644.25,2024-12-29
623000,CB BOUYGUES TELECOM,REF952223,,0,2833.33,2024-08-30
445660,CB BOUYGUES TELECOM,REF952223,,0,566.67,2024-08-30
606100,PRLV SEPA SAS MOREAU,,,0,134.13,2024-02-29
445660,PRLV SEPA SAS MOREAU,,,0,26.83,2024-02-29
622000,VIR SEPA SAS DUVAL,,,0,5250.00,2025-02-18
445660,VIR SEPA SAS DUVAL,,,0,1050.00,2025-02-18
701000,VIR RECU SARL COMMERCE DU SUD,,VIR SEPA NPY:SARL COMMERCE DU SUD<br />LIB:VENTE PRODUITS FINIS FAC2024279,893.97,0,2025-03-28
706000,VIR RECU SA INDUSTRIE ORD,,VIR SEPA NPY:SA INDUSTRIE NORD<br />LIB:PRESTATIONS SERVICES FAC2025202,10697.57,0,2024-04-29
401001,VIR SEPA EURL GAUTHIER LOGISTQUE,,,0,666.16,2025-10-28
775000,VIR RECU SA INDUSTRIE NORD,REF411184,,20805.95,0,2024-05-28
628000,CB SARL CONSULTANT RH,,CB SARL CONSULTANT RH<br />LIB:SERVICES BANCAIRES DIVERS,0,126.44,2025-03-19
411004,VIR RECU SA NOEL IMPRIMERIE,,VIR SEPA NPY:SA NOEL IMPRIMERIE IBE:FR8129201921818324290922311 BIC:SOGEFRPP PDO:FR<br />LIB:REGLEMENT CLIENT FAC2024286,16500.00,0,2025-02-28
601100,PRLVT SEPA EDF,,,0,2259.21,2024-09-30
445660,PRLVT SEPA EDF,,,0,451.84,2024-09-30
401001,PRELEVEMENT SEPA EURL GAUTHIER L,,PRLV SEPA CPY:FR55179540 RUM:FR55179540 NBE:EURL GAUTHIER LOGISTIQUE<br />LIB:REGLEMENT FACTURE,0,10003.93,2024-04-27
701000,VIR RECU SAS TECHNOLOGY PLUS,,,14380.05,0,2025-05-05
601100,PRLV SEPA EDF,,,0,2333.33,2025-11-29
445660,PRLV SEPA EDF,,,0,466.67,2025-11-29
445510,VIREMENT SEPA DGFIP TVA,,,0,1610.37,2025-01-19
411001,VIR RECU SCI HENRY SECURITE,,VIR SEPA NPY:SCI HENRY SECURITE IBE:DE79571492966369656769 BIC:DEUTDEFF PDO:DE<br />LIB:REGLEMENT CLIENT FAC2025562,4970.92,0,2024-03-26
612000,PRELEVEMENT SEPA SARL BONNET,,PRLV SEPA NBE:SARL BONNET<br />LIB:CREDIT-BAIL,0,3921.87,2024-11-26
445660,PRELEVEMENT SEPA SARL BONNET,,PRLV SEPA NBE:SARL BONNET<br />LIB:CREDIT-BAIL,0,784.37,2024-11-26
261000,VIR SEPA SARL PETIT,,VIR SEPA NPY:SARL PETIT<br />LIB:TITRES DE PARTICIPATION,0,43643.64,2024-04-28
613200,PRELEVEMENT SEPA EURL BERNARD,,PRLV SEPA NBE:EURL BERNARD<br />LIB:LOYER NOVEMBRE 2024,0,1422.95,2024-11-05
445660,PRELEVEMENT SEPA EURL BERNARD,,PRLV SEPA NBE:EURL BERNARD<br />LIB:LOYER NOVEMBRE 2024,0,284.59,2024-11-05
625100,CB EURL BERNARD,,,0,617.45,2025-08-29
445660,CB EURL BERNARD,,,0,123.49,2025-08-29
211000,VIR SEPA SARL MARTIN,,,0,145784.40,2024-03-22
512000,REMISE CHEQUE,,,10431.67,0,2025-06-25
401001,PRLVT SEPA EURL GAUTHIER LOGISTI,,,0,1308.45,2024-02-16
512000,FRAIS BANCAIRES,,,0,190.00,2024-11-28
625100,CARTE EURL BERNARD,,,0,30.42,2024-01-14
445660,CARTE EURL BERNARD,,,0,6.09,2024-01-14
645000,PRLV SEPA URSSAF,,PRLV SEPA NBE:URSSAF<br />LIB:COTISATIONS PATRONALES T2 2024,0,9369.18,2024-05-08
701000,VIR RECU SAS LOGISTIQUE PRO,,,10352.44,0,2025-04-02
708000,VIR RECU SARL COMMERCE DU SUD,REF123137,VIR SEPA NPY:SARL COMMERCE DU SUD<br />LIB:PRODUITS ACTIVITES ANNEXES,3676.11,0,2025-12-26
625100,CB SARL GAUTIER,,,0,1347.76,2025-03-25
445660,CB SARL GAUTIER,,,0,269.55,2025-03-25
635000,PRLV SEPA DGFIP,,,0,3177.80,2025-12-14
604000,CARTE GOOGLE CLOUD,REF660464,CB GOOGLE CLOUD<br />LIB:ACHAT ETUDES PRESTATIONS,0,1747.32,2024-10-14
445660,CARTE GOOGLE CLOUD,REF660464,CB GOOGLE CLOUD<br />LIB:ACHAT ETUDES PRESTATIONS,0,349.47,2024-10-14
403000,VIR SEPA SA GROUPE LEGRAND,,,0,8830.00,2024-03-30
641000,VIR SALAIRE JANVIER,,,0,2082.66,2025-01-26
211000,VIR SEPA SARL MARTIN,,VIR SEPA NPY:SARL MARTIN<br />LIB:TERRAIN,0,148029.63,2025-07-13
706000,VIR RECU SA GROUPE LEGRAND,,,8933.77,0,2024-06-30
641100,VIREMENT SEPA SALAIRE MARS,REF506522,VIR SEPA<br />LIB:CONGES PAYES MARS 2024,0,3820.59,2024-03-27
530000,RETRAIT CAISSE,,,0,905.82,2024-02-29
512100,VIR INTERNE,,VIR INTERNE REF:FR77115056<br />LIB:VIREMENT ENTRE COMPTES,0,49340.65,2025-12-12
621000,PRELEVEMENT SEPA SARL BONNET,,,0,7416.67,2024-06-30
445660,PRELEVEMENT SEPA SARL BONNET,,,0,1483.33,2024-06-30
641100,VIR SEPA SALAIRE SEPTEMBRE,,,0,3872.08,2025-09-25
626000,PRELEVEMENT SEPA EURL BERNARD,,PRLV SEPA NBE:EURL BERNARD<br />LIB:TELECOMMUNICATIONS,0,193.86,2024-03-27
621000,PRLV SEPA SARL BONNET,,,0,2330.52,2024-02-29
445660,PRLV SEPA SARL BONNET,,,0,466.11,2024-02-29
706000,VIREMENT RECU SA INDUSTRIE NORD,,VIR SEPA NPY:SA INDUSTRIE NORD<br />LIB:PRESTATIONS SERVICES FAC2024906,15155.16,0,2025-01-12
758000,VIREMENT RECU SARL TRANSPORT EXP,,,950.00,0,2024-12-28
411001,VIR RECU SCI HENRY SECURITE,,,2500.00,0,2025-12-16
437000,PRLV SEPA POLE EMPLOI,REF816561,PRLV SEPA NBE:FRANCE TRAVAIL<br />LIB:COTISATIONS CHOMAGE T1,0,5094.08,2025-03-08
401002,VIR SEPA SARL FOURNIER BTP,,,0,23200.00,2025-05-27
622000,VIREMENT SEPA SAS DUVAL,,,0,4060.70,2024-12-12
445660,VIREMENT SEPA SAS DUVAL,,,0,812.14,2024-12-12
791000,VIR RECU ALLIANZ,,,17889.78,0,2024-10-28
601100,PAIEMENT CB AXA ASSURANCES,,,0,1697.42,2024-11-30
445660,PAIEMENT CB AXA ASSURANCES,,,0,339.48,2024-11-30
631000,PRLV SEPA DGFIP,,,0,2299.82,2025-06-27
401001,VIR SEPA EURL GAUTHIER LOGISTIQU,,VIR SEPA REF:FR43526157 NPY:EURL GAUTHIER LOGISTIQUE<br />LIB:ACOMPTE FOURNISSEUR,0,17657.67,2024-02-28
615000,PRLV SEPA SAS DUPONT,,,0,1574.21,2025-12-31
445660,PRLV SEPA SAS DUPONT,,,0,314.84,2025-12-31
706000,VIREMENT RECU SA GROUPE LEGRAND,,VIR SEPA NPY:SA GROUPE LEGRAND<br />LIB:HONORAIRES FEVRIER,10500.00,0,2024-02-28
621000,PRLV SEPA SARL BONNET,,,0,6666.67,2024-12-18
445660,PRLV SEPA SARL BONNET,,,0,1333.33,2024-12-18
411007,VIREMENT RECU SARL GARCIA DISTRI,,,46000.00,0,2024-05-25
401001,PRLV SEPA EURL GAUTHIER LOGISTIQ,,PRLV SEPA CPY:FR84975152 RUM:FR84975152 NBE:EURL GAUTHIER LOGISTIQUE<br />LIB:REGLEMENT FACTURE,0,12981.58,2024-12-07
708000,VIR RECU SARL TRANSPORT EXPRESS,,,1980.21,0,2024-11-05
641000,VIR SEPA SALAIRE MARS,,,0,1981.08,2024-03-31
580000,VIR INTERNE,,,0,5220.00,2024-08-09
635000,PRLV SEPA DGFIP,,,0,277.87,2025-12-05
401003,VIR SEPA SARL GIRARD SECURITE,,,0,10289.94,2025-08-12
625200,CB SAS MOREAU,,,0,315.93,2024-07-21
445660,CB SAS MOREAU,,,0,63.19,2024-07-21
761000,VIR RECU INTERETS,,VIR SEPA<br />LIB:INTERET CREDITEUR T4 2024,700.00,0,2024-12-10
761000,VIR RECU INTERETS,,VIR SEPA<br />LIB:INTERET CREDITEUR T3 2024,964.50,0,2024-08-29
401008,PRLV SEPA SAS BLANC SECURITE,,,0,4684.05,2024-12-27
411001,VIR RECU SCI HENRY SECURITE,,,19908.93,0,2025-02-23
601100,CB MAIF,,CB MAIF<br />LIB:ACHAT MARCHANDISES,0,1250.00,2024-11-17
445660,CB MAIF,,CB MAIF<br />LIB:ACHAT MARCHANDISES,0,250.00,2024-11-17
758700,VIREMENT RECU AXA ASSURANCES,REF775707,,14779.45,0,2025-08-28
641000,VIREMENT SEPA SALAIRE DECEMBRE,,,0,4419.30,2025-12-28
637000,PRELEVEMENT SEPA DGFIP,,,0,3000.00,2025-04-27
401003,VIR SEPA SARL GIRARD SECURITE,,,0,19288.93,2024-06-03
707000,VIREMNT RECU SARL COMMERCE DU SU,,,10405.72,0,2025-02-11
606100,PRELEVEMENT SEPA SA FOURNIER,,,0,666.67,2024-04-06
445660,PRELEVEMENT SEPA SA FOURNIER,,,0,133.33,2024-04-06
403000,VIR SEPA SAS DUVAL,REF652654,,0,28869.93,2025-06-28
707000,VIR RECU SAS DIGITAL SERVICES,,,13700.00,0,2024-10-31
411002,VIREMENT RECU SA GARNIER TRANSPO,,,28950.49,0,2025-06-02
758000,VIR RECU SARL TRANSPORT EXPRESS,,VIR SEPA NPY:SARL TRANSPORT EXPRESS<br />LIB:PRODUITS GESTION COURANTE,2241.84,0,2024-06-16
611000,PRELEVEMENT SEPA SA FOURNIER,REF681499,,0,1077.21,2024-03-02
445660,PRELEVEMENT SEPA SA FOURNIER,REF681499,,0,215.44,2024-03-02
616000,PRLV SEPA AXA ASSURANCES,,PRLV SEPA NBE:AXA ASSURANCES<br />LIB:PRIME ASSURANCE,0,700.25,2025-06-25
601100,PRLV SEPA SARL ANDR,,PRLV SEPA NBE:SARL ANDRE<br />LIB:COMMANDE FAC2025656,0,4984.40,2025-02-03
445660,PRLV SEPA SARL ANDR,,PRLV SEPA NBE:SARL ANDRE<br />LIB:COMMANDE FAC2025656,0,996.88,2025-02-03
467000,VIR SEPA SAS DUVAL,REF828104,,0,4000.00,2025-08-12
661000,AGIOS BANCAIRES,,,0,400.00,2025-01-21
621000,PRLV SEPA EURL BERNARD,,PRLV SEPA NBE:EURL BERNARD<br />LIB:PERSONNEL INTERIMAIRE,0,5000.00,2025-02-02
445660,PRLV SEPA EURL BERNARD,,PRLV SEPA NBE:EURL BERNARD<br />LIB:PERSONNEL INTERIMAIRE,0,1000.00,2025-02-02
641000,VIR SEPA SALAIRE JUILLET,,,0,2700.00,2025-07-26
626000,PRLV SEPA SAS FAURE,REF853296,PRLV SEPA NBE:SAS FAURE<br />LIB:TELECOMMUNICATIONS,0,300.00,2024-09-22
419000,VIR RECU SA AERO COMPOSANTS,REF164387,,17483.83,0,2025-11-22
641000,VIR SEPA SALAIRE SEPTEMBRE,,,0,2692.50,2025-09-28
626000,PRELEVEMENT SEPA LA POSTE,,,0,147.58,2024-11-26
707000,VIREMENT RECU SAS DIGITAL SERVIC,,,738.54,0,2024-04-27
623000,CB ENGIE,,CB ENGIE<br />LIB:PUBLICITE ANNONCES,0,2671.63,2024-11-07
445660,CB ENGIE,,CB ENGIE<br />LIB:PUBLICITE ANNONCES,0,534.33,2024-11-07
411001,VIR RECU SCI HENRY SECURITE,,VIR SEPA NPY:SCI HENRY SECURITE IBE:DE79571492966369656769 BIC:DEUTDEFF PDO:DE<br />LIB:REGLEMENT CLIENT FAC2024602,10000.00,0,2024-04-29
601100,CARTE MAIF,REF212255,CB MAIF<br />LIB:ACHAT MARCHANDISES,0,1807.12,2024-04-28
445660,CARTE MAIF,REF212255,CB MAIF<br />LIB:ACHAT MARCHANDISES,0,361.43,2024-04-28
411008,VIR RECU SCI PETIT ELECTRICITE,,VIR SEPA NPY:SCI PETIT ELECTRICITE IBE:FR3379857962349216244198983 BIC:AGRIFRPP PDO:FR RCN:FAC2024649<br />LIB:REGLEMENT FACTURE FAC2024649,28474.39,0,2024-05-27
614000,PRELEVEMENT SEPA SARL PETIT,,PRLV SEPA NBE:SARL PETIT<br />LIB:CHARGES LOCATIVES T3,0,1520.22,2025-08-25
445660,PRELEVEMENT SEPA SARL PETIT,,PRLV SEPA NBE:SARL PETIT<br />LIB:CHARGES LOCATIVES T3,0,304.05,2025-08-25
641000,VIR SALAIRE MAI,,,0,4065.03,2025-05-31
411008,VIR RECU SCI PETIT ELECTRICITE,,,6000.00,0,2025-01-27
512000,REMISE CHEQUE,REF390863,,8851.76,0,2024-02-29
645000,PRLV SEPA URSSAF,,,0,3414.71,2024-03-11
641000,VIREMENT SEPA SALAIRE SEPTEMBRE,REF768357,,0,3900.00,2025-09-27
601100,PRELEVEMENT SEPA EDF,,,0,1925.33,2025-03-26
445660,PRELEVEMENT SEPA EDF,,,0,385.07,2025-03-26
635000,PRELEVEMENT SEPA DGFIP,,,0,1968.83,2024-08-31
641000,VIR SEPA SALAIRE MAI,,VIR SEPA<br />LIB:REMUNERATION MAI,0,2753.62,2024-05-30
601100,CB SA GROUPE LEGRAND,,CB SA GROUPE LEGRAND FACT:FAC2025028<br />LIB:ACHAT FOURNITURES,0,833.33,2025-12-03
445660,CB SA GROUPE LEGRAND,,CB SA GROUPE LEGRAND FACT:FAC2025028<br />LIB:ACHAT FOURNITURES,0,166.67,2025-12-03
635000,PRELEVEMENT SEPA DGFIP,,PRLV SEPA NBE:DGFIP<br />LIB:AUTRES IMPOTS 2024,0,3004.04,2024-11-09
626000,PRLV SEPA LA POSTE,REF274975,,0,113.33,2025-07-02
615000,PRLVT SEPA SAS DUPONT,,,0,1938.12,2025-12-26
445660,PRLVT SEPA SAS DUPONT,,,0,387.63,2025-12-26
411001,VIREMENT RECU SCI HENRY SECURITE,,,8359.26,0,2024-11-11
601100,PAIEMENT CB EDF,,CB EDF<br />LIB:ACHAT MARCHANDISES,0,3592.41,2025-04-11
445660,PAIEMENT CB EDF,,CB EDF<br />LIB:ACHAT MARCHANDISES,0,718.48,2025-04-11
530000,RETRAIT CAISSE,,,0,903.22,2025-09-25
401001,VIR SEPA EURL GAUTHIER LOGISTIQU,,VIR SEPA REF:FR18845964 NPY:EURL GAUTHIER LOGISTIQUE<br />LIB:COMMANDE FOURNITURES LCC:BON COMMANDE 789945,0,21540.16,2024-07-31
602000,CB SA LEFEVRE,,CB SA LEFEVRE<br />LIB:ACHAT MATIERES PREMIERES,0,1210.99,2024-11-21
445660,CB SA LEFEVRE,,CB SA LEFEVRE<br />LIB:ACHAT MATIERES PREMIERES,0,242.20,2024-11-21
681000,DOTATION AMORTISSEMENT,,LIB:DOTATION AMORTISSEMENT T4 2024,0,10230.52,2024-12-30
641000,VIR SEPA SALAIRE SEPTEMBRE,,,0,2030.59,2024-09-27
626000,PRELEVEMENT SEPA LA POSTE,,PRLV SEPA NBE:LA POSTE<br />LIB:AFFRANCHISSEMENT,0,168.43,2025-05-26
708000,VIR RECU SARL TRANSPORT EXPRESS,REF343938,,1970.18,0,2024-10-25
708000,VIREMENT RECU SARL TRANSPORT EXP,,,1230.94,0,2024-09-30
512100,IR INTERNE,,,0,51653.80,2024-09-14
646000,PRLV SEPA POLE EMPLOI,,,0,4401.02,2025-08-13
431000,PRELEVEMENT SEPA URSSAF,,,0,6140.00,2024-05-11
401002,VIR SEPA SARL FOURNIER BTP,,,0,1795.96,2024-01-25
615000,PRLV SEPA SAS GIRARD,,,0,1970.48,2025-07-31
445660,PRLV SEPA SAS GIRARD,,,0,394.10,2025-07-31
411006,VIR RECU SARL LEFEVRE CONSEIL,,,918.63,0,2025-10-25
404000,VIR SEPA SA PICARD,REF375868,,0,33750.00,2024-03-14
621000,PRLVT SEPA SARL MARTIN,REF885242,,0,1615.68,2024-03-13
445660,PRLVT SEPA SARL MARTIN,REF885242,,0,323.14,2024-03-13
411003,VIREMENT RECU SARL GIRARD BTP,REF120821,,1831.96,0,2025-10-28
512000,VIR INTERNE,,VIR INTERNE REF:FR15632397<br />LIB:VIREMENT DE COMPTE A COMPTE,0,41971.19,2025-06-30
261000,VIREMENT SEPA SARL ANDRE,,,0,33000.00,2024-08-18
401001,PRLV SEPA EURL GAUTHIER LOGISTIQ,,,0,80.00,2024-04-16
401003,VIR SEPA SAL GIRARD SECURITE,,VIR SEPA REF:FR88699247 NPY:SARL GIRARD SECURITE<br />LIB:COMMANDE FOURNITURES LCC:BON COMMANDE 990382,0,24338.71,2025-01-17
631000,PRLV SEPA DGFIP,,,0,3128.57,2025-11-18
626000,PRLV SEPA LA POSTE,,,0,150.00,2025-05-30
708000,VIR RECU SA GROUPE ALIMENTAIRE,,VIR SEPA NPY:SA GROUPE ALIMENTAIRE<br />LIB:PRODUITS ACTIVITES ANNEXES,445.67,0,2024-01-30
606100,PRLV SEPA SAS MOREAU,,,0,189.47,2025-01-25
445660,PRLV SEPA SAS MOREAU,,,0,37.89,2025-01-25
401001,VIR SEPA EURL GAUTHIER LOGISTIQU,,,0,13205.59,2024-05-17
211000,VIR SEPA SARL GAUTIER,REF920256,,0,54003.25,2024-11-01
431000,PRELEVEMENT SEPA URSSAF,,PRLV SEPA NBE:URSSAF<br />LIB:COTISATIONS NOVEMBRE,0,13626.06,2025-11-06
631000,PRLV SEPA DGFIP,,,0,4000.00,2025-03-14
612000,PRELEVEMENT SEPA SA PICARD,,,0,3445.55,2025-11-16
445660,PRELEVEMENT SEPA SA PICARD,,,0,689.11,2025-11-16
401001,VIREMENT SEPA EURL GAUTHIER LOGI,,,0,4359.60,2024-10-27
668000,FRAIS FINANCIERS,,,0,166.80,2025-09-09
761000,VIR RECU NTERETS,REF484913,,500.00,0,2025-10-02
645000,PRELEVEMENT SEPA URSSAF,,PRLV SEPA NBE:URSSAF<br />LIB:COTISATIONS PATRONALES T3 2025,0,7526.15,2025-07-12
416000,VIREMENT RECU SARL COMMERCE DU S,,,356.93,0,2025-09-13
614000,PRLV SEPA EURL BERNARD,,,0,782.67,2024-02-26
445660,PRLV SEPA EURL BERNARD,,,0,156.54,2024-02-26
431000,PRLV SEPA URSSAF,,,0,9868.57,2024-06-12
401002,PRLV SEPA SARL FOURNIER BTP,,,0,2682.16,2025-04-20
606100,PRLV SEPA MACIF,,,0,666.67,2024-07-24
445660,PRLV SEPA MACIF,,,0,133.33,2024-07-24
708000,VIR RECU SARL TRANSPORT EXPRSS,,VIR SEPA NPY:SARL TRANSPORT EXPRESS<br />LIB:PRODUITS ACTIVITES ANNEXES,4168.67,0,2025-04-27
616000,PRELEVEMENT SEPA ALLIANZ,,,0,4614.26,2024-07-28
701000,VIR RECU SAS TECHNOLOGY PLUS,,,18708.93,0,2024-10-29
791000,VIREMENT RECU CPAM,,,1164.40,0,2024-12-27
601100,CB MAIF,,,0,3750.00,2024-12-27
445660,CB MAIF,,,0,750.00,2024-12-27
164000,PRLVT SEPA ECHEANCE EMPRUNT,,PRLV SEPA<br />LIB:ECHEANCE EMPRUNT FR47211692,0,5875.02,2024-05-13
661100,PRLVT SEPA ECHEANCE EMPRUNT,,PRLV SEPA<br />LIB:ECHEANCE EMPRUNT FR47211692,0,1321.88,2024-05-13
616000,PRLVT SEPA ECHEANCE EMPRUNT,,PRLV SEPA<br />LIB:ECHEANCE EMPRUNT FR47211692,0,146.88,2024-05-13
580000,VIR INTERNE,REF500913,,0,8640.00,2025-07-29
706000,VIREMENT RECU EURL DESIGN STUDIO,,,4493.92,0,2025-02-03
626100,PRELEVEMENT SEPA SA FOURNIER,,PRLV SEPA NBE:SA FOURNIER<br />LIB:FRAIS TELEPHONIQUES,0,52.37,2025-12-01
445660,PRELEVEMENT SEPA SA FOURNIER,,PRLV SEPA NBE:SA FOURNIER<br />LIB:FRAIS TELEPHONIQUES,0,10.47,2025-12-01
401003,VIR SEPA SARL GIRARD SECURITE,,VIR SEPA REF:FR27273641 NPY:SARL GIRARD SECURITE<br />LIB:FACTURE FOURNISSEUR FAC2025139 LC2:ECHEANCE JUIN,0,1195.40,2025-06-25
401001,VIR EURL GAUTHIER LOGISTIQUE,,,0,11856.75,2024-11-06
635000,PRLVT SEPA DGFIP,,,0,462.83,2025-06-05
708000,VIREMENT RECU SARL TRANSPORT EXP,,VIR SEPA NPY:SARL TRANSPORT EXPRESS<br />LIB:PRODUITS ACTIVITES ANNEXES,4000.00,0,2024-05-11
512100,VIR INTERNE,,,0,41246.41,2025-11-25
512000,VIR INTERNE,,,0,41588.36,2024-05-04
631000,PRELEVEMENT SEPA DGFIP,,,0,3228.54,2024-10-26
758000,VIR RECU SA GROUPE ALIMENTAIRE,,,590.82,0,2025-10-09
771000,VIR RECU SAS AGENCE MEDIA,,VIR SEPA NPY:SAS AGENCE MEDIA<br />LIB:PRODUIT EXCEPTIONNEL,807.45,0,2025-07-28
701000,VIREMENT RECU SAS TECHNOLOGY PLU,REF728806,,1127.45,0,2025-08-23
627000,PRLVT SEPA ORANGE SA,,,0,90.07,2024-01-30
512000,VIR RECU SAS FAURE,,,15853.76,0,2024-12-19
486000,CHARGE CONSTATEE AVANCE,,LIB:CHARGE CONSTATEE D AVANCE DECEMBRE 2024,0,3698.50,2024-12-26
645100,PRLV SEPA MUTUELLE,,,0,1344.17,2025-03-20
606100,PRLV SEPA SA FOURNIER,,,0,131.67,2025-12-26
445660,PRLV SEPA SA FOURNIER,,,0,26.33,2025-12-26
613200,PRELEVEMENT SEPA SA LEFEVRE,,,0,3819.29,2025-07-04
445660,PRELEVEMENT SEPA SA LEFEVRE,,,0,763.86,2025-07-04
601100,CB EDF,,,0,1226.64,2024-10-25
445660,CB EDF,,,0,245.33,2024-10-25
625100,CB MAIF,,,0,108.52,2024-12-26
445660,CB MAIF,,,0,21.71,2024-12-26
635000,PRLVT SEPA DGFIP,,,0,3213.83,2024-03-31
631000,PRLV SEPA DGFIP,,PRLV SEPA NBE:DGFIP<br />LIB:FORMATION CONTINUE 2024,0,1430.53,2024-02-27
403000,VIR SEPA SCI ROUX,,VIR SEPA NPY:SCI ROUX<br />LIB:EFFETS A PAYER,0,9412.39,2024-02-29
641000,VR SEPA SALAIRE FEVRIER,,,0,2056.47,2025-02-26
512000,VIREMENT RECU SAS GIRARD,,,23450.00,0,2025-12-09
631000,PRLV SEPA DGFIP,,,0,4135.53,2025-05-15
401004,VIREMENT SEPA SAS GARCIA INDUSTR,,,0,22525.41,2024-04-30
401001,PRELEVEMENT SEPA EURL GAUTHIER L,,,0,4104.90,2025-08-15
530000,RETRAIT CAISSE,,RETRAIT DAB<br />LIB:APPROVISIONNEMENT CAISSE,0,872.19,2024-12-28
401005,PRELEVEMENT SEPA SCI GUERIN IMPR,,,0,4950.00,2025-06-30
612000,PRLV SEPA SCI ROUX,,,0,253.43,2025-01-03
445660,PRLV SEPA SCI ROUX,,,0,50.69,2025-01-03
707000,VIR RECU SAS DIGITAL SERVICES,,VIR SEPA NPY:SAS DIGITAL SERVICES<br />LIB:VENTE MARCHANDISES FAC2024245,17343.21,0,2024-07-19
275000,VIR SEPA SA LEFEVRE,,VIR SEPA NPY:SA LEFEVRE<br />LIB:DEPOT GARANTIE,0,8770.00,2025-04-05
649000,VIR RECU CPAM,,VIR SEPA NPY:CPAM<br />LIB:INDEMNITES JOURNALIERES FEVRIER,720.71,0,2025-02-27
706000,VIREMENT RECU EURL DESIGN STUDIO,,,1486.70,0,2024-06-25
758000,VIR RECU SA GROUPE ALIMENTAIRE,,,2371.66,0,2024-09-10
401002,PRLV SEPA SARL FOURNIER BTP,,,0,4950.96,2024-05-29
601100,CB SA GROUPE LEGRAND,,,0,2400.55,2025-02-25
445660,CB SA GROUPE LEGRAND,,,0,480.11,2025-02-25
641000,VIR SALAIRE MAI,,VIR SEPA<br />LIB:REMUNERATION MAI,0,3396.71,2025-05-28
213100,VIREMENT SEPA SARL GAUTIER,,,0,76504.27,2024-09-27
213100,VIR SEPA SARL PETIT,,VIR SEPA NPY:SARL PETIT<br />LIB:CONSTRUCTION,0,89750.00,2025-01-26
511500,ENCAISSEMENT CB,,,2609.88,0,2025-04-27
627000,ENCAISSEMENT CB,,,0,26.10,2025-04-27
211000,VIR SEPA SARL ANDRE,REF364818,VIR SEPA NPY:SARL ANDRE<br />LIB:TERRAIN,0,64730.45,2024-07-04
701000,VIR RECU SA INDUSTRIE NORD,,,1408.49,0,2025-07-28
408000,FACTURE NON PARVENUE SAS MOREAU,,,0,1480.49,2025-10-25
626000,PRELEVEMENT SEPA LA POSTE,,,0,145.19,2025-09-30
419000,VIR RECU EURL DESIGN STUDIO,REF791195,,4060.57,0,2025-07-02
601100,PRELEVEMENT SEPA EDF,,,0,701.53,2025-04-05
445660,PRELEVEMENT SEPA EDF,,,0,140.31,2025-04-05
411001,VIR RECU SCI HENRY SECURITE,,,19664.06,0,2025-05-15
661000,FRAIS BANCAIRES,,FRAIS BANCAIRES<br />LIB:COMMISSION BANCAIRE FEVRIER,0,132.37,2024-02-10
411003,VIR RECU SARL GIRARD TP,,,42290.76,0,2025-12-14
213100,VIR SARL MARTIN,REF869501,,0,94780.00,2024-09-29
771000,VIREMENT RECU SA GROUPE LEGRAND,REF487853,VIR SEPA NPY:SA GROUPE LEGRAND<br />LIB:PRODUIT EXCEPTIONNEL,1315.23,0,2025-08-30
275000,VIR SEPA SCI ROUX,,,0,3991.15,2024-11-14
411002,VIR ECU SA GARNIER TRANSPORTS,,,21924.14,0,2024-02-06
624000,CB CABINET EXPERTISE COMPTABLE,,,0,385.58,2025-12-27
445660,CB CABINET EXPERTISE COMPTABLE,,,0,77.12,2025-12-27
621000,PRELEVEMENT SEPA SARL BONNET,,PRLV SEPA NBE:SARL BONNET<br />LIB:PERSONNEL INTERIMAIRE,0,1812.74,2025-08-31
445660,PRELEVEMENT SEPA SARL BONNET,,PRLV SEPA NBE:SARL BONNET<br />LIB:PERSONNEL INTERIMAIRE,0,362.55,2025-08-31
604000,CARTE SARL CONSULTANT RH,,,0,4397.12,2024-01-09
445660,CARTE SARL CONSULTANT RH,,,0,879.43,2024-01-09
514000,REMISE CHEQUE,,,3688.87,0,2025-04-07
627000,PRLV SEPA SFR,REF857183,,0,49.75,2025-08-12
404000,VIR SARL ANDRE,REF343872,,0,18089.26,2025-08-04
641000,VIREMENT SEPA SALAIRE JANVIER,REF942942,,0,2823.88,2024-01-27
601100,CB SA GROUPE LEGRAND,,,0,1634.01,2025-04-14
445660,CB SA GROUPE LEGRAND,,,0,326.80,2025-04-14
511500,ENCAISSEMENT CB,,,2000.00,0,2024-10-23
627000,ENCAISSEMENT CB,,,0,20.00,2024-10-23
641000,VIR SEPA SALAIRE JUILLET,,,0,2669.10,2025-07-26
706000,VIR RECU SA INDUSTRIE NORD,,VIR SEPA NPY:SA INDUSTRIE NORD<br />LIB:HONORAIRES OCTOBRE,13432.64,0,2024-10-23
707000,VIR RECU SAS TECHNOLOGY PLUS,,,4500.00,0,2024-06-30
401003,PRELEVEMENT SEPA SARL GIRARD SEC,,,0,2251.81,2024-03-24
646000,PRELEVEMENT SEPA POLE EMPLOI,,,0,1764.62,2025-05-08
631000,PRLV SEPA DGFIP,,,0,2805.07,2025-07-09
641000,VIR SEPA SALAIRE NOVEMBRE,,,0,2348.70,2025-11-25
511500,ENCAISSEMENT CB,,REMISE CB DU 270725<br />LIB:ENCAISSEMENT CARTE,789.46,0,2025-07-27
627000,ENCAISSEMENT CB,,REMISE CB DU 270725<br />LIB:ENCAISSEMENT CARTE,0,7.89,2025-07-27
431000,PRELEVEMENT SEPA URSSAF,,,0,14000.00,2025-02-15
706000,VIR RECU SA GROUPE LEGRAND,,,19000.00,0,2024-10-18
411002,VIR RECU SA GARNIER TRANSPORTS,,VIR SEPA NPY:SA GARNIER TRANSPORTS IBE:BE48861929000308 BIC:GEBABEBB PDO:BE<br />LIB:REGLEMENT CLIENT FAC2025138,21432.72,0,2025-09-26
411001,VIR RECU SCI HENRY SECURITE,,,26732.33,0,2024-09-25
403000,VIR SEPA SARL BONNET,REF185985,,0,15429.77,2024-03-26
401009,PRLV SEPA EURL MERCIER IMMOBILIE,REF635176,,0,4084.68,2025-09-12
601100,CARTE SA GROUPE LEGRAND,REF251716,,0,480.08,2025-07-20
445660,CARTE SA GROUPE LEGRAND,REF251716,,0,96.02,2025-07-20
631000,PRLV SEPA DGFIP,,PRLV SEPA NBE:DGFIP<br />LIB:FORMATION CONTINUE 2025,0,389.82,2025-11-28
164000,PRELEVEMENT SEPA ECHEANCE EMPRUN,,,0,5790.19,2024-10-28
661100,PRELEVEMENT SEPA ECHEANCE EMPRUN,,,0,1302.79,2024-10-28
616000,PRELEVEMENT SEPA ECHEANCE EMPRUN,,,0,144.75,2024-10-28
512000,VIREMENT RECU SARL PETIT,,,10345.33,0,2025-05-23
626000,PRLV SEPA LA POSTE,,,0,130.91,2024-12-05
411003,VIR RECU SARL GIRARD BTP,,,2640.77,0,2024-05-27
645000,PRELEVEMENT SEP URSSAF,,,0,18209.06,2024-09-05
601100,PRLV SEPA EDF,,PRLV SEPA NBE:EDF<br />LIB:COMMANDE FAC2024461,0,6028.58,2025-11-13
445660,PRLV SEPA EDF,,PRLV SEPA NBE:EDF<br />LIB:COMMANDE FAC2024461,0,1205.72,2025-11-13
641000,VIR SEPA SALAIRE AVRIL,,VIR SEPA<br />LIB:SALAIRE AVRIL 2024,0,5000.00,2024-04-30
624000,CB MACIF,,,0,341.67,2024-10-30
445660,CB MACIF,,,0,68.33,2024-10-30
623000,CB SAS MOREAU,REF948876,,0,430.57,2024-12-16
445660,CB SAS MOREAU,REF948876,,0,86.11,2024-12-16
611000,PRLVT SEPA SAS MOREAU,,,0,2525.28,2025-09-02
445660,PRLVT SEPA SAS MOREAU,,,0,505.06,2025-09-02
708000,VIR RECU SARL COMMERCE DUSUD,,,2000.00,0,2025-11-29
706000,VIR RECU SA INDUSTRIE NORD,,,19265.18,0,2025-12-14
401006,PRLV SEPA SAS ROBIN SECURITE,REF929244,,0,5490.69,2024-08-09
626000,PRLV SEPA SAS GIRARD,,,0,108.52,2024-05-15
707000,VIR RECU SA CHIMIE FRANCE,,,13013.72,0,2025-08-01
641000,VIR SEPA SALAIRE FEVRIER,,,0,4015.58,2024-02-25
645100,PRELEVEMENT SEPA MUTUELLE,,,0,1763.87,2024-11-30
625200,CB SAS FAURE,,,0,320.68,2025-06-26
445660,CB SAS FAURE,,,0,64.14,2025-06-26
635000,PRELEVEMENT SEPA DGFIP,,PRLV SEPA NBE:DGFIP<br />LIB:AUTRES IMPOTS 2024,0,3044.33,2024-06-11
411002,VIR RECU SA GARNIER TRANSPORTS,,,33570.49,0,2025-12-30
445510,VIR SEPA DGFIP TVA,REF980435,,0,18157.16,2024-07-20
401003,VIR SEPA SARL GIRARD SECURITE,,,0,15406.72,2025-03-14
641000,VIR SEPA SALAIRE FEVRIER,,VIR SEPA<br />LIB:REMUNERATION FEVRIER,0,1800.00,2025-02-27
411006,VIR RECU SARL LEFEVRE CONSEIL,,VIR SEPA NPY:SARL LEFEVRE CONSEIL IBE:FR9254472416792007230350052 BIC:BNPAFRPP PDO:FR RCN:FAC2024662<br />LIB:REGLEMENT FACTURE FAC2024662,19000.00,0,2025-09-19
708000,VIR RECU SA AERO COMPOSANTS,,,325.73,0,2024-01-29
625100,CB MAIF,,CB MAIF<br />LIB:DEPLACEMENT MISSION,0,774.69,2024-07-08
445660,CB MAIF,,CB MAIF<br />LIB:DEPLACEMENT MISSION,0,154.94,2024-07-08
661000,FRAIS BANCAIRES,,,0,136.80,2025-04-27
625200,CARTE SARL GAUTIER,REF553190,,0,590.45,2025-04-19
445660,CARTE SARL GAUTIER,REF553190,,0,118.09,2025-04-19
611000,PRELEVEMENT SEPA SAS FAURE,,,0,852.00,2025-06-30
445660,PRELEVEMENT SEPA SAS FAURE,,,0,170.40,2025-06-30
401002,PRLV SEPA SARL FOURNIER BTP,,,0,5807.71,2024-12-28
606300,CB AXA ASSURANCES,,,0,151.82,2025-09-27
445660,CB AXA ASSURANCES,,,0,30.37,2025-09-27
614000,PRLV SEPA EURL BERNARD,REF229862,,0,549.86,2025-06-27
445660,PRLV SEPA EURL BERNARD,REF229862,,0,109.97,2025-06-27
411002,VIR RECU SA GARNIER TRANSPORTS,,VIR SEPA NPY:SA GARNIER TRANSPORTS IBE:BE48861929000308 BIC:GEBABEBB PDO:BE<br />LIB:REGLEMENT CLIENT FAC2024166,26534.91,0,2025-10-14
631000,PRLV SEPA DGFIP,,PRLV SEPA NBE:DGFIP<br />LIB:TAXE APPRENTISSAGE 2025,0,3557.50,2025-10-17
401004,VIREMENT SEPA SAS GARCIA INDUSTR,,,0,4000.00,2024-05-12
641000,VIR SALAIRE AOUT,,,0,3500.00,2025-08-26
613200,PRLVT SEPA SARL BONNET,,,0,1458.33,2025-10-02
445660,PRLVT SEPA SARL BONNET,,,0,291.67,2025-10-02
707000,VIR RECU SARL COMMERCE DU SUD,,VIR SEPA NPY:SARL COMMERCE DU SUD<br />LIB:VENTE MARCHANDISES FAC2025905,21040.47,0,2024-06-25
411002,VIREMENT RECU SA GARNIER TRANSPO,REF685310,,3574.09,0,2025-01-28
401002,VIREMENT SEPA SARL FOURNIER BTP,,,0,12810.22,2024-10-20
601100,PRLV SEPA EDF,REF119651,,0,2052.40,2024-04-06
445660,PRLV SEPA EDF,REF119651,,0,410.48,2024-04-06
467000,VIR SEPA SA GROUPE LEGRAND,,VIR SEPA NPY:SA GROUPE LEGRAND<br />LIB:COMPTE TRANSITOIRE,0,6376.49,2025-10-16
626000,PRLV SEPA LA POSTE,REF179185,PRLV SEPA NBE:LA POSTE<br />LIB:AFFRANCHISSEMENT,0,119.02,2025-05-24
781000,REPRISE AMORTISSEMENT,,,3101.76,0,2025-12-23
706000,VIR RECU SAS DIGITAL SERVICES,,VIR SEPA NPY:SAS DIGITAL SERVICES<br />LIB:HONORAIRES FEVRIER,13220.14,0,2024-02-23
641000,VIR SEPA SALAIRE MARS,,VIR SEPA<br />LIB:SALAIRE MARS 2025,0,3500.00,2025-03-27
627000,PRLV SEPA BOUYGUES TELECOM,,PRLV SEPA NBE:BOUYGUES TELECOM<br />LIB:ABONNEMENT INTERNET,0,52.01,2024-09-14
775000,VR RECU SAS DIGITAL SERVICES,,,18025.04,0,2024-04-12
631000,PRLV SEPA DGFIP,,PRLV SEPA NBE:DGFIP<br />LIB:TAXE APPRENTISSAGE 2024,0,3812.64,2024-04-28
411001,VIR RECU SCI HENRY SECURITE,,,37374.59,0,2024-01-28
411001,VIR RECU SCI HENRY SECURITE,,,17343.03,0,2025-11-30
401001,VIR SEPA EURL GAUTHIER LOGISTIQU,,VIR SEPA REF:FR99760367 NPY:EURL GAUTHIER LOGISTIQUE<br />LIB:FACTURE FOURNISSEUR FAC2024263 LC2:ECHEANCE MARS,0,4500.00,2024-03-03
512000,VIR RECU SAS MOREAU,,,26232.05,0,2025-04-11
401002,PRLV SEPA SARL FOURNIER BTP,,,0,7902.51,2024-07-29
408000,FACTURE NON PARVENUE SAS FAURE,,,0,2479.66,2025-05-30
403000,VIR SEPA SARL BONNET,,,0,29605.93,2025-07-25
602000,CB SA LEFEVRE,,CB SA LEFEVRE<br />LIB:ACHAT MATIERES PREMIERES,0,3062.35,2025-08-06
445660,CB SA LEFEVRE,,CB SA LEFEVRE<br />LIB:ACHAT MATIERES PREMIERES,0,612.47,2025-08-06
707000,VIREMENT RECU SAS DIGITAL SERVIC,,,16100.00,0,2025-06-27
625200,CB FREE MOBILE,,,0,399.87,2024-02-25
445660,CB FREE MOBILE,,,0,79.98,2024-02-25
401005,PRLV SEPA SCI GUERIN IMPRIMERIE,REF372974,,0,4339.84,2025-10-25
641000,VIR SEPA SALAIRE AOUT,REF633618,,0,1300.00,2024-08-30
613200,PRLV SEPA EURL BERNARD,,,0,3261.47,2025-07-05
445660,PRLV SEPA EURL BERNARD,,,0,652.30,2025-07-05
604000,CARTE ALLIANZ,,,0,1581.24,2025-04-28
445660,CARTE ALLIANZ,,,0,316.25,2025-04-28
706000,VIR RECU SA GROUPE LEGRAND,,,1450.00,0,2025-08-11
401001,PRLV SEPA EURL GAUTHIER LOGISTIQ,,PRLV SEPA CPY:FR34878566 RUM:FR34878566 NBE:EURL GAUTHIER LOGISTIQUE<br />LIB:REGLEMENT FACTURE,0,189.58,2024-05-29
445710,VIR RECU DGFIP,REF294115,VIR SEPA NPY:DGFIP<br />LIB:REMBOURSEMENT TVA T4 2024,19086.16,0,2024-10-18
218000,CB SAS DUPONT,REF237055,,0,2040.39,2024-09-27
445620,CB SAS DUPONT,REF237055,,0,408.08,2024-09-27
641000,VIR SEPA SALAIRE JUIN,REF586554,,0,2677.04,2024-06-29
741000,VIR RECU SUBVENTION,,,9025.48,0,2024-02-29
445710,VIR SEPA DGFIP TVA,,,0,16892.08,2024-07-20
411001,VIR RECU SCI HENRY SECURITE,,,19492.70,0,2024-12-07
708000,VIREMENT RECU SARL MODE TEXTILE,,VIR SEPA NPY:SARL MODE TEXTILE<br />LIB:PRODUITS ACTIVITES ANNEXES,2402.82,0,2024-10-20
411002,VIR RECU SA GARNIER TRANSPORTS,,,9000.00,0,2024-02-02
613200,PRLV SEPA SARL BONNET,,PRLV SEPA NBE:SARL BONNET<br />LIB:LOYER NOVEMBRE 2025,0,1755.12,2025-11-02
445660,PRLV SEPA SARL BONNET,,PRLV SEPA NBE:SARL BONNET<br />LIB:LOYER NOVEMBRE 2025,0,351.03,2025-11-02
411002,VIREMENT RECU SA GARNIER TRANSPO,REF418250,,28600.00,0,2025-11-13
641000,VIR SEPA SALAIRE AOUT,REF459462,,0,2644.64,2024-08-28
625200,CB MICROSOFT,,CB MICROSOFT<br />LIB:FRAIS HEBERGEMENT,0,201.62,2024-01-05
445660,CB MICROSOFT,,CB MICROSOFT<br />LIB:FRAIS HEBERGEMENT,0,40.32,2024-01-05
701000,VIREMENT RECU SAS AGENCE MEDIA,,,23849.21,0,2024-08-27
621000,PRELEVEMENT SEPA SAS DUPONT,,,0,6480.02,2024-01-18
445660,PRELEVEMENT SEPA SAS DUPONT,,,0,1296.01,2024-01-18
421000,VIR SEPA SALAIRE SEPTEMBRE,,VIR SEPA<br />LIB:SALAIRE SEPTEMBRE 2024,0,4425.48,2024-09-25
411001,VIREMENT RECU SCI HENRY SECURITE,,,12756.46,0,2024-07-29
704000,VIR RECU SAS CONSEIL RH,,,693.06,0,2024-05-08
641100,VIREMENT SEPA SALAIRE NOVEMBRE,,VIR SEPA<br />LIB:CONGES PAYES NOVEMBRE 2024,0,1942.38,2024-11-26
631000,PRLV SEPA DGFIP,,,0,2000.00,2024-08-28
261000,VIR SARL BONNET,,,0,54550.00,2024-07-14
601100,PRLV SEPA MAIF,,,0,3119.02,2024-12-04
445660,PRLV SEPA MAIF,,,0,623.81,2024-12-04
621000,PRELEVEMENT SEPA SARL BONNET,,PRLV SEPA NBE:SARL BONNET<br />LIB:PERSONNEL INTERIMAIRE,0,4371.92,2025-04-03
445660,PRELEVEMENT SEPA SARL BONNET,,PRLV SEPA NBE:SARL BONNET<br />LIB:PERSONNEL INTERIMAIRE,0,874.39,2025-04-03
401003,VIR SEPA SARL GIRARD SECURITE,,VIR SEPA REF:FR13519980 NPY:SARL GIRARD SECURITE<br />LIB:ACOMPTE FOURNISSEUR,0,2682.02,2025-06-27
213100,VIREMENT SEPA SARL MARTIN,,,0,141908.99,2025-04-28
401002,VIREMENT SEPA SARL FOURNIER BTP,,,0,2000.00,2025-09-26
781000,REPRISE AMORTISSEMENT,,,1551.86,0,2024-12-22
404000,VIREMENT SEPA SA FOURNIER,,,0,24539.19,2025-06-19
641100,VIR SEPA SALAIRE JUILLET,,,0,3147.57,2024-07-27
604000,PAIEMENT CB GOOGLE CLOUD,,,0,4530.65,2025-08-29
445660,PAIEMENT CB GOOGLE CLOUD,,,0,906.13,2025-08-29
205000,VIR SEPA SA LEFEVRE,,VIR SEPA NPY:SA LEFEVRE<br />LIB:LOGICIEL FAC2025371,0,22870.24,2024-09-28
411006,VIR RECU SARL LEFEVRE CONSEIL,,VIR SEPA NPY:SARL LEFEVRE CONSEIL IBE:FR9254472416792007230350052 BIC:BNPAFRPP PDO:FR<br />LIB:REGLEMENT CLIENT FAC2024515,27271.34,0,2024-08-14
401001,PRLV SEPA EURL GAUTHIER LOGISTIQ,,,0,99.24,2024-03-28
411001,VIR RECU SCI HENRY SECURITE,,,35800.00,0,2025-04-27
601100,PRLV SEPA MAIF,,,0,1000.00,2025-07-17
445660,PRLV SEPA MAIF,,,0,200.00,2025-07-17
623000,PAIEMENT CB MAF,REF145830,CB MAIF<br />LIB:PUBLICITE ANNONCES,0,1226.25,2025-11-26
445660,PAIEMENT CB MAF,REF145830,CB MAIF<br />LIB:PUBLICITE ANNONCES,0,245.25,2025-11-26
641100,VIR SALAIRE JUILLET,REF723520,,0,2015.60,2025-07-25
411002,VIR RECU SA GARNIER TRANSPORTS,,,39670.34,0,2024-04-08
704000,VIR RECU SAS ECO ENERGIE,,VIR SEPA NPY:SAS ECO ENERGIE<br />LIB:TRAVAUX FAC2025281,15565.20,0,2025-09-27
530000,RETRAIT CAISSE,,,0,507.03,2024-03-31
411001,VIR RECU SCI HENRY SECURITE,,,46350.00,0,2024-07-30
401008,VIR SEPA SAS BLANC SECURITE,,,0,23632.06,2025-12-28
626000,PRELEVEMENT SEPA SAS FAURE,,,0,203.32,2024-08-27
401001,VIR SEPA EURL GAUTHIER LOGISTIQU,,VIR SEPA REF:FR48490027 NPY:EURL GAUTHIER LOGISTIQUE<br />LIB:FACTURE FOURNISSEUR FAC2024598 LC2:ECHEANCE DECEMBRE,0,187.25,2025-12-29
706000,VIR RECU SA INDUSTRIE NORD,,VIR SEPA NPY:SA INDUSTRIE NORD<br />LIB:PRESTATIONS SERVICES FAC2025102,14295.01,0,2024-01-26
512000,FRAIS BANCAIRES,,,0,174.63,2024-08-19
411003,VIR RECU SARL GIRARD BTP,REF823355,,16360.95,0,2024-11-27
661000,INTERETS EMPRUNT,REF863582,INTERETS<br />LIB:INTERET DEBITEUR FEVRIER 2024,0,1599.93,2024-02-11
658000,VIR SEPA SAS LAURENT,,VIR SEPA NPY:SAS LAURENT<br />LIB:CHARGES GESTION COURANTE,0,744.32,2025-01-29
604000,CB GOOGLE CLOUD,,,0,931.67,2024-09-22
445660,CB GOOGLE CLOUD,,,0,186.33,2024-09-22
661000,INTERETS EMPRUNT,,,0,978.58,2024-09-27
404000,VIR SA FOURNIER,REF383756,,0,17001.58,2025-03-25
613200,PRLV SEPA EURL MERCIER,,,0,1221.15,2025-04-05
445660,PRLV SEPA EURL MERCIER,,,0,244.23,2025-04-05
601100,CB MAIF,,,0,1598.30,2024-08-09
445660,CB MAIF,,,0,319.66,2024-08-09
708000,VIR RECU SARL COMMERCE DU SUD,,,1264.76,0,2025-11-28
708000,VIR RECU SARL MODE TEXTILE,,,4653.74,0,2025-12-16
791000,VIR ECU CPAM,,,1440.89,0,2024-08-19
708000,VIREMENT RECU SARL TRANSPORT EXP,REF631777,,485.97,0,2024-08-26
621000,PRLVT SEPA SAS LAURENT,,PRLV SEPA NBE:SAS LAURENT<br />LIB:PERSONNEL INTERIMAIRE,0,5982.12,2024-09-19
445660,PRLVT SEPA SAS LAURENT,,PRLV SEPA NBE:SAS LAURENT<br />LIB:PERSONNEL INTERIMAIRE,0,1196.42,2024-09-19
621000,PRLV SEPA SAS DUPONT,,PRLV SEPA NBE:SAS DUPONT<br />LIB:PERSONNEL INTERIMAIRE,0,7416.67,2024-05-01
445660,PRLV SEPA SAS DUPONT,,PRLV SEPA NBE:SAS DUPONT<br />LIB:PERSONNEL INTERIMAIRE,0,1483.33,2024-05-01
164000,PRLV SEPA ECHEANCEEMPRUNT,,,0,2354.00,2025-01-05
661100,PRLV SEPA ECHEANCEEMPRUNT,,,0,529.65,2025-01-05
616000,PRLV SEPA ECHEANCEEMPRUNT,,,0,58.85,2025-01-05
401002,PRLVT SEPA SARL FOURNIER BTP,,,0,3000.00,2025-08-01
512000,VIR INTERNE,,VIR INTERNE REF:FR38213232<br />LIB:VIREMENT DE COMPTE A COMPTE,0,32340.00,2024-07-01
626100,PRELEVEMENT SEPA SA FOURNIER,,,0,96.65,2024-11-26
445660,PRELEVEMENT SEPA SA FOURNIER,,,0,19.33,2024-11-26
164000,PRLV SEPA ECHEANCE EMPRUNT,,,0,7000.00,2025-02-13
661100,PRLV SEPA ECHEANCE EMPRUNT,,,0,1575.00,2025-02-13
616000,PRLV SEPA ECHEANCE EMPRUNT,,,0,175.00,2025-02-13
707000,VIR RECU SA CHIMIE FRANCE,,,19724.42,0,2025-07-09
621000,PRLV SEPA EURL BERNARD,,PRLV SEPA NBE:EURL BERNARD<br />LIB:PERSONNEL INTERIMAIRE,0,3067.01,2025-11-20
445660,PRLV SEPA EURL BERNARD,,PRLV SEPA NBE:EURL BERNARD<br />LIB:PERSONNEL INTERIMAIRE,0,613.40,2025-11-20
641000,VIR SEPA SALAIRE JUIN,,VIR SEPA<br />LIB:SALAIRE JUIN 2025,0,4549.35,2025-06-30
411002,VIR RECU SA GARNIER TRANSPORTS,,VIR SEPA NPY:SA GARNIER TRANSPORTS IBE:BE48861929000308 BIC:GEBABEBB PDO:BE<br />LIB:REGLEMENT CLIENT FAC2025513,19856.55,0,2024-11-25
626000,PRLV SEPA LA POSTE,,,0,151.81,2024-07-14
757000,VIR RECU SA PHARMA SANTE,,,2811.83,0,2025-05-30
401003,PRLV SEPA SARL GIRARD SECURITE,,,0,4611.25,2025-01-12
401001,VIR EURL GAUTHIER LOGISTIQUE,REF504130,,0,8256.67,2025-05-30
401008,VIR SAS BLANC SECURITE,,,0,4499.06,2024-05-30
641000,VIR SEPA SALAIRE NOVEMBRE,,VIR SEPA<br />LIB:SALAIRE NOVEMBRE 2024,0,5000.00,2024-11-29
604000,CB ALLIANZ,,,0,6578.69,2024-07-28
445660,CB ALLIANZ,,,0,1315.74,2024-07-28
707000,VIR RECU SA CHIMIE FRANCE,,,13771.42,0,2025-06-27
661000,AGIOS BANCAIRES,,AGIOS BANCAIRES<br />LIB:AGIOS TRIMESTRIELS T1 2025,0,431.54,2025-02-28
514000,REMIS CHEQUE,,,8467.74,0,2024-11-09
635000,PRLVT SEPA DGFIP,,,0,3351.13,2024-01-15
708000,VIR RECU SAS CONSEIL RH,,,2154.98,0,2024-12-28
658000,VIR SEPA EURL BERNARD,,,0,1948.16,2024-10-10
613200,PRLV SEPA SARL ANDRE,,PRLV SEPA NBE:SARL ANDRE<br />LIB:LOYER MAI 2025,0,4083.33,2025-05-04
445660,PRLV SEPA SARL ANDRE,,PRLV SEPA NBE:SARL ANDRE<br />LIB:LOYER MAI 2025,0,816.67,2025-05-04
708000,VIREMENT RECU SARL COMMERCE DU S,,,4621.72,0,2024-01-22
401001,PRLV SEPA EURL GAUTHIER LOGISTIQ,,PRLV SEPA CPY:FR30513743 RUM:FR30513743 NBE:EURL GAUTHIER LOGISTIQUE<br />LIB:REGLEMENT FACTURE,0,14400.00,2025-12-11
512000,VIR INTERNE,,,0,38800.00,2024-11-11
758700,VIR RECU AXA ASSURANCES,,,514.75,0,2025-11-18
411001,VIR RECU SCI HENY SECURITE,,,17833.27,0,2025-06-04
512000,FRAIS BANCAIRES,,FRAIS BANCAIRES<br />LIB:FRAIS DE GESTION DECEMBRE,0,113.42,2025-12-10
401003,PRELEVEMENT SEPA SARL GIRARD SEC,REF337718,,0,1701.15,2024-08-05
530000,RETRAIT CAISSE,,RETRAIT DAB<br />LIB:APPROVISIONNEMENT CAISSE,0,491.25,2025-04-13
613200,PRLV SEPA EURL BERNARD,,,0,1666.67,2024-07-05
445660,PRLV SEPA EURL BERNARD,,,0,333.33,2024-07-05
641000,VIR SEPA SALAIRE NOVEMBRE,REF936039,,0,3025.05,2025-11-29
401009,VIR SEPA EURL MERCIER IMMOBILIER,,,0,19840.00,2024-04-26
706000,VIREMENT RECU SA GROUPE LEGRAND,,,14870.34,0,2024-12-27
512000,REMISE CHEQUE,,,7386.28,0,2025-02-28
411001,VIREMENT RECU SCI HENRY SECURITE,,,3168.99,0,2025-11-26
275000,VIR SEPA SARL ANDRE,,,0,3663.90,2024-07-19
641000,VIREMENT SEPA SALAIRE MAI,,,0,3643.55,2025-05-31
445510,VIR SEPA DGFIP TVA,,VIR SEPA NPY:DGFIP<br />LIB:TVA A DECAISSER T1 2024,0,5000.00,2024-01-19
601100,PRELEVEMENT SEPA MAIF,,PRLV SEPA NBE:MAIF<br />LIB:COMMANDE FAC2025626,0,6568.09,2025-04-25
445660,PRELEVEMENT SEPA MAIF,,PRLV SEPA NBE:MAIF<br />LIB:COMMANDE FAC2025626,0,1313.62,2025-04-25
530000,RETRAIT CAISSE,,,0,670.94,2025-01-20
635000,PRLV SEPA DGFIP,,,0,3624.07,2025-07-24
635000,PRLV SEPA DGFIP,,PRLV SEPA NBE:DGFIP<br />LIB:AUTRES IMPOTS 2024,0,1073.28,2024-11-13
628000,CB SARL CONSULTANT RH,REF708295,CB SARL CONSULTANT RH<br />LIB:SERVICES BANCAIRES DIVERS,0,116.00,2024-11-26
401001,VIR SEPA EURL GAUTHIER LOGISTIQU,,,0,6089.92,2024-07-31
512000,FRAIS BANCAIRES,,,0,200.00,2025-05-25
628000,PAIEMENT CB MACIF,,,0,90.00,2025-11-12
627000,PRLV SEPA SFR,,,0,80.00,2025-05-28
707000,VIREMENT RECU SAS DIGITAL SERVIC,,,18801.64,0,2025-01-04
661000,AGIOS BANCAIRES,,,0,500.00,2024-01-27
511500,ENCAISSEMENT CB,,REMISE CB DU 211025<br />LIB:ENCAISSEMENT CARTE,1000.00,0,2025-10-21
627000,ENCAISSEMENT CB,,REMISE CB DU 211025<br />LIB:ENCAISSEMENT CARTE,0,10.00,2025-10-21
623000,CB SAS DUPONT,,,0,4096.63,2024-07-31
445660,CB SAS DUPONT,,,0,819.33,2024-07-31
628000,CB SARL CONSULTANT RH,,CB SARL CONSULTANT RH<br />LIB:SERVICES BANCAIRES DIVERS,0,20.96,2025-11-10
626100,PRLV SEPA SA GROUPE LEGRAND,,,0,54.86,2025-02-28
445660,PRLV SEPA SA GROUPE LEGRAND,,,0,10.97,2025-02-28
613200,PRLV SEPA SARL BONNET,REF996593,,0,3750.00,2025-12-01
445660,PRLV SEPA SARL BONNET,REF996593,,0,750.00,2025-12-01
621000,PRLV SEPA SAS DUPONT,,,0,4129.62,2024-09-25
445660,PRLV SEPA SAS DUPONT,,,0,825.92,2024-09-25
626000,PRLVT SEPA EURL BERNARD,,,0,196.50,2024-07-02
514000,REMISE CHEQUE,,,2331.06,0,2025-03-26
791000,VIR RECU AXA ASSURANCES,REF518801,,18070.00,0,2024-01-29
164000,PRELEVEMENT SEPA ECHEANCE EMPRUN,,,0,1654.72,2025-08-30
661100,PRELEVEMENT SEPA ECHEANCE EMPRUN,,,0,372.31,2025-08-30
616000,PRELEVEMENT SEPA ECHEANCE EMPRUN,,,0,41.37,2025-08-30
411001,VIR RECU SCI HENRY SECURITE,,VIR SEPA NPY:SCI HENRY SECURITE IBE:DE79571492966369656769 BIC:DEUTDEFF PDO:DE<br />LIB:REGLEMENT CLIENT FAC2025756,2188.01,0,2024-02-25
708000,VIREMENT RECU SAS TECHNOLOGY PLU,REF862222,,4524.89,0,2025-07-26
421000,VIR SEPA SALAIRE JUIN,,,0,4634.51,2025-06-27
530000,RETRAIT CAISSE,,,0,584.26,2025-03-22
616000,PRLV SEPA ALLIANZ,,,0,3345.53,2024-02-26
601100,CB MAIF,,,0,3345.27,2025-08-14
445660,CB MAIF,,,0,669.06,2025-08-14
411008,VIR RECU SCI PETIT ELECTRICITE,,,35000.00,0,2025-12-27
618000,CB SCI ROUX,,,0,381.50,2024-04-04
445660,CB SCI ROUX,,,0,76.30,2024-04-04
411008,VIREMENT RECU SCI PETIT ELETRICI,REF407649,,22156.03,0,2025-04-25
707000,VIR RECU SAS DIGITAL SERVICES,,,8920.00,0,2024-03-14
707000,VIR RECU SA CHIMIE FRANCE,REF794018,VIR SEPA NPY:SA CHIMIE FRANCE<br />LIB:VENTE MARCHANDISES FAC2025897,17751.16,0,2025-04-16
445510,VIR DGFIP TVA,,,0,12739.63,2025-04-17
621000,PRELEVEMENT SEPA EURL BERNARD,,PRLV SEPA NBE:EURL BERNARD<br />LIB:PERSONNEL INTERIMAIRE,0,6477.42,2025-08-25
445660,PRELEVEMENT SEPA EURL BERNARD,,PRLV SEPA NBE:EURL BERNARD<br />LIB:PERSONNEL INTERIMAIRE,0,1295.49,2025-08-25
411005,VIR RECU SCI ROUSSEL ELECTRICITE,,,13669.31,0,2024-03-17
613200,PRELEVEMENT SEPA EURL BERNARD,,,0,1921.52,2025-05-02
445660,PRELEVEMENT SEPA EURL BERNARD,,,0,384.30,2025-05-02
641100,VIR SEPA SALAIRE OCTOBRE,,,0,1864.85,2025-10-26
625200,CB OVH SAS,,,0,75.94,2024-07-26
445660,CB OVH SAS,,,0,15.19,2024-07-26
401001,PRLV SEPA EURL GAUTHIER LOGISTIQ,,,0,1858.35,2025-08-07
626000,PRLV SEPA LA POSTE,,,0,200.00,2025-08-24
706000,VIR RECU SA GROUPE LEGRAND,,,19048.62,0,2024-04-25
624000,CB SASLAURENT,REF452996,,0,249.84,2024-11-22
445660,CB SASLAURENT,REF452996,,0,49.97,2024-11-22
635000,PRLV SEPA DGFIP,REF791258,,0,1585.95,2024-02-27
649000,VIREMENT RECU CPAM,REF612977,,1810.95,0,2025-10-02
641000,VIR SEPA SALAIRE DECEMBRE,,VIR SEPA<br />LIB:REMUNERATION DECEMBRE,0,2443.35,2024-12-29
401001,PRLV SEPA EURL GAUTHIER LOGISTIQ,,PRLV SEPA NBE:EURL GAUTHIER LOGISTIQUE<br />LIB:REGLEMENT ACHAT,0,2516.34,2024-09-25
704000,VIR RECU SARL TRANSPORT EXPRESS,,VIR SEPA NPY:SARL TRANSPORT EXPRESS<br />LIB:TRAVAUX FAC2024801,7000.00,0,2025-11-26
275000,VIR SEPA SA LEFEVRE,,VIR SEPA NPY:SA LEFEVRE<br />LIB:DEPOT GARANTIE,0,5243.13,2025-04-27
512100,VIR INTERNE,,,0,71388.73,2025-02-28
411001,VIR RECU SCI HENRY SECURITE,REF377320,,41631.51,0,2024-10-16
611000,PRLV SEPA SAS MOREAU,,PRLV SEPA NBE:SAS MOREAU<br />LIB:SOUS-TRAITANCE,0,9943.87,2025-09-28
445660,PRLV SEPA SAS MOREAU,,PRLV SEPA NBE:SAS MOREAU<br />LIB:SOUS-TRAITANCE,0,1988.78,2025-09-28
641000,VIR SEPA SALAIRE OCTOBRE,,,0,3179.07,2024-10-30
421000,VIR SEPA SALAIRE JUIN,,VIR SEPA<br />LIB:SALAIRE JUIN 2024,0,3035.17,2024-06-28
625100,CB MAIF,,,0,408.39,2024-10-26
445660,CB MAIF,,,0,81.68,2024-10-26
601100,PRLV SEP MAIF,,,0,5714.73,2025-10-25
445660,PRLV SEP MAIF,,,0,1142.95,2025-10-25
631000,PRLV SEPA DGFIP,,PRLV SEPA NBE:DGFIP<br />LIB:TAXE APPRENTISSAGE 2024,0,4757.58,2024-04-27
602000,CB SAS MOREAU,,,0,4151.46,2025-05-29
445660,CB SAS MOREAU,,,0,830.29,2025-05-29
704000,VIREMENT RECU SA CHIMIE FRANCE,,,48875.06,0,2025-02-07
625200,CB SAS FARE,,CB SAS FAURE<br />LIB:FRAIS HEBERGEMENT,0,416.67,2024-10-30
445660,CB SAS FARE,,CB SAS FAURE<br />LIB:FRAIS HEBERGEMENT,0,83.33,2024-10-30
628000,CB SA LEFEVRE,REF792080,,0,150.71,2025-01-25
706000,VIR RECU SA GROUPE LEGRAND,REF116925,,1469.69,0,2024-05-24
625100,CB MACIF,,,0,824.79,2024-04-17
445660,CB MACIF,,,0,164.96,2024-04-17
411001,VIR RECU SCI HENRY SECURITE,,,12500.00,0,2025-08-26
580000,VIR INTERNE,,,0,44316.68,2025-12-11
706000,VIREMENT RECU EURL DESIGN STUDIO,,,10374.97,0,2025-06-30
261000,VIR SEPA SARL ETIT,,,0,77523.29,2024-05-18
613200,PRLV SEPA EURL BERNARD,,,0,802.82,2024-04-04
445660,PRLV SEPA EURL BERNARD,,,0,160.57,2024-04-04
613200,PRLV SEPA EURL BERNARD,,,0,3767.38,2025-05-05
445660,PRLV SEPA EURL BERNARD,,,0,753.48,2025-05-05
706000,VIR RECU SA GROUPE LEGRAND,,VIR SEPA NPY:SA GROUPE LEGRAND<br />LIB:PRESTATIONS SERVICES FAC2025178,18801.33,0,2025-06-21
621000,PRLVT SEPA EURL BERNARD,,,0,3328.26,2025-11-25
445660,PRLVT SEPA EURL BERNARD,,,0,665.65,2025-11-25
641000,VIREMENT SEPA SALAIRE JUILLET,,,0,1801.59,2025-07-30
706000,VIR RECU EURL DESIGN STUDIO,,,1382.51,0,2025-06-28
706000,VIR RECU SA GROUPE LEGRAND,,,8663.29,0,2024-11-05
411001,VIR RECU SCI HENRY SECURITE,,,22080.00,0,2025-12-11
512000,FRAIS BANCAIRES,,,0,39.92,2025-08-28
471000,OPERATION ATTENTE,,,0,765.89,2025-04-28
421000,VIR SEPA SALAIRE AOUT,,,0,1592.41,2025-08-29
408000,FACTURE NON PARVENUE SARL SIMON,,,0,3083.07,2025-10-13
205000,VIR SEPA SA LEFEVRE,,,0,19818.74,2024-10-27
213100,VIR SARL PETIT,,,0,67681.57,2025-08-27
411001,VIR RECU SCI HENRY SECURITE,REF257176,VIR SEPA NPY:SCI HENRY SECURITE IBE:DE79571492966369656769 BIC:DEUTDEFF PDO:DE RCN:FAC2024058<br />LIB:REGLEMENT FACTURE FAC2024058,41000.00,0,2024-12-14
706000,VIR RECU SAS LOGISTIQUE PRO,,,5749.92,0,2025-06-30
704000,VIR RECU SA CHIMIE FRANCE,,,4000.00,0,2025-12-13
625100,CB MAIF,,,0,1424.11,2025-06-30
445660,CB MAIF,,,0,284.82,2025-06-30
641000,VIR SEPA SALAIRE JUILLET,,,0,1300.00,2024-07-31
512000,REMISE CHEQUE,,,449.68,0,2024-05-27
261000,VIREMENT SEPA SARL ANDRE,,,0,64461.10,2024-03-25
411003,VIREMENT RECU SARL GIRARD BTP,REF191199,,25243.01,0,2024-09-04
401001,VIR SEPA EURL GAUTHIER LOGISTIQU,,VIR SEPA REF:FR66084735 NPY:EURL GAUTHIER LOGISTIQUE<br />LIB:FACTURE FOURNISSEUR FAC2024943 LC2:ECHEANCE JUILLET,0,8637.81,2025-07-31
641100,VIREMENT SEPA SALAIRE JUIN,,VIR SEPA<br />LIB:CONGES PAYES JUIN 2025,0,2226.30,2025-06-27
602000,CB SAS GIRARD,,,0,343.14,2025-06-21
445660,CB SAS GIRARD,,,0,68.63,2025-06-21
512000,VIR INTERNE,,,0,1523.47,2024-09-25
411006,VIR RECU SARL LEFEVRE CONSEIL,,,13522.04,0,2025-04-28
661000,FRAIS BANCAIRES,,,0,73.81,2024-11-26
641100,VIR SEPA SALAIRE JANVIER,REF307437,,0,2764.82,2025-01-26
486000,CHARGE CONSTATEE AVANCE,,LIB:CHARGE CONSTATEE D AVANCE DECEMBRE 2024,0,3879.52,2024-12-28
471000,OPERATION ATTENTE,,,0,2937.05,2024-02-20
627000,PRLV SEPA OVH SAS,,,0,217.76,2024-05-19
606100,CARTE MACIF,REF559683,,0,297.58,2025-12-27
445660,CARTE MACIF,REF559683,,0,59.52,2025-12-27
606100,PRELEVEMENT SEPA SAS MOREAU,,PRLV SEPA NBE:SAS MOREAU<br />LIB:EAU ELECTRICITE,0,290.59,2025-12-26
445660,PRELEVEMENT SEPA SAS MOREAU,,PRLV SEPA NBE:SAS MOREAU<br />LIB:EAU ELECTRICITE,0,58.12,2025-12-26
623000,CB ENGIE,,CB ENGIE<br />LIB:PUBLICITE ANNONCES,0,2711.19,2025-08-28
445660,CB ENGIE,,CB ENGIE<br />LIB:PUBLICITE ANNONCES,0,542.24,2025-08-28
411006,VIREMENT RECU SARL LEFEVRE CONSE,,VIR SEPA NPY:SARL LEFEVRE CONSEIL IBE:FR9254472416792007230350052 BIC:BNPAFRPP PDO:FR<br />LIB:REGLEMENT CLIENT FAC2025468,23644.58,0,2024-01-30
431000,PRELEVEMENT SEPA URSSAF,,PRLV SEPA CPY:FR69629685 NBE:URSSAF<br />LIB:COTISATIONS SOCIALES T2 2025,0,2000.00,2025-04-13
618000,CB SARL MARTIN,,CB SARL MARTIN<br />LIB:DOCUMENTATION TECHNIQUE,0,348.22,2024-04-30
445660,CB SARL MARTIN,,CB SARL MARTIN<br />LIB:DOCUMENTATION TECHNIQUE,0,69.65,2024-04-30
512000,REMISE CHEQUE,REF728441,REMISE CHQ N 582607,10898.15,0,2025-05-31
633000,PRLV SEPA DGFIP,,,0,7872.92,2025-02-23
645000,PRELEVEMENT SEPA URSSAF,,,0,5981.64,2024-02-06
621000,PRLVT SEPA SAS LAMBERT,,,0,5959.19,2025-06-09
445660,PRLVT SEPA SAS LAMBERT,,,0,1191.84,2025-06-09
411001,VIR RECU SCI HENRY SECURITE,,,12004.71,0,2024-07-30
401002,PRLV SEPA SARL FOURNIER BTP,,,0,4638.15,2024-05-04
635000,PRLV SEPA DGFIP,,,0,1560.33,2024-01-13
641000,VIR SEPA SALAIRE MAI,REF160244,,0,2278.80,2025-05-29
408000,FACTURE NON PARVENUE SAS GIRARD,,,0,203.46,2024-12-09
164000,PRLV SEPA ECHEANCE EMPRUNT,,,0,6539.39,2024-08-30
661100,PRLV SEPA ECHEANCE EMPRUNT,,,0,1471.37,2024-08-30
616000,PRLV SEPA ECHEANCE EMPRUNT,,,0,163.49,2024-08-30
408000,FACTURE NON PARVENUE SARL SIMON,REF701605,,0,4181.26,2025-01-25
671000,VIR SEPA SA FOURNIER,,VIR SEPA NPY:SA FOURNIER<br />LIB:CHARGE EXCEPTIONNELLE,0,6683.96,2024-05-30
511500,ENCAISSEMENT CB,REF393807,REMISE CB DU 031024<br />LIB:ENCAISSEMENT CARTE,1500.00,0,2024-10-03
627000,ENCAISSEMENT CB,REF393807,REMISE CB DU 031024<br />LIB:ENCAISSEMENT CARTE,0,15.00,2024-10-03
512000,VIREMENT RECU SAS FAURE,,,2943.60,0,2024-04-26
611000,PRLV SEPA SARL ANDRE,,,0,12695.82,2025-06-09
445660,PRLV SEPA SARL ANDRE,,,0,2539.16,2025-06-09
601100,PRLVT SEPA MAIF,REF867460,,0,1019.17,2025-03-21
445660,PRLVT SEPA MAIF,REF867460,,0,203.84,2025-03-21
626000,PRLV SEPA LA POSTE,REF341359,PRLV SEPA NBE:LA POSTE<br />LIB:AFFRANCHISSEMENT,0,190.87,2024-09-14
512100,VIR INTERNE,,VIR INTERNE REF:FR29789629<br />LIB:VIREMENT ENTRE COMPTES,0,24306.88,2024-12-26
704000,IR RECU SAS CONSEIL RH,,VIR SEPA NPY:SAS CONSEIL RH<br />LIB:TRAVAUX FAC2025329,5000.00,0,2024-08-01
633000,PRLV SEPA DGFIP,,PRLV SEPA NBE:DGFIP<br />LIB:CONTRIBUTION ECONOMIQUE TERRITORIALE,0,5045.54,2024-08-26
645100,PRLV SEPA MUTUELLE,,,0,1394.80,2024-05-29
616000,PRLV SEPA ALLIANZ,,,0,4029.28,2025-01-09
707000,VIREMENT RECU SA CHIME FRANCE,,,5398.00,0,2024-06-30
621000,PRLV SEPA SARL BONNET,REF938660,PRLV SEPA NBE:SARL BONNET<br />LIB:PERSONNEL INTERIMAIRE,0,1074.31,2024-12-11
445660,PRLV SEPA SARL BONNET,REF938660,PRLV SEPA NBE:SARL BONNET<br />LIB:PERSONNEL INTERIMAIRE,0,214.86,2024-12-11
512000,FRAIS BANCAIRES,,,0,79.62,2025-11-30
275000,VIR SEPA SA GROUPE LEGRAND,,,0,8665.67,2024-03-06
401001,VIREMENT SEPA EURL GAUTHIER LOGI,,VIR SEPA REF:FR90224528 NPY:EURL GAUTHIER LOGISTIQUE<br />LIB:ACOMPTE FOURNISSEUR,0,1350.00,2025-11-29
601100,PRLVT SEPA SA GROUPE LEGRAND,,,0,4941.02,2024-05-29
445660,PRLVT SEPA SA GROUPE LEGRAND,,,0,988.21,2024-05-29
205000,VIR SEPA SA LEFEVRE,,,0,13504.84,2025-04-01
401001,VIR SEPA EURL GAUTHIER LOGISTIQU,REF525387,,0,11001.40,2025-12-27
601100,CB SA GROUPE LEGRAND,,,0,1833.33,2025-09-25
445660,CB SA GROUPE LEGRAND,,,0,366.67,2025-09-25
661000,FRAIS BANCAIRES,,,0,76.85,2025-08-30
706000,VIR RECU EURL DESIGN STUDIO,,,2558.22,0,2024-08-30
707000,VIR RECU SA CHIMIE FRANCE,,VIR SEPA NPY:SA CHIMIE FRANCE<br />LIB:VENTE MARCHANDISES FAC2025189,17482.19,0,2025-12-30
401002,PRLV SEPA SARL FOURNIER BTP,,,0,1459.99,2025-03-20
707000,VIREMENT RECU SA CHIMIE FRANCE,,VIR SEPA NPY:SA CHIMIE FRANCE<br />LIB:VENTE MARCHANDISES FAC2024191,18735.17,0,2025-10-12
624000,CB CABINET EXPERTISE COMPTABLE,,,0,11.67,2024-05-16
445660,CB CABINET EXPERTISE COMPTABLE,,,0,2.33,2024-05-16
627000,PRLVT SEPA OVH SAS,,,0,128.15,2024-11-07
601100,PRLV SEPA EDF,,PRLV SEPA NBE:EDF<br />LIB:COMMANDE FAC2025323,0,781.95,2024-04-06
445660,PRLV SEPA EDF,,PRLV SEPA NBE:EDF<br />LIB:COMMANDE FAC2025323,0,156.39,2024-04-06
661000,INTERETS EMPRUNT,,,0,1382.95,2025-09-30
707000,VIR RECU SAS TECHNOLOGY PLUS,,,9036.99,0,2025-12-26
411002,VIREMENT RECU SA GARNIER TRANSPO,,,18850.00,0,2024-05-30
411003,VIREMENT RECU SARL GIRARD BTP,,,410.00,0,2025-04-17
645000,PRELEVEMENT SEPA URSSAF,,PRLV SEPA NBE:URSSAF<br />LIB:COTISATIONS PATRONALES T1 2025,0,4604.61,2025-03-14
641000,VIR SEPA SALAIRE DECEMBRE,,,0,4310.00,2025-12-29
668000,FRAIS FINANCIERS,,,0,330.01,2024-04-29
164000,PRLV SEPA ECHEANCE EMPRUNT,,,0,1737.86,2025-03-27
661100,PRLV SEPA ECHEANCE EMPRUNT,,,0,391.02,2025-03-27
616000,PRLV SEPA ECHEANCE EMPRUNT,,,0,43.45,2025-03-27
164000,PRELEVEMENT SEPA ECHEANCE EMPRUN,REF693260,,0,2123.96,2025-01-31
661100,PRELEVEMENT SEPA ECHEANCE EMPRUN,REF693260,,0,477.89,2025-01-31
616000,PRELEVEMENT SEPA ECHEANCE EMPRUN,REF693260,,0,53.10,2025-01-31
601100,CARTE EDF,,,0,71.94,2024-02-27
445660,CARTE EDF,,,0,14.39,2024-02-27
613200,PRLV SEPA SAS LAURENT,REF314647,PRLV SEPA NBE:SAS LAURENT<br />LIB:LOYER JUILLET 2024,0,1720.15,2024-07-02
445660,PRLV SEPA SAS LAURENT,REF314647,PRLV SEPA NBE:SAS LAURENT<br />LIB:LOYER JUILLET 2024,0,344.03,2024-07-02
411001,VIR RECU SCI HENRY SECURITE,,,13629.49,0,2025-11-02
641000,VIR SEPA SALAIRE JUILLET,REF478083,,0,3052.60,2024-07-26
708000,VIR RECU SARL TRANSPORT EXPRESS,,VIR SEPA NPY:SARL TRANSPORT EXPRESS<br />LIB:PRODUITS ACTIVITES ANNEXES,321.61,0,2024-12-31
706000,VIR RECU SA GROUPE LEGRAND,,,4642.39,0,2024-07-26
512000,FRAIS BANCAIRE,,,0,171.69,2024-04-20
213100,VIREMENT SEPA SARL GAUTIER,,,0,6162.13,2025-07-24
467000,VIR SEPA SAS LAURENT,,VIR SEPA NPY:SAS LAURENT<br />LIB:COMPTE TRANSITOIRE,0,2352.65,2024-03-10
707000,VIR RECU SAS TECHNOLOGY PLS,,,11300.00,0,2025-04-26
622000,VIR SEPA EURL MERCIER,,,0,4881.39,2025-07-27
445660,VIR SEPA EURL MERCIER,,,0,976.28,2025-07-27
631000,PRLVT SEPA DGFIP,,PRLV SEPA NBE:DGFIP<br />LIB:TAXE APPRENTISSAGE 2024,0,1101.50,2024-08-31
601100,PRLV SEPA EDF,,,0,6666.67,2024-09-28
445660,PRLV SEPA EDF,,,0,1333.33,2024-09-28
641000,VIR SEPA SALAIRE DECEMBRE,,VIR SEPA<br />LIB:REMUNERATION DECEMBRE,0,2259.26,2025-12-28
641100,VIR SEPA SALAIRE JANVIER,,VIR SEPA<br />LIB:CONGES PAYES JANVIER 2024,0,1463.40,2024-01-26
641000,VIR SALAIRE AOUT,,VIR SEPA<br />LIB:REMUNERATION AOUT,0,2377.71,2025-08-25
625200,CB SAS MOREAU,,,0,83.33,2025-06-27
445660,CB SAS MOREAU,,,0,16.67,2025-06-27
625100,CB MAIF,REF141953,,0,1666.67,2024-09-29
445660,CB MAIF,REF141953,,0,333.33,2024-09-29
512000,FRAIS BANCAIRES,,FRAIS BANCAIRES<br />LIB:FRAIS DE GESTION SEPTEMBRE,0,178.98,2025-09-21
626100,PRLV SEPA SA LEFEVRE,,,0,13.94,2025-02-16
445660,PRLV SEPA SA LEFEVRE,,,0,2.79,2025-02-16
437000,PRLV SEPA POLE EMPLOI,REF210724,,0,5975.73,2025-12-09
625100,CB MAIF,,CB MAIF<br />LIB:FRAIS VOYAGE,0,978.17,2024-09-29
445660,CB MAIF,,CB MAIF<br />LIB:FRAIS VOYAGE,0,195.64,2024-09-29
604000,CB SARL CONSULTANT RH,,,0,4174.85,2024-06-11
445660,CB SARL CONSULTANT RH,,,0,834.97,2024-06-11
411003,VIR RECU SARL GIRARD BTP,,,15874.16,0,2025-02-25
401006,PRLVT SEPA SAS ROBIN SECURITE,,PRLV SEPA NBE:SAS ROBIN SECURITE<br />LIB:REGLEMENT ACHAT,0,3930.00,2025-02-28
641100,VIREMENT SEPA SALAIRE OCTOBRE,,VIR SEPA<br />LIB:REMUNERATION OCTOBRE,0,2086.63,2024-10-29
606100,PRLVT SEPA MACIF,REF340027,,0,290.45,2024-06-26
445660,PRLVT SEPA MACIF,REF340027,,0,58.09,2024-06-26
205000,VIR SEPA SA LEFEVRE,,VIR SEPA NPY:SA LEFEVRE<br />LIB:LOGICIEL FAC2025907,0,24300.00,2025-09-27
641000,VIR SALAIRE SEPTMBRE,,,0,3987.82,2024-09-27
626100,PRLV SEPA SAS DUVAL,,,0,133.22,2024-04-29
445660,PRLV SEPA SAS DUVAL,,,0,26.64,2024-04-29
411004,VR RECU SA NOEL IMPRIMERIE,,,21237.99,0,2024-08-26
512100,VIR INTERNE,,,0,46470.63,2025-02-01
641000,VIR SEPA SALAIRE MARS,,VIR SEPA<br />LIB:REMUNERATION MARS,0,1991.91,2025-03-26
580000,VIR INTERNE,REF254567,,0,37714.67,2025-02-14
514000,REMISE CHEQUE,,REMISE CHQ N 701195,10436.57,0,2024-09-30
401003,PRELEVEMENT SEPA SARL GIRARD SEC,,PRLV SEPA CPY:FR45388074 RUM:FR45388074 NBE:SARL GIRARD SECURITE<br />LIB:REGLEMENT FACTURE,0,2212.18,2025-03-31
512000,REMISE CHEQUE,,,13736.11,0,2025-03-29
671000,VIR SEPA SCI ROUX,REF385359,,0,2814.74,2025-08-15
275000,VIR SEPA SAS MOREAU,,VIR SEPA NPY:SAS MOREAU<br />LIB:DEPOT GARANTIE,0,800.00,2025-09-30
601100,CB SA GROUPE LEGRAND,,,0,1523.12,2024-01-20
445660,CB SA GROUPE LEGRAND,,,0,304.63,2024-01-20
626000,PRLV SEPA LA POSTE,,,0,79.65,2024-07-27
706000,VIR RECU SA INDUSTRIE NORD,REF279739,,4935.03,0,2024-01-19
411001,VIR RECU SCI HENRY SECURITE,,VIR SEPA NPY:SCI HENRY SECURITE IBE:DE79571492966369656769 BIC:DEUTDEFF PDO:DE<br />LIB:REGLEMENT CLIENT FAC2024711,21711.19,0,2024-06-11
611000,PRLV SEPA SAS MOREAU,REF440945,,0,14870.60,2024-07-29
445660,PRLV SEPA SAS MOREAU,REF440945,,0,2974.12,2024-07-29
704000,VIR RECU SAS CONSEIL RH,,,33579.62,0,2024-09-20
637000,PRELEVEMENT SEPA DGFIP,,,0,1905.99,2025-03-26
706000,VIR REC SA INDUSTRIE NORD,,VIR SEPA NPY:SA INDUSTRIE NORD<br />LIB:HONORAIRES MARS,14443.81,0,2025-03-14
213100,VIREMENT SEPA SARL PETIT,,,0,13987.47,2025-05-28
637000,PRLV SEPA DGFIP,,PRLV SEPA NBE:DGFIP<br />LIB:TAXE SUR SALAIRES T3,0,1916.36,2025-08-18
708000,VIR RECU SARL TRANSPORT EXPRESS,,,1740.96,0,2025-02-03
514000,REMISE CHEQUE,,,9000.00,0,2025-02-05
621000,PRLV SEPA SAS DUPONT,REF107312,,0,5208.33,2024-12-28
445660,PRLV SEPA SAS DUPONT,REF107312,,0,1041.67,2024-12-28
421000,VIR SEPA SALAIRE JUILLET,REF871477,,0,4025.10,2025-07-26
411003,VIR RECU SARL GIRARD BTP,,,13125.98,0,2024-11-27
411004,VIR RECU SA NOEL IMPRIMERIE,,,29636.98,0,2024-05-27
624000,CB MACIF,REF453852,CB MACIF<br />LIB:TRANSPORT LIVRAISON,0,165.47,2024-05-09
445660,CB MACIF,REF453852,CB MACIF<br />LIB:TRANSPORT LIVRAISON,0,33.10,2024-05-09
707000,VIR RECU SAS TECHOLOGY PLUS,,,24691.46,0,2024-02-29
512000,REMISE CHEQUE,,REMISE CHQ N 787842,16599.04,0,2024-11-26
691000,VIREMENT SEPA DGFIP IS,,,0,35500.00,2024-09-18
601100,PRELEVEMENT SEPA EDF,,,0,1590.08,2025-01-10
445660,PRELEVEMENT SEPA EDF,,,0,318.02,2025-01-10
791000,VIR RECU ALLIANZ,,,635.95,0,2024-10-29
512100,VIR INTERNE,REF504854,VIR INTERNE REF:FR45756404<br />LIB:VIREMENT ENTRE COMPTES,0,29191.06,2025-05-25
606100,CB SA FOURNIER,,,0,416.67,2025-10-25
445660,CB SA FOURNIER,,,0,83.33,2025-10-25
708000,VIR RECU SARL COMMERCE DU SUD,,,4334.91,0,2025-04-30
631000,PRLV SEPA DGFIP,,,0,1492.14,2025-01-20
645000,PRLVT SEPA URSSAF,,PRLV SEPA NBE:URSSAF<br />LIB:COTISATIONS PATRONALES T1 2024,0,3027.37,2024-02-11
761000,VIR RECU INTERETS,,VIR SEPA<br />LIB:INTERET CREDITEUR T3 2024,638.98,0,2024-07-28
404000,VIREMENT SEPA SAS FAURE,,,0,31501.28,2024-10-22
613200,PRELEVEMENT SEPA EURL MERCIER,,PRLV SEPA NBE:EURL MERCIER<br />LIB:LOYER AVRIL 2025,0,3699.03,2025-04-01
445660,PRELEVEMENT SEPA EURL MERCIER,,PRLV SEPA NBE:EURL MERCIER<br />LIB:LOYER AVRIL 2025,0,739.81,2025-04-01
411006,VIR RECU SARL LEFEVRE CONSEIL,,,44177.09,0,2025-04-25
758000,VIR RECU SA GROUPE ALIMENTAIRE,,,750.00,0,2024-11-27
713000,VIR RECU SARL MODE TEXTILE,REF232816,VIR SEPA NPY:SARL MODE TEXTILE<br />LIB:VARIATION STOCKS,6598.17,0,2024-12-31
758700,VIR RECU ALLIANZ,,,5185.54,0,2025-07-06
512000,VIR INTERNE,,,0,41113.82,2025-01-07
401004,VIREMENT SEPA SAS GARCIA INDUSTR,,VIR SEPA REF:FR96698290 NPY:SAS GARCIA INDUSTRIE<br />LIB:FACTURE FOURNISSEUR FAC2025311 LC2:ECHEANCE JUIN,0,10258.80,2025-06-12
601100,PAIEMENT CB EDF,,,0,1503.57,2025-07-28
445660,PAIEMENT CB EDF,,,0,300.71,2025-07-28
641000,VIR SEPA SALAIRE OCTOBRE,,VIR SEPA<br />LIB:REMUNERATION OCTOBRE,0,2793.33,2025-10-27
411001,VIR RECU SCI HENRY SECURITE,,,23026.85,0,2025-07-15
626000,PRLVT SEPA LA POSTE,REF213541,,0,189.78,2024-09-30
401001,VIREMENT SEPA EURL GAUTHIER LOGI,,,0,11419.39,2025-06-29
401006,VIR SAS ROBIN SECURITE,,,0,13000.00,2024-09-26
706000,VIREMENT RECU SA GROUPE LEGRAND,,,12480.40,0,2024-07-03
512000,VIR RECU SAS MOREAU,,VIR SEPA NPY:SAS MOREAU<br />LIB:VIREMENT RECU,11006.30,0,2025-03-12
641000,VIR SALAIRE OCTOBRE,,VIR SEPA<br />LIB:REMUNERATION OCTOBRE,0,3502.02,2024-10-30
419000,VIR RECU SARL TRANSPORT EXPRESS,,,12100.01,0,2025-10-31
627000,PRELEVEMENT SEPA BOUYGUES TELECO,,,0,100.00,2024-08-25
411001,VIREMENT RECU SCI HENRY SECURITE,,,16938.17,0,2025-03-29
641000,VIR SEPA SALAIRE MARS,,VIR SEPA<br />LIB:SALAIRE MARS 2025,0,2371.50,2025-03-27
401005,VIREMENT SEPA SCI GUERIN IMPRIME,,,0,4520.52,2025-02-16
708000,VIR RECU SARL MODE TEXTILE,,,1921.30,0,2024-05-30
781000,REPRISE AMORTISSEMENT,,LIB:REPRISE AMORTISSEMENT T4 2025,9019.26,0,2025-12-23
631000,PRELEVEMENT SEPA DGFIP,,PRLV SEPA NBE:DGFIP<br />LIB:FORMATION CONTINUE 2024,0,2434.89,2024-11-07
404000,VIR SEPA SAS FAURE,,,0,34035.87,2025-02-28
681000,DOTATION AMORTISSEMENT,,,0,3037.84,2025-12-23
401001,VIR SEPA EURL GAUTHIER LOGISTIQU,,VIR SEPA REF:FR14310987 NPY:EURL GAUTHIER LOGISTIQUE<br />LIB:ACOMPTE FOURNISSEUR,0,6000.00,2024-08-30
416000,VIREMENT RECU SARL COMMERCE DU S,,,8196.63,0,2025-07-27
445710,VIREMENT RECU DGFIP,,VIR SEPA NPY:DGFIP<br />LIB:REMBOURSEMENT TVA T2 2025,11320.00,0,2025-04-20
530000,RETRAIT CAISSE,REF109489,RETRAIT DAB<br />LIB:APPROVISIONNEMENT CAISSE,0,351.85,2024-06-25
641000,VIREMENT SEPA SALAIRE OCTOBRE,,VIR SEPA<br />LIB:REMUNERATION OCTOBRE,0,1804.42,2025-10-29
511500,ENCAISSEMENT CB,,,2292.65,0,2024-06-12
627000,ENCAISSEMENT CB,,,0,22.93,2024-06-12
641000,VIR SEPA SALAIRE MAI,,,0,2203.58,2024-05-27
411004,VIR RECU SA NOEL IMPRIMERIE,,VIR SEPA NPY:SA NOEL IMPRIMERIE IBE:FR8129201921818324290922311 BIC:SOGEFRPP PDO:FR RCN:FAC2025246<br />LIB:REGLEMENT FACTURE FAC2025246,36910.61,0,2025-11-18
707000,VIREMENT RECU SAS TECHNOLOGY PLU,,,3722.67,0,2025-10-29
613200,PRELEVEMENT SEPA SCI ROUX,,PRLV SEPA NBE:SCI ROUX<br />LIB:LOYER JUILLET 2024,0,3240.42,2024-07-02
445660,PRELEVEMENT SEPA SCI ROUX,,PRLV SEPA NBE:SCI ROUX<br />LIB:LOYER JUILLET 2024,0,648.09,2024-07-02
626100,PRLV SEPA SAS DUVAL,,,0,127.13,2025-06-30
445660,PRLV SEPA SAS DUVAL,,,0,25.43,2025-06-30
401002,VIR SEPA SARL FOURNIER BTP,REF367959,VIR SEPA REF:FR28815826 NPY:SARL FOURNIER BTP<br />LIB:FACTURE FOURNISSEUR FAC2024701 LC2:ECHEANCE MARS,0,672.76,2025-03-03
445710,VIREMENT RECU DGFIP,,,18982.29,0,2025-07-22
758700,VIR RECU AXA ASSURANCES,,,5724.54,0,2025-05-03
625100,CARTE MAIF,,,0,323.34,2024-10-03
445660,CARTE MAIF,,,0,64.67,2024-10-03
621000,PRLV SEPA SARL BONNET,,,0,590.75,2024-07-13
445660,PRLV SEPA SARL BONNET,,,0,118.15,2024-07-13
401005,VIREMENT SEPA SCI GUERIN IMPRIME,,VIR SEPA REF:FR69205957 NPY:SCI GUERIN IMPRIMERIE<br />LIB:FACTURE FOURNISSEUR FAC2024921 LC2:ECHEANCE JUIN,0,9049.52,2024-06-29
411001,VIREMENT RECU SCI HENRY SECURITE,,,8000.00,0,2025-03-23
164000,PRLV SEPA ECHEANCE EMPRUNT,,,0,7523.84,2024-01-28
661100,PRLV SEPA ECHEANCE EMPRUNT,,,0,1692.86,2024-01-28
616000,PRLV SEPA ECHEANCE EMPRUNT,,,0,188.10,2024-01-28
411006,VIR RECU SARL LEFEVRE CONSEIL,,,16953.59,0,2024-02-29
631000,PRVT SEPA DGFIP,,,0,3190.00,2025-09-24
641100,VIR SALAIRE MARS,,,0,2385.80,2024-03-28
606100,PRLVT SEPA EURL BERNARD,,PRLV SEPA NBE:EURL BERNARD<br />LIB:EAU ELECTRICITE,0,666.67,2025-03-07
445660,PRLVT SEPA EURL BERNARD,,PRLV SEPA NBE:EURL BERNARD<br />LIB:EAU ELECTRICITE,0,133.33,2025-03-07
512000,REMISE CHEQUE,,,13000.00,0,2024-04-29
631000,PRLVT SEPA DGFIP,,,0,2500.00,2024-07-31
606100,CARTE SAS MOREAU,,,0,416.67,2024-01-29
445660,CARTE SAS MOREAU,,,0,83.33,2024-01-29
633000,PRELEVEMENT SEPA DGFIP,,PRLV SEPA NBE:DGFIP<br />LIB:CONTRIBUTION ECONOMIQUE TERRITORIALE,0,6250.00,2024-01-25
626000,PRLV SEPA LA POSTE,,,0,174.88,2024-10-29
411003,VIR RECU SARL GIRARD BTP,,,6467.86,0,2025-11-01
641000,VIR SALAIRE AVRIL,,,0,1800.00,2025-04-29
671000,VIREMENT SEPA SARL PETIT,,,0,4739.09,2025-02-03
713000,VIR RECU SAS TECHNOLOGY PLUS,,,566.29,0,2025-08-04
411006,VIR RECU SARL LEFEVRE CONSEIL,,,2571.24,0,2025-03-25
615000,PRLV SEPA SAS DUPONT,,,0,412.24,2025-06-07
445660,PRLV SEPA SAS DUPONT,,,0,82.45,2025-06-07
641000,VIR SEPA SALAIRE NOVEMBRE,,,0,3440.68,2024-11-28
758700,VIR RECU AXA ASSURANCES,,,9778.79,0,2025-12-25
601100,CB SCI ROUX,,,0,3750.00,2025-06-19
445660,CB SCI ROUX,,,0,750.00,2025-06-19
601100,CB EURL MERCIER,,,0,270.12,2025-12-27
445660,CB EURL MERCIER,,,0,54.03,2025-12-27
606100,CB SAS MOREAU,,,0,224.92,2024-04-21
445660,CB SAS MOREAU,,,0,44.98,2024-04-21
218000,VIREMENT SEPA SAS FAURE,,,0,880.57,2024-04-18
445620,VIREMENT SEPA SAS FAURE,,,0,176.11,2024-04-18
645000,PRLV SEPA URSSAF,,,0,8805.53,2025-08-08
707000,VIR RECU SAS TECHNOLOGY PLUS,,VIR SEPA NPY:SAS TECHNOLOGY PLUS<br />LIB:VENTE MARCHANDISES FAC2024912,8474.32,0,2024-01-21
164000,PRLV SEPA ECHEANCE EMPRUNT,,PRLV SEPA<br />LIB:ECHEANCE EMPRUNT FR93585892,0,717.91,2024-09-27
661100,PRLV SEPA ECHEANCE EMPRUNT,,PRLV SEPA<br />LIB:ECHEANCE EMPRUNT FR93585892,0,161.53,2024-09-27
616000,PRLV SEPA ECHEANCE EMPRUNT,,PRLV SEPA<br />LIB:ECHEANCE EMPRUNT FR93585892,0,17.95,2024-09-27
645000,PRELEVEMENT SEPA URSSAF,,,0,5200.17,2024-05-12
706000,VIREMENT RECU EURL DESIGN STUDIO,REF897810,,6211.27,0,2024-08-16
431000,PRLVT SEPA URSSAF,,,0,16666.37,2024-09-12
211000,VIREMENT SEPA SARL MARTIN,REF995246,,0,155682.00,2024-09-17
633000,PRLV SEPA DGFIP,,,0,3166.32,2024-05-26
512000,REMISE CHEQUE,,,3774.91,0,2025-01-28
601100,PRLV SEPA EDF,,PRLV SEPA NBE:EDF<br />LIB:COMMANDE FAC2024520,0,2663.40,2025-06-16
445660,PRLV SEPA EDF,,PRLV SEPA NBE:EDF<br />LIB:COMMANDE FAC2024520,0,532.68,2025-06-16
511500,ENCAISSEMENT CB,,,1075.14,0,2024-08-28
627000,ENCAISSEMENT CB,,,0,10.75,2024-08-28
602000,CARTE SA LEFEVRE,,CB SA LEFEVRE<br />LIB:ACHAT MATIERES PREMIERES,0,1644.63,2024-10-03
445660,CARTE SA LEFEVRE,,CB SA LEFEVRE<br />LIB:ACHAT MATIERES PREMIERES,0,328.93,2024-10-03
621000,PRELEVEMENT SEPA SAS DUPONT,,,0,4004.23,2024-12-28
445660,PRELEVEMENT SEPA SAS DUPONT,,,0,800.85,2024-12-28
512000,REMISE CHEQUE,,,6786.95,0,2024-06-30
512100,VIR INTERNE,,,0,1700.00,2025-01-04
401001,PRLV SEPA EURL GAUTHIER LOGISTIQ,,PRLV SEPA NBE:EURL GAUTHIER LOGISTIQUE<br />LIB:REGLEMENT ACHAT,0,4000.44,2025-05-05
445710,VIR SEPA DGFIP TVA,,,0,18000.00,2025-07-17
401003,VIR SARL GIRARD SECURITE,,,0,10707.05,2025-01-28
707000,VIR RECU SAS DIGITAL SERVICES,,,7430.00,0,2025-03-29
641000,VIR SEPA SALAIRE DECEMBRE,REF125420,,0,2482.25,2024-12-30
613200,PRLVT SEPA EURL BERNARD,,,0,2434.42,2024-03-03
445660,PRLVT SEPA EURL BERNARD,,,0,486.88,2024-03-03
512000,VIR INTERNE,,,0,40086.97,2024-07-01
707000,VIREMENT RECU SA CHIMIE FRANCE,,,4800.00,0,2025-03-31
691000,VIR SEPA DGFIP IS,,,0,13274.42,2025-06-17
431000,PRLV SEPA URSSAF,,,0,14890.00,2024-10-11
275000,VIR SEPA SA GROUPE LEGRAND,,,0,9578.44,2025-02-17
613200,PRLV SEPA EURL BERNARD,,,0,4063.59,2024-06-03
445660,PRLV SEPA EURL BERNARD,,,0,812.72,2024-06-03
401001,VIR SEPA EURL GAUTHIER LOGISTIQU,,,0,7519.79,2024-09-29
512000,REMISE CHEQUE,,,9328.42,0,2025-11-14
211000,VIR SEPA SARL GAUTIER,,VIR SEPA NPY:SARL GAUTIER<br />LIB:TERRAIN,0,155339.00,2025-01-29
218000,CB SA LEFEVRE,,,0,4128.55,2025-08-31
445620,CB SA LEFEVRE,,,0,825.71,2025-08-31
668000,FRAIS FINANCIERS,,LIB:CHARGES FINANCIERES DIVERSES,0,280.48,2024-02-28
218000,CB SARL GAUTIER,,,0,13982.29,2025-08-25
445620,CB SARL GAUTIER,,,0,2796.46,2025-08-25
606100,CARTE MACIF,,CB MACIF<br />LIB:FOURNITURES NON STOCKABLES,0,16.40,2024-03-02
445660,CARTE MACIF,,CB MACIF<br />LIB:FOURNITURES NON STOCKABLES,0,3.28,2024-03-02
627000,PRELEVEMENT SEPA OVH SAS,,,0,110.37,2024-02-25
601100,PRELEVEMENT SEPA SA GROUPE LEGRA,,,0,2110.29,2025-12-27
445660,PRELEVEMENT SEPA SA GROUPE LEGRA,,,0,422.06,2025-12-27
637000,PRLV SEPA DGFIP,,,0,500.76,2024-05-30
213100,VIR SEPA SAS GIRARD,,VIR SEPA NPY:SAS GIRARD<br />LIB:CONSTRUCTION,0,81356.68,2025-12-22
706000,VIR RECU EURL DESIGN STUDIO,REF984021,,17000.00,0,2025-09-08
411001,VIR RECU SCI HENRY SECURITE,REF632681,,37134.98,0,2025-06-23
606100,CB SA FOURNIER,REF553876,,0,409.50,2025-08-26
445660,CB SA FOURNIER,REF553876,,0,81.90,2025-08-26
713000,VIR RECU SAS TECHNOLOGY PLUS,,VIR SEPA NPY:SAS TECHNOLOGY PLUS<br />LIB:VARIATION STOCKS,2681.29,0,2025-08-27
707000,VIR RECU SAS CONSEIL RH,REF522931,VIR SEPA NPY:SAS CONSEIL RH<br />LIB:VENTE MARCHANDISES FAC2025441,24600.04,0,2024-12-18
626000,PRLV SEPA SAS FAURE,,,0,218.67,2025-04-29
624000,CB SAS LAURENT,,,0,261.92,2024-10-31
445660,CB SAS LAURENT,,,0,52.38,2024-10-31
707000,VIR RECU SAS TECHNOLOGY PLUS,,,1105.37,0,2024-05-27
623000,CB ENGIE,,,0,3782.29,2025-08-20
445660,CB ENGIE,,,0,756.46,2025-08-20
613200,PRLV SEPA SARL BONNET,,,0,4166.17,2024-05-01
445660,PRLV SEPA SARL BONNET,,,0,833.24,2024-05-01
602000,CB SAS LAMBERT,,CB SAS LAMBERT<br />LIB:ACHAT MATIERES PREMIERES,0,833.33,2024-10-29
445660,CB SAS LAMBERT,,CB SAS LAMBERT<br />LIB:ACHAT MATIERES PREMIERES,0,166.67,2024-10-29
411007,VIREMENT RECU SARL GARCIA DISTRI,,,26400.00,0,2025-11-10
401001,PRELEVEMENT SEPA EURL GAUTHIER L,,PRLV SEPA CPY:FR45736204 RUM:FR45736204 NBE:EURL GAUTHIER LOGISTIQUE<br />LIB:REGLEMENT FACTURE,0,6899.13,2025-04-13
205000,VIR SARL MARTIN,,,0,17234.73,2025-07-13
646000,PRLVT SEPA POLE EMPLOI,,,0,2299.91,2024-03-07
411002,VIR RECU SA GARNIER TRANSPORTS,,,45198.97,0,2025-02-28
401007,PRLV SEPA SAS MASSON CONSEIL,,,0,3770.86,2024-07-30
627000,PRLVT SEPA ORANGE SA,,,0,94.61,2024-05-26
616000,PRLV SEPA ALLIANZ,,PRLV SEPA NBE:ALLIANZ<br />LIB:ASSURANCE 2025,0,4972.78,2025-08-30
635000,PRLV SEPA DGFIP,,,0,306.61,2025-10-26
218000,VIREMENT SEPA SAS DUPONT,REF481462,,0,15408.33,2024-10-28
445620,VIREMENT SEPA SAS DUPONT,REF481462,,0,3081.67,2024-10-28
708000,VIR RECU SARL TRANSPORT EXPRESS,,VIR SEPA NPY:SARL TRANSPORT EXPRESS<br />LIB:PRODUITS ACTIVITES ANNEXES,3352.64,0,2024-08-28
631000,PRLVT SEPA DGFIP,,PRLV SEPA NBE:DGFIP<br />LIB:TAXE APPRENTISSAGE 2024,0,3742.51,2024-08-25
621000,PRELEVEMENT SEPA EURL BERNARD,,PRLV SEPA NBE:EURL BERNARD<br />LIB:PERSONNEL INTERIMAIRE,0,2333.33,2024-11-24
445660,PRELEVEMENT SEPA EURL BERNARD,,PRLV SEPA NBE:EURL BERNARD<br />LIB:PERSONNEL INTERIMAIRE,0,466.67,2024-11-24
580000,VIR INTERNE,,,0,39700.00,2025-12-17
651000,VIR SEPA SAS FAURE,,,0,1250.00,2024-01-14
445660,VIR SEPA SAS FAURE,,,0,250.00,2024-01-14
641000,VIR SEPA SALAIRE JANVIER,,,0,4260.12,2024-01-26
411003,VIR RECU SARL GIRARD BTP,,VIR SEPA NPY:SARL GIRARD BTP IBE:FR6565717087582511379734835 BIC:AGRIFRPP PDO:FR RCN:FAC2025917<br />LIB:REGLEMENT FACTURE FAC2025917,24313.38,0,2024-04-23
713000,VIREMENT RECU SAS TECHNOLOGY PLU,,VIR SEPA NPY:SAS TECHNOLOGY PLUS<br />LIB:VARIATION STOCKS,5150.00,0,2025-11-26
633000,PRLV SEPA DGFIP,,PRLV SEPA NBE:DGFIP<br />LIB:CONTRIBUTION ECONOMIQUE TERRITORIALE,0,300.00,2025-08-30
437000,PRLV SEPA POLE EMPLOI,,,0,3801.13,2024-03-05
631000,PRELEVEMENT SEPA DGFIP,,PRLV SEPA NBE:DGFIP<br />LIB:TAXE APPRENTISSAGE 2025,0,1031.99,2025-12-27
401002,PRLV SEPA SARL FOURNIER BTP,,PRLV SEPA CPY:FR63035869 RUM:FR63035869 NBE:SARL FOURNIER BTP<br />LIB:REGLEMENT FACTURE,0,3500.00,2024-10-27
631000,PRLV SEPA DGFIP,REF307547,,0,2225.80,2025-06-30
627000,PRLVT SEPA SFR,,PRLV SEPA NBE:SFR<br />LIB:FORFAIT MOBILE,0,54.69,2024-01-31
401001,PRLV SEPA EURL GAUTHIER LOGISTIQ,,,0,7954.32,2024-12-15
411002,VIREMENT RECU SA GARNIER TRANSPO,,,28972.73,0,2024-08-05
641000,VIREMENT SEPA SALAIRE MARS,,VIR SEPA<br />LIB:REMUNERATION MARS,0,2700.00,2025-03-25
401001,VIREMENT SEPA EURL GAUTHIER LOGI,REF925853,,0,23770.70,2025-11-05
706000,VIR RECU SA INDUSTRIE NORD,,VIR SEPA NPY:SA INDUSTRIE NORD<br />LIB:HONORAIRES JANVIER,14532.48,0,2025-01-29
691000,VIR SEPA DGFIP IS,,,0,47692.53,2024-09-20
421000,VIR SEPA SALAIRE AVRIL,,VIR SEPA<br />LIB:SALAIRE AVRIL 2024,0,1300.00,2024-04-25
741000,VIR RECU SUBVENTION,REF962862,,32511.98,0,2024-01-27
416000,VIR RECU EURL ARTISAN BOIS,,VIR SEPA NPY:EURL ARTISAN BOIS<br />LIB:CREANCE DOUTEUSE,5558.42,0,2024-06-19
511500,ENCAISSEMENT CB,REF295148,REMISE CB DU 050324<br />LIB:ENCAISSEMENT CARTE,159.24,0,2024-03-05
627000,ENCAISSEMENT CB,REF295148,REMISE CB DU 050324<br />LIB:ENCAISSEMENT CARTE,0,1.59,2024-03-05
431000,PRLV SEPA URSSAF,,,0,1610.00,2024-02-09
613200,PRELEVEMENT SEPA EURL BERNARD,,PRLV SEPA NBE:EURL BERNARD<br />LIB:LOYER SEPTEMBRE 2025,0,1010.66,2025-09-05
445660,PRELEVEMENT SEPA EURL BERNARD,,PRLV SEPA NBE:EURL BERNARD<br />LIB:LOYER SEPTEMBRE 2025,0,202.13,2025-09-05
471000,OPERATION ATTENTE,,,0,4526.16,2024-10-20
512000,FRAIS BANCAIRES,,FRAIS BANCAIRES<br />LIB:FRAIS DE GESTION JANVIER,0,200.00,2025-01-16
625200,CB SAS FAURE,,,0,203.17,2025-11-13
445660,CB SAS FAURE,,,0,40.64,2025-11-13
261000,VIR SEPA SARL BONNET,,,0,34661.99,2025-12-28
213100,VIREMENT SEPA SARL MARTIN,,,0,18568.94,2025-09-22
512000,REMISE CHEQUE,,REMISE CHQ N 684352,18925.91,0,2024-11-16
706000,VIR RECU SA INDUSTRIE NORD,,VIR SEPA NPY:SA INDUSTRIE NORD<br />LIB:HONORAIRES NOVEMBRE,4651.52,0,2025-11-02
445510,VIR SEPA DGFIP TVA,,,0,6809.90,2025-07-18
411006,VIREMENT RECU SARL LEFEVRE CONSE,REF803871,,26087.50,0,2024-12-28
421000,VIR SEPA SALAIRE MARS,,,0,3900.00,2025-03-26
411002,VIR RECU SA GARNIER TRANSPORTS,,,11004.58,0,2024-07-09
707000,VIREMEN RECU SA CHIMIE FRANCE,,,8460.00,0,2024-01-28
601100,CB EDF,,,0,3119.24,2025-03-01
445660,CB EDF,,,0,623.85,2025-03-01
401003,PRLV SEPA SARL GIRARD SECURITE,REF435446,,0,2210.00,2025-12-30
641000,VIREMENT SEPA SALAIRE JUIN,,VIR SEPA<br />LIB:SALAIRE JUIN 2025,0,3075.68,2025-06-28
403000,VIR SEPA SARL BONNET,REF540156,VIR SEPA NPY:SARL BONNET<br />LIB:EFFETS A PAYER,0,13522.96,2024-10-30
641000,VIR SEPA SALAIRE FEVRIER,,,0,1800.00,2024-02-28
624000,CARTE CABINET EXPERTISE COMPTABL,,,0,167.22,2025-02-03
445660,CARTE CABINET EXPERTISE COMPTABL,,,0,33.45,2025-02-03
757000,VIREMENT RECU S GROUPE ALIMENTAI,,,14200.00,0,2025-05-06
411005,VIR RECU SCI ROUSSEL ELECTRICITE,,,15225.52,0,2024-10-10
618000,CARTE SCI ROUX,,CB SCI ROUX<br />LIB:DOCUMENTATION TECHNIQUE,0,125.83,2025-08-26
445660,CARTE SCI ROUX,,CB SCI ROUX<br />LIB:DOCUMENTATION TECHNIQUE,0,25.17,2025-08-26
641100,VIREMENT SEPA SALAIRE MAI,,,0,3950.00,2025-05-26
641000,VIREMENT SEPA SALAIRE NOVEMBRE,,VIR SEPA<br />LIB:SALAIRE NOVEMBRE 2025,0,1922.67,2025-11-29
613200,PRLV SEPA SARL SIMON,,,0,3881.89,2025-04-03
445660,PRLV SEPA SARL SIMON,,,0,776.38,2025-04-03
671000,VIR SEPA SAS LAMBERT,REF317823,,0,5148.60,2024-01-31
416000,VIR RECU EURL ARTSAN BOIS,,,7811.97,0,2024-03-03
706000,VIREMENT RECU SA INDUSTRIE NORD,,,2580.00,0,2024-11-30
211000,VIR SEPA SARL MARTIN,,,0,125021.96,2024-12-11
626000,PRLV SEPA EURL BERNARD,,,0,20.27,2024-11-09
601100,CB EDF,,,0,1531.03,2024-11-25
445660,CB EDF,,,0,306.21,2024-11-25
512000,FRAIS BANCAIRES,,,0,189.66,2024-01-26
758000,VIR RECU SARL TRANSPORT EXPRESS,,,2862.13,0,2025-10-13
411008,VIR RECU SCI PETIT ELECTRICITE,,VIR SEPA NPY:SCI PETIT ELECTRICITE IBE:FR3379857962349216244198983 BIC:AGRIFRPP PDO:FR<br />LIB:REGLEMENT CLIENT FAC2024100,12716.75,0,2025-03-03
624000,CARTE MACIF,,,0,92.67,2024-07-28
445660,CARTE MACIF,,,0,18.53,2024-07-28
411001,VIR RECU SCI HENRY SECURITE,,,18936.46,0,2024-10-19
641000,VIR SEPA SALAIRE MAI,,,0,4500.00,2025-05-31
621000,PRLVT SEPA SA LEFEVRE,REF463489,,0,5628.64,2025-04-27
445660,PRLVT SEPA SA LEFEVRE,REF463489,,0,1125.73,2025-04-27
211000,VIR SARL GAUTIER,,,0,197519.35,2024-06-28
401002,VIREMENT SEPA SARL FOURNIER BTP,,,0,2911.93,2025-06-30
411001,VIR RECU SCI HENRY SECURITE,,,33141.81,0,2025-12-28
658000,VIR SAS LAURENT,,VIR SEPA NPY:SAS LAURENT<br />LIB:CHARGES GESTION COURANTE,0,424.93,2025-11-30
618000,CB SAS MOREAU,,,0,326.08,2025-02-16
445660,CB SAS MOREAU,,,0,65.22,2025-02-16
641000,VIR SEPA SALAIRE AOUT,REF360406,,0,3281.15,2025-08-28
164000,PRLV SEPA ECHEANCE EMPRUNT,,PRLV SEPA<br />LIB:ECHEANCE EMPRUNT FR26202090,0,2548.05,2024-07-18
661100,PRLV SEPA ECHEANCE EMPRUNT,,PRLV SEPA<br />LIB:ECHEANCE EMPRUNT FR26202090,0,573.31,2024-07-18
616000,PRLV SEPA ECHEANCE EMPRUNT,,PRLV SEPA<br />LIB:ECHEANCE EMPRUNT FR26202090,0,63.70,2024-07-18
421000,VIR SEPA SALAIRE FEVRIER,,,0,2500.00,2024-02-27
211000,VIR SEPA SARL ANDRE,REF385615,,0,179550.00,2024-01-30
512100,VIR INTERNE,,,0,92580.35,2024-01-17
641000,VIR SEPA SALAIRE SEPTEMBRE,,,0,4350.62,2024-09-27
411001,VIREMENT RECU SCI HENRY SECURITE,,VIR SEPA NPY:SCI HENRY SECURITE IBE:DE79571492966369656769 BIC:DEUTDEFF PDO:DE<br />LIB:REGLEMENT CLIENT FAC2025738,5221.49,0,2024-12-26
411002,VIR RECU SA GARNIER TRANSPORTS,,,27055.47,0,2025-07-16
641000,VIREMENT SEPA SALAIRE JANVIER,,,0,3414.69,2025-01-29
411001,VIR RECU SCI HENRY SECURITE,,VIR SEPA NPY:SCI HENRY SECURITE IBE:DE79571492966369656769 BIC:DEUTDEFF PDO:DE<br />LIB:REGLEMENT CLIENT FAC2025916,16800.00,0,2025-03-31
701000,VIR RECU SAS CONSEIL RH,,,13495.02,0,2024-11-19
641000,VIR SALAIRE JUIN,,VIR SEPA<br />LIB:SALAIRE JUIN 2025,0,3781.25,2025-06-26
641000,VIR SEPA SALAIRE NOVEMBRE,,,0,4390.76,2025-11-26
401006,PRELEVEMENT SEPA SAS ROBIN SECUR,,,0,4396.29,2025-08-05
601100,PAIEMENT CB SA GROUPE LEGRAND,,,0,945.55,2024-11-21
445660,PAIEMENT CB SA GROUPE LEGRAND,,,0,189.11,2024-11-21
601100,PAIEMENT CB SA GROUPE LEGRAND,,CB SA GROUPE LEGRAND<br />LIB:ACHAT MARCHANDISES,0,1081.96,2025-04-22
445660,PAIEMENT CB SA GROUPE LEGRAND,,CB SA GROUPE LEGRAND<br />LIB:ACHAT MARCHANDISES,0,216.39,2025-04-22
401001,PRLT SEPA EURL GAUTHIER LOGISTIQ,,PRLV SEPA NBE:EURL GAUTHIER LOGISTIQUE<br />LIB:REGLEMENT ACHAT,0,123.32,2025-02-19
401003,VIR SEPA SARL GIRARD SECURITE,,,0,11019.96,2024-11-02
706000,VIR RECU EURL DESIGN STUDIO,,,9000.00,0,2024-03-26
411001,VIR RECU SCI HENRY SECURITE,,,25297.70,0,2025-08-31
401007,PRLV SEPA SAS MASSON CONSEIL,,,0,2657.80,2025-05-21
614000,PRLV SEPA SARL PETIT,,,0,1001.77,2025-11-26
445660,PRLV SEPA SARL PETIT,,,0,200.36,2025-11-26
218000,PAIEMENT CB SA FAURE,,CB SAS FAURE<br />LIB:ACHAT MATERIEL,0,1707.87,2025-11-22
445620,PAIEMENT CB SA FAURE,,CB SAS FAURE<br />LIB:ACHAT MATERIEL,0,341.57,2025-11-22
411001,VIREMENT RECU SCI HENRY SECURITE,,VIR SEPA NPY:SCI HENRY SECURITE IBE:DE79571492966369656769 BIC:DEUTDEFF PDO:DE RCN:FAC2025737<br />LIB:REGLEMENT FACTURE FAC2025737,41762.70,0,2024-11-28
627000,PRELEVEMENT SEPA BOUYGUES TELECO,,,0,100.00,2024-01-23
606100,PRLV SEPA SAS MOREAU,,,0,416.67,2024-05-20
445660,PRLV SEPA SAS MOREAU,,,0,83.33,2024-05-20
626000,PRELEVEMENT SEPA SAS GIRARD,,,0,136.64,2024-12-20
601100,PRLV SEPA EDF,,,0,3683.33,2024-07-30
445660,PRLV SEPA EDF,,,0,736.67,2024-07-30
701000,VIR RECU SAS TECHNOLOGY PLUS,,,12010.65,0,2024-01-28
707000,VIR RECU SAS TECHNOLOGY PLUS,,,3000.00,0,2024-08-12
641000,VIR SEPA SALAIRE JUILLET,,VIR SEPA<br />LIB:REMUNERATION JUILLET,0,3627.55,2025-07-29
403000,VIR SEPA SA GROUPE LEGRAND,,,0,14830.76,2024-07-20
613200,PRLV SEPA SA FOURNIER,,,0,1708.33,2025-09-05
445660,PRLV SEPA SA FOURNIER,,,0,341.67,2025-09-05
758000,VIR RECU SARL MODE TEXTILE,,,494.33,0,2024-02-25
411001,VIREMENT RECU SCI HENRY SECURITE,REF382955,,9000.00,0,2025-11-03
512000,FRAIS BANCAIRES,,,0,64.99,2025-07-31
641000,VIR SEPA SALAIRE AVRIL,REF978116,VIR SEPA<br />LIB:SALAIRE AVRIL 2024,0,4990.79,2024-04-27
613200,PRLV SEPA EURL MERCIER,,,0,1000.00,2024-05-02
445660,PRLV SEPA EURL MERCIER,,,0,200.00,2024-05-02
401009,PRLV SEPA EURL MERCIER IMMOBILIE,,,0,2502.72,2024-07-28
661000,INTERETS EMPRUNT,REF758784,INTERETS<br />LIB:INTERET DEBITEUR MAI 2025,0,435.92,2025-05-06
706000,VIR RECU SA CHIMIE FRANCE,,,15719.88,0,2025-03-15
411001,VIR RECU SCI HENRY SECURITE,REF395257,,21330.00,0,2025-12-15
707000,VIR RECU SAS DIGITAL SERVICES,,,15609.10,0,2024-06-11
704000,VIREMENT RECU SA GROUPE LEGRAND,,,8969.25,0,2024-08-12
411005,VIREMENT RECU SCI ROUSSEL ELECTR,REF100653,,22650.00,0,2024-12-24
411006,VIR RECU SARL LEFEVRE CONSEIL,REF301613,VIR SEPA NPY:SARL LEFEVRE CONSEIL IBE:FR9254472416792007230350052 BIC:BNPAFRPP PDO:FR RCN:FAC2025707<br />LIB:REGLEMENT FACTURE FAC2025707,37967.53,0,2025-03-14
261000,VIR SEPA SAS LAMBERT,REF367130,,0,49165.12,2025-07-03
404000,VIREMENT SEPA SARL ANDRE,REF855827,,0,37439.77,2024-02-21
708000,VIR RECU SARL TRANSPORT EXPRESS,,,4682.49,0,2024-01-07
701000,VIR RECU SAS AGENCE MEDIA,REF345332,,16595.97,0,2025-11-01
624000,CB CABINET EXPERTISE COMPTABLE,,,0,166.67,2024-05-09
445660,CB CABINET EXPERTISE COMPTABLE,,,0,33.33,2024-05-09
641000,VIR SEPA SALAIRE DECEMBRE,REF248097,,0,2520.00,2025-12-28
707000,VIREMENT RECU SA CHIMIE FRANCE,,,18545.87,0,2025-07-10
416000,VIREMENT RECU SAS ECO ENERGIE,,VIR SEPA NPY:SAS ECO ENERGIE<br />LIB:CREANCE DOUTEUSE,4000.00,0,2024-09-28
401001,PRLV SEPA EURL GAUTHIER LOGISTIQ,,PRLV SEPA CPY:FR24890790 NBE:EURL GAUTHIER LOGISTIQUE<br />LIB:FACTURE FAC2025862,0,4904.13,2024-03-14
616000,PRELEVEMENT SEPA AXA ASSURANCES,,PRLV SEPA NBE:AXA ASSURANCES<br />LIB:PRIME ASSURANCE,0,2840.88,2025-12-30
645000,PRLV SEPA URSSAF,,PRLV SEPA NBE:URSSAF<br />LIB:COTISATIONS PATRONALES T1 2024,0,9089.24,2024-02-13
411006,VIREMENT RECU SARL LEFEVRE CONSE,REF211244,VIR SEPA NPY:SARL LEFEVRE CONSEIL IBE:FR9254472416792007230350052 BIC:BNPAFRPP PDO:FR<br />LIB:REGLEMENT CLIENT FAC2025191,13841.99,0,2024-12-27
626000,PRLV SEPA LA POSTE,,,0,200.00,2024-03-24
627000,PRLV SEPA BOUYGUES TELECOM,,,0,94.04,2024-09-19
601100,CB MAIF,,,0,1041.67,2025-11-04
445660,CB MAIF,,,0,208.33,2025-11-04
691000,VIR DGFIP IS,,,0,44380.47,2025-03-15
627000,PRLV SEPA OVH SAS,,,0,371.60,2024-11-29
512000,FRAIS BANCAIRES,,FRAIS BANCAIRES<br />LIB:FRAIS DE GESTION MAI,0,67.61,2025-05-19
645000,PRLV SEPA URSSAF,,PRLV SEPA NBE:URSSAF<br />LIB:COTISATIONS PATRONALES T3 2025,0,12704.30,2025-09-08
401004,PRELEVEMENT SEPA SAS GARCIA INDU,,,0,3253.43,2024-07-30
701000,VIR RECU SAS TECHNOLOGY PLUS,,,7000.00,0,2024-09-13
706000,VIR RECU SA INDUSTRIE NORD,,VIR SEPA NPY:SA INDUSTRIE NORD<br />LIB:HONORAIRES JUILLET,1000.00,0,2025-07-23
401001,VIR SEPA EURL GAUTHIER LOGISTIQU,REF733912,,0,1800.79,2025-05-11
530000,RETRAIT CAISSE,,RETRAIT DAB<br />LIB:APPROVISIONNEMENT CAISSE,0,667.36,2024-02-29
635000,PRL SEPA DGFIP,,,0,2612.04,2025-10-17
645000,PRLV SEPA URSSAF,,,0,2600.00,2024-07-11
613200,PRELEVEMENT SEPA EURL BERNARD,,,0,2899.83,2024-12-04
445660,PRELEVEMENT SEPA EURL BERNARD,,,0,579.97,2024-12-04
601100,PRLV SEPA MAIF,,,0,4911.53,2025-12-25
445660,PRLV SEPA MAIF,,,0,982.31,2025-12-25
411001,VIR RECU SCI HENRY SECURITE,,,25660.52,0,2024-04-26
401003,VIR SEPA SARL GIRARD SECURITE,,,0,8182.27,2024-12-16
261000,VIREMENT SEPA SARL BONNET,,,0,9524.12,2024-01-03
621000,PRLV SEPA SARL BONNET,,,0,2066.30,2024-12-30
445660,PRLV SEPA SARL BONNET,,,0,413.26,2024-12-30
411004,VIR RECU SA NOEL IMPRIMERIE,,,19262.83,0,2025-01-25
706000,VIR RECU EURL DESIGN STUDIO,,,14515.12,0,2025-06-14
431000,PRLV SEPA URSSAF,,,0,19084.06,2024-10-06
411001,VIR RECU CI HENRY SECURITE,,,1054.35,0,2025-03-14
511500,ENCAISSEMENT CB,REF320397,,1552.50,0,2024-11-22
627000,ENCAISSEMENT CB,REF320397,,0,15.53,2024-11-22
625100,CARTE SARL GAUTIER,,,0,406.27,2024-02-26
445660,CARTE SARL GAUTIER,,,0,81.26,2024-02-26
411003,VIR RECU SARL GIRARD BTP,,,18557.79,0,2025-04-01
635000,PRLV SEPA DGFIP,,,0,3787.60,2024-12-30
661000,AGIOS BANCAIRES,,,0,63.84,2025-02-25
626100,PRELEVEMENT SEPA SA FOURNIER,,,0,83.33,2024-01-31
445660,PRELEVEMENT SEPA SA FOURNIER,,,0,16.67,2024-01-31
641000,VIR SEPA SALAIRE JANVIER,,,0,3994.14,2025-01-29
621000,PRLV SEPA SARL BONNET,,PRLV SEPA NBE:SARL BONNET<br />LIB:PERSONNEL INTERIMAIRE,0,2500.00,2024-10-27
445660,PRLV SEPA SARL BONNET,,PRLV SEPA NBE:SARL BONNET<br />LIB:PERSONNEL INTERIMAIRE,0,500.00,2024-10-27
411003,VIREMENT RECU SARL GIRARD BTP,,,42747.58,0,2024-11-28
616000,PRELEVEMENT SEPA AXA ASSURANCES,,PRLV SEPA NBE:AXA ASSURANCES<br />LIB:PRIME ASSURANCE,0,2025.30,2024-07-06
601100,CB MAIF,,CB MAIF<br />LIB:ACHAT MARCHANDISES,0,747.68,2025-01-25
445660,CB MAIF,,CB MAIF<br />LIB:ACHAT MARCHANDISES,0,149.54,2025-01-25
512000,VIR RECU SARL PETIT,,,11822.06,0,2025-12-29
401001,VIR SEPA EURL GAUTHIER LOGISTIQU,,,0,3593.32,2024-09-30
621000,PRLVT SEPA EURL BERNARD,,PRLV SEPA NBE:EURL BERNARD<br />LIB:PERSONNEL INTERIMAIRE,0,5988.52,2025-11-09
445660,PRLVT SEPA EURL BERNARD,,PRLV SEPA NBE:EURL BERNARD<br />LIB:PERSONNEL INTERIMAIRE,0,1197.70,2025-11-09
706000,VIR RECU EURL DESIGN STUDIO,,,11761.97,0,2024-04-30
611000,PRLVT SEPA SAS FAURE,,,0,11030.50,2024-05-10
445660,PRLVT SEPA SAS FAURE,,,0,2206.10,2024-05-10
401001,VIR SEPA EURL GAUTHIER LOGISTIQU,,VIR SEPA REF:FR56398251 NPY:EURL GAUTHIER LOGISTIQUE<br />LIB:COMMANDE FOURNITURES LCC:BON COMMANDE 790583,0,11900.00,2025-10-05
641000,VIR SEPA SALAIRE MARS,,,0,1800.00,2025-03-31
421000,VIR SEPA SALAIRE JUILLET,,,0,3385.14,2025-07-28
411001,VIR RECU SCI HENRY SECURITE,,,37300.00,0,2024-12-11
580000,VIR INTERNE,,VIR INTERNE<br />LIB:VIREMENT INTERNE,0,22440.00,2025-07-10
635000,PRLV SEPA DGFIP,REF846693,,0,342.13,2025-05-25
401008,VIR SEPA SAS BLANC SECURITE,,,0,7724.31,2024-07-30
419000,VIREMENT RECU EURL DESIGN STUDIO,,,1144.61,0,2024-08-01
467000,VIR SEPA SAS FAURE,,VIR SEPA NPY:SAS FAURE<br />LIB:COMPTE TRANSITOIRE,0,6642.70,2025-03-19
618000,CARTE GOOGLE CLOUD,REF809130,,0,155.87,2025-07-27
445660,CARTE GOOGLE CLOUD,REF809130,,0,31.18,2025-07-27
411005,VIREMENT RECU SCI ROUSSEL ELECTR,REF765183,,2359.02,0,2025-12-27
411001,VIR RECU SCI HENRY SECURITE,,,10876.37,0,2024-06-25
401001,PRLV SEPA EURL GAUTHIER LOGISTIQ,,,0,4835.17,2025-12-05
625200,CB SAS MOREAU,,CB SAS MOREAU<br />LIB:FRAIS HEBERGEMENT,0,168.09,2025-06-26
445660,CB SAS MOREAU,,CB SAS MOREAU<br />LIB:FRAIS HEBERGEMENT,0,33.62,2025-06-26
708000,VIR RECU SARL COMMERCE DU SUD,REF351935,VIR SEPA NPY:SARL COMMERCE DU SUD<br />LIB:PRODUITS ACTIVITES ANNEXES,2063.56,0,2025-10-22
626100,PRLV SEPA SAS DUPONT,REF985202,,0,130.97,2025-04-28
445660,PRLV SEPA SAS DUPONT,REF985202,,0,26.20,2025-04-28
411002,VIR RECU SA GARNIER TRANSPORTS,,,23000.00,0,2025-06-30
601100,CB SA GROUPE LEGRAND,,,0,695.52,2025-11-06
445660,CB SA GROUPE LEGRAND,,,0,139.10,2025-11-06
707000,VIR RECU SAS TECHNOLOGY PLUS,,,5953.82,0,2025-08-26
401001,IR SEPA EURL GAUTHIER LOGISTIQUE,,,0,3000.00,2024-01-30
606100,CARTE SA FOURNIER,,,0,128.17,2024-11-07
445660,CARTE SA FOURNIER,,,0,25.64,2024-11-07
411005,VIR RECU SCI ROUSSEL ELECTRICITE,,,1652.45,0,2024-06-04
625200,PAIEMENT CB SAS FAURE,,,0,75.38,2024-08-24
445660,PAIEMENT CB SAS FAURE,,,0,15.08,2024-08-24
411002,VIR RECU SA GARNIER TRANSPORTS,,,45751.47,0,2024-10-31
601100,CB MAIF,,,0,90.17,2025-12-06
445660,CB MAIF,,,0,18.04,2025-12-06
411006,VIR RECU SARL LEFEVRE CONSEIL,REF573140,VIR SEPA NPY:SARL LEFEVRE CONSEIL IBE:FR9254472416792007230350052 BIC:BNPAFRPP PDO:FR RCN:FAC2025304<br />LIB:REGLEMENT FACTURE FAC2025304,10000.00,0,2025-01-06
649000,VIREMENT RECU CPAM,,,907.37,0,2025-12-19
401002,VIREMENT SEPA SARL FOURNIER BTP,,,0,22821.64,2024-11-28
411002,VIREMENT RECU SA GARNIER TRANSPO,,,24500.00,0,2024-07-29
641000,VIR SEPA SALAIRE JANVIER,,,0,3610.31,2024-01-26
758000,VIR RECU SA AERO COMPOSANTS,,VIR SEPA NPY:SA AERO COMPOSANTS<br />LIB:PRODUITS GESTION COURANTE,2337.77,0,2024-11-14
606100,PRLVT SEPA SARL SIMON,REF641187,,0,652.61,2024-12-29
445660,PRLVT SEPA SARL SIMON,REF641187,,0,130.52,2024-12-29
411001,VIR RECU SCI HENRY SECURITE,,,3838.07,0,2025-08-28
411003,VIR RECU SARL GIRARD BTP,,,6097.05,0,2024-10-31
411007,VIR RECU SARL GARCIA DISTRIBUTIO,,,3748.64,0,2024-03-28
613200,PRLV SEPA EURL BERNARD,,,0,2252.23,2024-02-01
445660,PRLV SEPA EURL BERNARD,,,0,450.45,2024-02-01
626100,PRELEVEMENT SEPA SA LEFEVRE,,,0,124.06,2024-07-29
445660,PRELEVEMENT SEPA SA LEFEVRE,,,0,24.81,2024-07-29
486000,CHARGE CONSTATEE AVANCE,,,0,2521.36,2025-12-31
614000,PRELEVEMENT SEPA EURL BERNARD,,,0,579.97,2025-12-20
445660,PRELEVEMENT SEPA EURL BERNARD,,,0,116.00,2025-12-20
706000,VIR RECU SA GROUPE LEGRAND,,VIR SEPA NPY:SA GROUPE LEGRAND<br />LIB:PRESTATIONS SERVICES FAC2024492,1580.00,0,2025-05-10
624000,CB SAS LAURENT,,,0,416.67,2024-01-29
445660,CB SAS LAURENT,,,0,83.33,2024-01-29
411006,VIR RECU SARL LEFEVRE CONSEIL,,,27497.36,0,2024-09-30
211000,VIREMENT SEPA SARL ANDRE,,VIR SEPA NPY:SARL ANDRE<br />LIB:TERRAIN,0,64660.03,2025-11-01
613200,PRLV SEPA EURL BERNARD,,PRLV SEPA NBE:EURL BERNARD<br />LIB:LOYER SEPTEMBRE 2024,0,2500.00,2024-09-02
445660,PRLV SEPA EURL BERNARD,,PRLV SEPA NBE:EURL BERNARD<br />LIB:LOYER SEPTEMBRE 2024,0,500.00,2024-09-02
621000,PRELEVEMENT SEPA EURL BERNARD,,,0,1966.03,2025-11-27
445660,PRELEVEMENT SEPA EURL BERNARD,,,0,393.21,2025-11-27
401002,VIR SEPA SARL FOURNIER BTP,,,0,5977.51,2025-04-03
401001,PRELEVEMENT SEPA EURL GAUTHIER L,,,0,7579.48,2024-06-10
641000,VIREMENT SEPA SALAIRE JANVIER,,,0,1982.50,2024-01-28
445710,VIR SEPA DGFIP TVA,,VIR SEPA NPY:DGFIP<br />LIB:TVA COLLECTEE T4,0,19203.43,2025-10-20
211000,VIREMENT SEPA SARL GAUTIER,REF950178,,0,99553.75,2025-04-16
467000,VIR SAS DUVAL,REF790563,,0,6900.00,2025-07-06
511500,ENCAISSEMENT CB,,,1203.74,0,2024-05-29
627000,ENCAISSEMENT CB,,,0,12.04,2024-05-29
408000,FACTURE NON PARVENUE SARL SIMON,,,0,2644.49,2024-07-31
445510,VIR SEPA DGFIP TVA,,,0,9500.00,2025-07-21
411003,VIR RECU SARL GIRARD BTP,,,15422.07,0,2024-07-29
626000,PRLV SEPA LA POSTE,,PRLV SEPA NBE:LA POSTE<br />LIB:AFFRANCHISSEMENT,0,109.54,2025-07-14
218000,VIR SEPA SAS FAURE,,VIR SEPA NPY:SAS FAURE<br />LIB:IMMOBILISATION CORPORELLE,0,33316.25,2024-02-16
445620,VIR SEPA SAS FAURE,,VIR SEPA NPY:SAS FAURE<br />LIB:IMMOBILISATION CORPORELLE,0,6663.25,2024-02-16
211000,VIR SARL MARTIN,,VIR SEPA NPY:SARL MARTIN<br />LIB:TERRAIN,0,80185.40,2024-07-25
431000,PRELEVEMENT SEPA URSSAF,,,0,4405.15,2024-09-12
625100,CB MAIF,,,0,1516.91,2025-08-25
445660,CB MAIF,,,0,303.38,2025-08-25
512100,VIR INTERNE,,,0,22000.00,2025-10-15
624000,CB CABINET EXPERTISE COMPTABLE,REF502480,,0,401.04,2024-03-26
445660,CB CABINET EXPERTISE COMPTABLE,REF502480,,0,80.21,2024-03-26
612000,PRLV SEPA SAS DUPONT,,,0,1775.04,2025-11-16
445660,PRLV SEPA SAS DUPONT,,,0,355.01,2025-11-16
741000,VIREMENT RECU SUBVENTION,,VIR SEPA NPY:SA INDUSTRIE NORD<br />LIB:SUBVENTION EXPLOITATION 2025,7000.00,0,2025-05-31
641100,VIREMENT SEPA SALAIRE JANVIER,,,0,1420.09,2025-01-27
408000,FACTURE NON PARVENUE SARL SIMON,,,0,3391.85,2025-01-25
601100,PRELEVEMENT SEPA SA GROUPE LEGRA,,,0,6577.13,2024-09-29
445660,PRELEVEMENT SEPA SA GROUPE LEGRA,,,0,1315.43,2024-09-29
627000,PRELEVEMENT SEPA SFR,,,0,15.30,2024-04-26
421000,VIR SEPA SALAIRE SEPTEMBRE,,,0,4788.28,2024-09-25
707000,VIR RECU SA CHIMIE FRANCE,,,8741.14,0,2024-04-27
708000,VIREMENT RECU SARL TRANSPORT EXP,REF395720,VIR SEPA NPY:SARL TRANSPORT EXPRESS<br />LIB:PRODUITS ACTIVITES ANNEXES,2857.50,0,2025-08-02
411004,VIREMENT RECU SA NOEL IMPRIMERIE,,,11441.57,0,2025-09-25
771000,VIREMENT RECU SA GROUPE LEGRAND,,,3149.20,0,2025-09-18
580000,VIR INTERNE,,,0,48000.00,2024-01-30
411004,VIR RECU SA NOEL IMPRIMERIE,,,19598.35,0,2025-11-28
601100,CARTE SA GROUPE LEGRAND,,CB SA GROUPE LEGRAND FACT:FAC2024508<br />LIB:ACHAT FOURNITURES,0,1296.27,2024-03-22
445660,CARTE SA GROUPE LEGRAND,,CB SA GROUPE LEGRAND FACT:FAC2024508<br />LIB:ACHAT FOURNITURES,0,259.26,2024-03-22
411001,VIR RECU SCI HENRY SECURITE,,,9697.01,0,2025-12-28
641000,VIR SEPA SALAIRE FEVRIER,,,0,2046.79,2025-02-26
626000,PRELEVEMENT SEPA EURL BERNARD,,,0,280.10,2024-03-28
706000,VIR RECU SA GROUPE LEGRAND,,,10200.00,0,2025-05-26
641100,VIR SEPA SALAIRE NOVEMBRE,,,0,1491.80,2025-11-28
622000,VIR SEPA EURL MERCIER,,,0,6421.14,2024-05-29
445660,VIR SEPA EURL MERCIER,,,0,1284.23,2024-05-29
606300,CB SAS MOREAU,,,0,1441.67,2025-01-22
445660,CB SAS MOREAU,,,0,288.33,2025-01-22
614000,PRLV SEPA EURL BERNARD,REF299394,,0,524.81,2025-05-11
445660,PRLV SEPA EURL BERNARD,REF299394,,0,104.96,2025-05-11
530000,RETRAIT CAISSE,REF926452,,0,77.96,2025-03-22
635000,PRLV SEPA DGFIP,,,0,215.61,2025-04-25
625200,CB SAS MOREAU,,,0,124.56,2025-04-20
445660,CB SAS MOREAU,,,0,24.91,2025-04-20
408000,FACTURE NON PARVENUE SARL SIMON,,FACTURE NON PARVENUE NBE:SARL SIMON<br />LIB:AVOIR A RECEVOIR,0,3413.84,2025-02-05
421000,VIR SEPA SALAIRE MARS,,,0,2061.60,2025-03-29
625200,CARTE SAS FAURE,,,0,166.67,2025-09-18
445660,CARTE SAS FAURE,,,0,33.33,2025-09-18
661000,AGIOS BANCAIRES,,AGIOS BANCAIRES<br />LIB:AGIOS TRIMESTRIELS T3 2024,0,362.38,2024-09-01
401007,VIR SEPA SAS MASSON CONSEIL,,,0,6900.00,2025-04-06
401001,VIR SEPA EURL GAUTHIER LOGISTIQU,REF965706,,0,3168.05,2024-08-12
628000,CB SARL PETIT,REF282948,,0,21.64,2024-01-27
164000,PRELEVEMENT SEPA ECHEANCE EMPRUN,,,0,4555.41,2024-12-27
661100,PRELEVEMENT SEPA ECHEANCE EMPRUN,,,0,1024.97,2024-12-27
616000,PRELEVEMENT SEPA ECHEANCE EMPRUN,,,0,113.89,2024-12-27
205000,VIR SEPA EURL MERCIER,,,0,8577.36,2024-05-26
514000,REMISE CHEQUE,,,8920.74,0,2024-07-31
401004,PRLV SEPA SAS GARCIA INDUSTRIE,,,0,3400.09,2025-03-09
646000,PRELEVEMENT SEPA POLE EMPLOI,,PRLV SEPA NBE:POLE EMPLOI<br />LIB:COTISATIONS CHOMAGE T3,0,4589.14,2025-08-08
621000,PRLVT SPA SAS DUPONT,,,0,6995.59,2025-12-23
445660,PRLVT SPA SAS DUPONT,,,0,1399.12,2025-12-23
606100,PRLVT SEPA SAS MOREAU,,,0,156.04,2024-05-27
445660,PRLVT SEPA SAS MOREAU,,,0,31.21,2024-05-27
626000,PRLV SPA LA POSTE,,,0,175.63,2025-07-27
401002,PRLVT SEPA SARL FOURNIER BTP,,,0,1412.93,2025-01-21
421000,VIREMENT SEPA SALAIRE JUILLET,,,0,3085.12,2025-07-31
708000,VIR RECU SARL MODE TEXTILE,,VIR SEPA NPY:SARL MODE TEXTILE<br />LIB:PRODUITS ACTIVITES ANNEXES,1099.04,0,2025-08-27
613200,PRLVT SEPA SARL GAUTIER,,,0,1178.02,2024-09-01
445660,PRLVT SEPA SARL GAUTIER,,,0,235.61,2024-09-01
641000,VIR SEPA SALAIRE SEPTMBRE,,,0,3991.91,2024-09-29
606100,CB SA FOURNIER,,CB SA FOURNIER<br />LIB:FOURNITURES NON STOCKABLES,0,125.55,2025-03-09
445660,CB SA FOURNIER,,CB SA FOURNIER<br />LIB:FOURNITURES NON STOCKABLES,0,25.11,2025-03-09
512000,VIR RECU SARL PETIT,,,23095.84,0,2024-06-09
707000,VIR RECU SAS TECHNOLOGY PLUS,,,3064.13,0,2025-06-28
411001,VIREMENT RECU SCI HENRY SECURITE,,,3190.76,0,2024-08-10
401002,PRLV SEPA SARL FOURNIER BTP,,,0,4000.00,2024-05-28
641000,VIR SEPA SALAIRE AVRIL,,,0,4133.70,2025-04-29
437000,PRLV SEPA POLE EMPLOI,,PRLV SEPA NBE:FRANCE TRAVAIL<br />LIB:COTISATIONS CHOMAGE T4,0,2139.68,2024-11-10
512000,VIREMENT RECU SAS FAURE,,VIR SEPA NPY:SAS FAURE<br />LIB:VIREMENT RECU,5000.00,0,2024-11-03
411001,VIREMENT RECU SCI HENRY SECURITE,,VIR SEPA NPY:SCI HENRY SECURITE IBE:DE79571492966369656769 BIC:DEUTDEFF PDO:DE<br />LIB:REGLEMENT CLIENT FAC2025489,28010.96,0,2024-09-29
403000,VIR SEPA SA GROUPE LEGRAND,,,0,11031.80,2024-02-27
404000,VIR SEPA SAS FAURE,,,0,13568.86,2024-10-28
211000,VIR SARL GAUTIER,,,0,80700.00,2025-03-23
641000,VIR SEPA SALAIE JUIN,,,0,4000.00,2025-06-28
775000,VIR RECU SA GROUPE ALIMENTAIRE,,VIR SEPA NPY:SA GROUPE ALIMENTAIRE<br />LIB:CESSION VEHICULE,21715.43,0,2024-01-13
707000,VIREMENT RECU SAS TECHNOLOGY PLU,,,1500.00,0,2024-10-07
401008,VIR SEPA SAS BLANC SECURITE,,VIR SEPA REF:FR71373072 NPY:SAS BLANC SECURITE<br />LIB:COMMANDE FOURNITURES LCC:BON COMMANDE 335831,0,19201.25,2025-05-19
707000,VIR RECU SA CHIMIE FRANCE,,,16456.10,0,2024-09-10
628000,CB ENGIE,,,0,50.00,2025-08-08
411001,VIREMENT RECU SCI HENRY SECURITE,REF589186,,28208.22,0,2024-07-25
658000,VIR SEPA SAS LAURENT,,VIR SEPA NPY:SAS LAURENT<br />LIB:CHARGES GESTION COURANTE,0,1409.11,2024-09-25
530000,RETRAIT CAISSE,REF641578,,0,890.63,2025-12-27
445510,VIREMENT SEPA DGFIP TVA,,,0,2000.00,2025-07-24
706000,VIREMENT RECU SA INDUSTRIE NORD,,,8748.81,0,2025-11-28
401001,VIR SEPA EURL GAUTHIER LOGISTIQU,,VIR SEPA REF:FR69368264 NPY:EURL GAUTHIER LOGISTIQUE<br />LIB:FACTURE FOURNISSEUR FAC2024403 LC2:ECHEANCE JUILLET,0,6500.00,2025-07-26
635000,PRELEVEMENT SEPA DGFIP,,PRLV SEPA NBE:DGFIP<br />LIB:AUTRES IMPOTS 2024,0,2988.69,2024-01-27
641000,VIR SEPA SALAIRE JANVIER,,,0,2206.44,2025-01-30
645000,PRELEVEMENT SEPA URSSAF,,,0,11303.52,2025-05-09
613200,PRLV SEPA EURL MERCIER,,,0,1971.05,2024-04-02
445660,PRLV SEPA EURL MERCIER,,,0,394.21,2024-04-02
707000,VIR RECU SARL MODE TEXTILE,,,4292.45,0,2025-02-09
671000,VIR SAS LAMBERT,,,0,714.89,2025-10-03
661000,INTERETS EMPRUNT,,,0,1888.23,2024-09-26
580000,VIR INTERNE,,,0,46524.54,2024-02-10
708000,VIREMENT RECU SARL TRANSPORT EXP,,,4800.00,0,2025-04-10
601100,PRLV SEPA SARL ANDRE,,PRLV SEPA NBE:SARL ANDRE<br />LIB:COMMANDE FAC2024257,0,3883.33,2024-10-26
445660,PRLV SEPA SARL ANDRE,,PRLV SEPA NBE:SARL ANDRE<br />LIB:COMMANDE FAC2024257,0,776.67,2024-10-26
641000,VIR SEPA SALAIRE FEVRIER,,VIR SEPA<br />LIB:SALAIRE FEVRIER 2025,0,2897.04,2025-02-25
261000,VIR SEPA SAS DUPONT,REF818651,,0,5926.41,2025-04-12
431000,PRELEVEMENT SEPA URSSAF,,,0,12538.93,2024-11-14
471000,OPERATION ATTENTE,REF814111,,0,4427.54,2024-03-14
411002,VIR RECU SA GARNIER TRANSPORTS,,,16380.00,0,2025-03-22
641000,VIR SALAIRE NVEMBRE,,VIR SEPA<br />LIB:REMUNERATION NOVEMBRE,0,2320.22,2025-11-28
713000,VIREMENT RECU EURL ARTISAN BOIS,,,8300.00,0,2025-12-30
512100,VIR INTERNE,,,0,45800.00,2025-11-10
514000,REMISE CHEQUE,,,7082.23,0,2025-07-30
708000,VIREMENT RECU SARL COMMERCE DU S,REF970370,VIR SEPA NPY:SARL COMMERCE DU SUD<br />LIB:PRODUITS ACTIVITES ANNEXES,495.68,0,2025-10-31
512000,VIR INTERNE,,,0,34041.90,2025-01-07
661000,INTERETS EMPRUNT,,,0,216.63,2024-11-25
401004,PRLVT SEPA SAS GARCIA INDUSTRIE,,,0,6114.75,2025-09-27
602000,PAIEMENT CB SAS MOREAU,,CB SAS MOREAU<br />LIB:ACHAT MATIERES PREMIERES,0,5833.33,2025-09-26
445660,PAIEMENT CB SAS MOREAU,,CB SAS MOREAU<br />LIB:ACHAT MATIERES PREMIERES,0,1166.67,2025-09-26
421000,VIR SALAIRE OCTOBRE,,,0,5000.00,2025-10-25
611000,PRELEVEMENT SPA SARL BONNET,,,0,11515.47,2025-12-10
445660,PRELEVEMENT SPA SARL BONNET,,,0,2303.09,2025-12-10
611000,PRLV SEPA SAS FAURE,REF203725,,0,11839.60,2025-08-27
445660,PRLV SEPA SAS FAURE,REF203725,,0,2367.92,2025-08-27
512000,VIR INTERNE,,VIR INTERNE REF:FR61548537<br />LIB:VIREMENT DE COMPTE A COMPTE,0,19799.96,2025-07-04
401001,VIREMENT SEPA EURL GAUTHIER LOGI,,,0,1844.31,2025-01-27
512000,VIREMENT RECU SARL PETIT,,,16295.86,0,2024-01-28
431000,PRELEVEMENT SEPA URSSAF,REF786529,,0,14547.48,2025-06-06
512000,VIR RECU SAS MOREAU,REF859459,VIR SEPA NPY:SAS MOREAU<br />LIB:VIREMENT RECU,7610.00,0,2025-11-02
626000,PRLVT SEPA LA POSTE,REF895572,PRLV SEPA NBE:LA POSTE<br />LIB:AFFRANCHISSEMENT,0,12.29,2024-03-26
404000,VIREMENT SEPA SAS FAURE,REF871271,,0,4621.85,2024-03-25
401004,PRLV SEPA SAS GARCIA INDUSTRIE,,,0,7396.47,2024-02-28
580000,VIR INTERNE,,VIR INTERNE<br />LIB:VIREMENT INTERNE,0,25000.00,2024-12-26
601100,PRLV SEPA EDF,,,0,1666.67,2025-05-29
445660,PRLV SEPA EDF,,,0,333.33,2025-05-29
635000,PRELEVEMENT SEPA GFIP,,PRLV SEPA NBE:DGFIP<br />LIB:AUTRES IMPOTS 2025,0,2122.26,2025-04-30
401001,VIR SEPA EURL GAUTHIER LOGISTIQU,REF174110,,0,10433.91,2024-08-27
411003,VIR RECU SARL GIRARD BTP,,,11042.79,0,2025-03-24
622000,VIR SEPA EURL MERCIER,,,0,3237.64,2024-03-01
445660,VIR SEPA EURL MERCIER,,,0,647.53,2024-03-01
411005,VIR RECU SCI ROUSSEL ELECTRICITE,,,39010.00,0,2024-01-14
613200,PRLVT SEPA SAS FAURE,,,0,3711.97,2025-11-01
445660,PRLVT SEPA SAS FAURE,,,0,742.40,2025-11-01
401005,PRLV SEPA SCI GUERIN IMPRIMERIE,,PRLV SEPA CPY:FR66912287 RUM:FR66912287 NBE:SCI GUERIN IMPRIMERIE<br />LIB:REGLEMENT FACTURE,0,6277.25,2025-09-02
401001,VIR EURL GAUTHIER LOGISTIQUE,,,0,3972.51,2025-09-14
612000,PRELEVEMENT SEPA SARL PETIT,,,0,3981.22,2025-06-26
445660,PRELEVEMENT SEPA SARL PETIT,,,0,796.25,2025-06-26
213100,VIR SEPA SARL PETIT,REF124126,,0,54840.41,2025-04-29
512000,REMISE CHEQUE,,,6906.21,0,2024-04-12
626000,PRELEVEMENT SEPA SARL GAUTIER,,,0,172.65,2025-06-28
275000,VIR SEPA SAS LAMBERT,,,0,7798.33,2025-08-06
661000,FRAIS BANCAIRES,,,0,150.00,2024-12-22
641000,VIR SALAIRE JANVIER,,,0,3970.30,2025-01-30
646000,PRLV SEPA POLE EMPLOI,,,0,1000.00,2024-11-06
530000,RETRAIT CAISSE,,RETRAIT DAB<br />LIB:APPROVISIONNEMENT CAISSE,0,557.65,2024-06-20
401001,VIR SEPA EURL GAUTHIER LOGISTIQU,,,0,21630.26,2024-05-28
275000,VIR SA GROUPE LEGRAND,,VIR SEPA NPY:SA GROUPE LEGRAND<br />LIB:DEPOT GARANTIE,0,4979.49,2024-01-25
631000,PRLVT SEPA DGFIP,,,0,2223.08,2025-10-25
401003,VIR SARL GIRARD SECURITE,,VIR SEPA REF:FR18019805 NPY:SARL GIRARD SECURITE<br />LIB:FACTURE FOURNISSEUR FAC2025787 LC2:ECHEANCE SEPTEMBRE,0,1193.70,2025-09-01
625100,PAIEMENT CB MAIF,,CB MAIF<br />LIB:DEPLACEMENT MISSION,0,645.65,2024-12-22
445660,PAIEMENT CB MAIF,,CB MAIF<br />LIB:DEPLACEMENT MISSION,0,129.13,2024-12-22
613200,PRLV SEPA SAS MOREAU,,,0,3333.33,2024-07-01
445660,PRLV SEPA SAS MOREAU,,,0,666.67,2024-07-01
606100,CB SARL CONSULTANT RH,,,0,215.62,2024-03-29
445660,CB SARL CONSULTANT RH,,,0,43.12,2024-03-29
631000,PRELEVEMENT SEPA DGFIP,,PRLV SEPA NBE:DGFIP<br />LIB:TAXE APPRENTISSAGE 2024,0,745.77,2024-03-07
641000,VIR SALAIRE JUIN,,VIR SEPA<br />LIB:REMUNERATION JUIN,0,3485.90,2025-06-27
411004,VIR RECU SA NOEL IMPRIMERIE,,,29550.00,0,2024-09-15
771000,VIR RCU EURL ARTISAN BOIS,REF239247,,15690.00,0,2025-10-28
631000,PRELEVEMENT SEPA DGFIP,,,0,1160.62,2024-07-27
403000,VIR SEPA SCI ROUX,,VIR SEPA NPY:SCI ROUX<br />LIB:EFFETS A PAYER,0,9000.00,2024-11-29
741000,VIR RECU SUBVENTION,,,32212.11,0,2025-03-29
601100,PRELEVEMENT SEPA EURL MERCIER,REF462814,,0,6618.47,2024-09-27
445660,PRELEVEMENT SEPA EURL MERCIER,REF462814,,0,1323.69,2024-09-27
601100,PAIEMENT CB SA GROUPE LEGRAND,REF468845,,0,1284.27,2024-11-04
445660,PAIEMENT CB SA GROUPE LEGRAND,REF468845,,0,256.85,2024-11-04
645000,PRLV SEPA URSSAF,,,0,10830.00,2024-09-12
704000,VIR RECU SA CHIMIE FRANCE,,VIR SEPA NPY:SA CHIMIE FRANCE<br />LIB:TRAVAUX FAC2025651,16991.93,0,2024-08-30
401001,VIREMENT SEPA EURL GAUTHIER LOGI,REF357912,VIR SEPA REF:FR85621892 NPY:EURL GAUTHIER LOGISTIQUE<br />LIB:COMMANDE FOURNITURES LCC:BON COMMANDE 322343,0,23319.04,2024-03-07
205000,VIR SARL ANDRE,REF351845,,0,18448.92,2024-12-02
419000,VIR RECU SAS DIGITAL SERVICES,,VIR SEPA NPY:SAS DIGITAL SERVICES<br />LIB:ACOMPTE CLIENT,8825.27,0,2024-01-18
706000,VIR RECU SA INDUSTRIE NORD,,,12601.63,0,2024-10-23
411006,VIREMENT RECU SARL LEFEVRE CONSE,,VIR SEPA NPY:SARL LEFEVRE CONSEIL IBE:FR9254472416792007230350052 BIC:BNPAFRPP PDO:FR RCN:FAC2025192<br />LIB:REGLEMENT FACTURE FAC2025192,37245.40,0,2024-10-30
512000,REMISE CHEQUE,,,581.38,0,2024-09-25
411005,VIR RECU SCI ROUSSEL ELECTRICITE,,VIR SEPA NPY:SCI ROUSSEL ELECTRICITE IBE:DE59148090265642462589 BIC:DEUTDEFF PDO:DE<br />LIB:REGLEMENT CLIENT FAC2025174,16500.00,0,2025-03-25
706000,VIR RECU EURL DESIGN STUDIO,,,16730.24,0,2025-10-26
614000,PRELEVEMENT SEPA EURL BERNARD,,,0,820.62,2024-12-25
445660,PRELEVEMENT SEPA EURL BERNARD,,,0,164.13,2024-12-25
631000,PRELEVEMENT SEPA DGFIP,,,0,2790.37,2024-07-05
701000,VIR RECU SAS TECHNOLOGY PLUS,,,1152.14,0,2024-10-09
621000,PRLV SEPA SARL BONNET,,PRLV SEPA NBE:SARL BONNET<br />LIB:PERSONNEL INTERIMAIRE,0,5833.33,2024-06-28
445660,PRLV SEPA SARL BONNET,,PRLV SEPA NBE:SARL BONNET<br />LIB:PERSONNEL INTERIMAIRE,0,1166.67,2024-06-28
641000,VIR SEPA SALAIRE AOUT,,,0,1947.30,2024-08-27
615000,PRLV SEPA SAS DUPONT,,,0,1670.03,2025-05-07
445660,PRLV SEPA SAS DUPONT,,,0,334.01,2025-05-07
261000,VIR SEPA SAR ANDRE,,,0,23310.07,2025-06-26
623000,CB SAS MOEAU,,CB SAS MOREAU<br />LIB:PUBLICITE ANNONCES,0,641.82,2025-03-25
445660,CB SAS MOEAU,,CB SAS MOREAU<br />LIB:PUBLICITE ANNONCES,0,128.36,2025-03-25
706000,VIREMENT RECU EURL DESGN STUDIO,,,3203.99,0,2024-12-11
403000,VIR SA GROUPE LEGRAND,REF685955,,0,29419.19,2025-10-18
511500,ENCAISSEMENT CB,,REMISE CB DU 240924<br />LIB:ENCAISSEMENT CARTE,242.37,0,2024-09-24
627000,ENCAISSEMENT CB,,REMISE CB DU 240924<br />LIB:ENCAISSEMENT CARTE,0,2.42,2024-09-24
613200,PRLV SEPA SARL BONNET,,PRLV SEPA NBE:SARL BONNET<br />LIB:LOYER FEVRIER 2025,0,1820.13,2025-02-02
445660,PRLV SEPA SARL BONNET,,PRLV SEPA NBE:SARL BONNET<br />LIB:LOYER FEVRIER 2025,0,364.03,2025-02-02
445510,VIR SEPA DGFIP TVA,,,0,1650.34,2025-01-18
637000,PRLV SEPA DGFIP,,,0,2900.75,2025-10-13
601100,PRELEVEMENT SEPA SARL PETIT,,PRLV SEPA NBE:SARL PETIT<br />LIB:COMMANDE FAC2025018,0,537.77,2024-04-26
445660,PRELEVEMENT SEPA SARL PETIT,,PRLV SEPA NBE:SARL PETIT<br />LIB:COMMANDE FAC2025018,0,107.55,2024-04-26
615000,PRLV SEPA SAS DUPONT,,,0,1666.67,2024-04-22
445660,PRLV SEPA SAS DUPONT,,,0,333.33,2024-04-22
641100,VIR SEPA SALAIRE JUIN,,,0,2000.00,2024-06-25
621000,PRLV SEPA SAS DUPONT,,PRLV SEPA NBE:SAS DUPONT<br />LIB:PERSONNEL INTERIMAIRE,0,1666.67,2024-01-30
445660,PRLV SEPA SAS DUPONT,,PRLV SEPA NBE:SAS DUPONT<br />LIB:PERSONNEL INTERIMAIRE,0,333.33,2024-01-30
641000,VIR SEPA SALAIRE MAI,,,0,2727.44,2024-05-27
218000,CB SAS FAURE,,,0,14833.33,2024-05-08
445620,CB SAS FAURE,,,0,2966.67,2024-05-08
421000,VIREMENT SEPA SALAIRE NOVEMBRE,,VIR SEPA<br />LIB:SALAIRE NOVEMBRE 2024,0,2200.00,2024-11-26
635000,PRLVT SEPA DGFIP,,,0,3968.33,2025-11-25
741000,VIREMENT RECU SUBVENTION,,,32136.68,0,2025-08-31
613200,PRLVT SEPA SA GROUPE LEGRAND,,,0,2390.84,2025-01-05
445660,PRLVT SEPA SA GROUPE LEGRAND,,,0,478.17,2025-01-05
645000,PRLV SEPA URSSAF,,,0,8700.28,2024-11-08
616000,PRLV SEPA AXA ASSURANCES,,PRLV SEPA NBE:AXA ASSURANCES<br />LIB:PRIME ASSURANCE,0,2298.65,2024-09-20
701000,VIREMENT RECU SAS TECHNOLOGY PLU,,,430.00,0,2025-09-22
512000,FRAIS BANCAIRES,REF591461,,0,107.18,2024-02-26
701000,VIR RECU SAS TECHNOLOGY PLUS,,,22594.50,0,2024-08-12
261000,VIR SARL ANDRE,,,0,23555.01,2025-09-27
530000,RETRAIT CAISSE,,RETRAIT DAB<br />LIB:APPROVISIONNEMENT CAISSE,0,700.00,2025-06-27
401005,PRLV SEPA SCI GUERIN IMPRIMERIE,,,0,707.35,2025-07-01
437000,PRLV SEPA POLE EMPLOI,,,0,1100.00,2024-06-07
601100,CB EDF,,,0,1175.67,2025-03-20
445660,CB EDF,,,0,235.14,2025-03-20
213100,VIR SEPA SARL GAUTIER,,VIR SEPA NPY:SARL GAUTIER<br />LIB:CONSTRUCTION,0,59642.10,2024-09-28
401007,PRLV SEPA SAS MASSON CONSEIL,,,0,7396.12,2024-09-19
512000,FRAIS BANCAIRES,,FRAIS BANCAIRES<br />LIB:FRAIS DE GESTION JUIN,0,85.31,2025-06-28
275000,VIREMENT SEPA SA LEFEVRE,,VIR SEPA NPY:SA LEFEVRE<br />LIB:DEPOT GARANTIE,0,887.92,2024-10-04
431000,PRLV SEPA URSSAF,REF846995,PRLV SEPA NBE:URSSAF<br />LIB:COTISATIONS NOVEMBRE,0,12678.66,2024-11-09
614000,PRLV SEPA EURL BERNARD,,,0,889.98,2025-01-31
445660,PRLV SEPA EURL BERNARD,,,0,178.00,2025-01-31
613200,PRELEVEMENT SEPA EURL BERNARD,,,0,2664.98,2024-08-01
445660,PRELEVEMENT SEPA EURL BERNARD,,,0,533.00,2024-08-01
641000,VIR SEPA SALAIRE FEVRIER,,,0,2413.98,2024-02-29
641000,VIR SEPA SALAIRE DECEMBRE,,VIR SEPA<br />LIB:SALAIRE DECEMBRE 2025,0,4349.22,2025-12-29
606100,CB EURL MERCIER,,,0,67.27,2024-07-28
445660,CB EURL MERCIER,,,0,13.46,2024-07-28
641000,VIREMENT SEPA SALAIRE FEVRIER,REF443032,,0,1806.47,2024-02-27
213100,VIR SEPA SA GROUPE LEGRAND,,,0,38593.54,2024-05-02
628000,CB CABINET EXPERTISE COMPTABLE,,,0,38.09,2024-07-26
601100,CB EDF,REF232321,CB EDF<br />LIB:ACHAT MARCHANDISES,0,3718.57,2024-01-28
445660,CB EDF,REF232321,CB EDF<br />LIB:ACHAT MARCHANDISES,0,743.71,2024-01-28
606100,CB SAS MORAU,,,0,331.57,2025-02-28
445660,CB SAS MORAU,,,0,66.31,2025-02-28
627000,PRLV SEPA OVH SAS,,,0,12.79,2025-09-08
708000,VIREMENT RECU SARL MODE TEXTILE,,VIR SEPA NPY:SARL MODE TEXTILE<br />LIB:PRODUITS ACTIVITES ANNEXES,500.00,0,2025-01-17
411002,VIREMENT RECU SA GARNIER TRANSPO,REF524221,,18942.09,0,2024-04-28
401007,PRLVT SEPA SAS MASSON CONSEIL,,,0,687.68,2025-09-11
401001,VIREMENT SEPA EURL GAUTHIER LOGI,REF838813,VIR SEPA REF:FR84527719 NPY:EURL GAUTHIER LOGISTIQUE<br />LIB:FACTURE FOURNISSEUR FAC2024794 LC2:ECHEANCE JUIN,0,6487.42,2025-06-11
411006,VIREMEN RECU SARL LEFEVRE CONSEI,,,5193.25,0,2025-03-28
708000,IREMENT RECU SARL TRANSPORT EXPR,,VIR SEPA NPY:SARL TRANSPORT EXPRESS<br />LIB:PRODUITS ACTIVITES ANNEXES,1312.73,0,2025-12-29
641000,VIREMENT SEPA SALAIRE FEVRIER,REF507466,VIR SEPA<br />LIB:REMUNERATION FEVRIER,0,3249.04,2024-02-29
624000,CB SAS LAURENT,REF480092,CB SAS LAURENT<br />LIB:TRANSPORT LIVRAISON,0,195.41,2025-03-09
445660,CB SAS LAURENT,REF480092,CB SAS LAURENT<br />LIB:TRANSPORT LIVRAISON,0,39.08,2025-03-09
645000,PRLVT SEPA URSSAF,,,0,6249.49,2025-12-10
411001,VIR RECU SCI HENRY SECURITE,REF574469,,44868.37,0,2024-10-23
401001,VIREMENT SEPA EURL GAUHIER LOGIS,,,0,10848.37,2024-11-25
613200,PRLV SEPA EURL MERCIER,,,0,1146.51,2025-06-02
445660,PRLV SEPA EURL MERCIER,,,0,229.30,2025-06-02
164000,PRLV SEPA ECHEANCE EMPRUNT,REF528624,PRLV SEPA<br />LIB:ECHEANCE EMPRUNT FR37227505,0,3480.20,2024-10-07
661100,PRLV SEPA ECHEANCE EMPRUNT,REF528624,PRLV SEPA<br />LIB:ECHEANCE EMPRUNT FR37227505,0,783.05,2024-10-07
616000,PRLV SEPA ECHEANCE EMPRUNT,REF528624,PRLV SEPA<br />LIB:ECHEANCE EMPRUNT FR37227505,0,87.01,2024-10-07
615000,PRELEVEMENT SEPA SAS DUPONT,,PRLV SEPA NBE:SAS DUPONT<br />LIB:ENTRETIEN REPARATIONS,0,539.61,2024-07-27
445660,PRELEVEMENT SEPA SAS DUPONT,,PRLV SEPA NBE:SAS DUPONT<br />LIB:ENTRETIEN REPARATIONS,0,107.92,2024-07-27
601100,CARTE MAIF,,CB MAIF<br />LIB:ACHAT MARCHANDISES,0,3166.32,2024-09-27
445660,CARTE MAIF,,CB MAIF<br />LIB:ACHAT MARCHANDISES,0,633.26,2024-09-27
624000,CARTE CABINET EXPERTISE COMPTABL,,CB CABINET EXPERTISE COMPTABLE<br />LIB:TRANSPORT LIVRAISON,0,154.36,2024-02-29
445660,CARTE CABINET EXPERTISE COMPTABL,,CB CABINET EXPERTISE COMPTABLE<br />LIB:TRANSPORT LIVRAISON,0,30.87,2024-02-29
411002,VIR RECU SA GARNIER TRANSPORTS,REF138223,,2000.00,0,2025-06-28
411003,VIREMENT RECU SARL GIRARD BTP,,VIR SEPA NPY:SARL GIRARD BTP IBE:FR6565717087582511379734835 BIC:AGRIFRPP PDO:FR<br />LIB:REGLEMENT CLIENT FAC2025471,13200.00,0,2024-07-27
411004,VIR RECU SA NOEL IMPRIMERIE,,,10500.87,0,2025-02-28
401001,VIR SEPA EURL GAUTHIER LOGISTIQU,,,0,18000.00,2024-11-18
757000,VIREMENT RECU SA AERO COMPOSANTS,,,1761.89,0,2025-10-15
627000,PRLV SEPA ORANGE SA,,PRLV SEPA NBE:ORANGE SA<br />LIB:ABONNEMENT MOBILE,0,62.27,2024-04-25
641000,VIR SEPA SALAIRE DECEMBRE,,,0,2864.93,2024-12-25
627000,PRLV SEPA SFR,,PRLV SEPA NBE:SFR<br />LIB:FORFAIT MOBILE,0,30.82,2024-08-25
411001,VIREMENT RECU SCI HENRY SECURITE,,VIR SEPA NPY:SCI HENRY SECURITE IBE:DE79571492966369656769 BIC:DEUTDEFF PDO:DE<br />LIB:REGLEMENT CLIENT FAC2025321,21179.89,0,2024-06-07
606100,CARTE SA FOURNIER,,,0,204.50,2024-10-28
445660,CARTE SA FOURNIER,,,0,40.90,2024-10-28
411001,VIREMENT RECU SCI HENRY SECURITE,,VIR SEPA NPY:SCI HENRY SECURITE IBE:DE79571492966369656769 BIC:DEUTDEFF PDO:DE<br />LIB:REGLEMENT CLIENT FAC2025045,10923.94,0,2024-11-29
618000,CARTE SARL MARTN,REF699027,,0,416.67,2024-09-28
445660,CARTE SARL MARTN,REF699027,,0,83.33,2024-09-28
512000,REMISE CHEQUE,,,13966.40,0,2024-04-09
164000,PRLV SEPA ECHEANCE EMPRUNT,,PRLV SEPA<br />LIB:ECHEANCE EMPRUNT FR63853746,0,2400.00,2025-12-14
661100,PRLV SEPA ECHEANCE EMPRUNT,,PRLV SEPA<br />LIB:ECHEANCE EMPRUNT FR63853746,0,540.00,2025-12-14
616000,PRLV SEPA ECHEANCE EMPRUNT,,PRLV SEPA<br />LIB:ECHEANCE EMPRUNT FR63853746,0,60.00,2025-12-14
401004,VIREMENT SEPA SAS GARCIA INDUSTR,,VIR SEPA REF:FR28520398 NPY:SAS GARCIA INDUSTRIE<br />LIB:COMMANDE FOURNITURES LCC:BON COMMANDE 236512,0,13067.09,2025-07-22
580000,VIR INTERNE,,,0,13405.29,2025-06-25
618000,PAIEMENT CB SCI ROUX,,,0,328.27,2024-08-10
445660,PAIEMENT CB SCI ROUX,,,0,65.65,2024-08-10
401001,PRLV SEPA EURL GAUTHIER LOGISTIQ,,PRLV SEPA CPY:FR13334766 NBE:EURL GAUTHIER LOGISTIQUE<br />LIB:FACTURE FAC2025805,0,62.03,2025-09-30
706000,VIREMENT RECU SA INDUSTRIE NORD,,VIR SEPA NPY:SA INDUSTRIE NORD<br />LIB:HONORAIRES NOVEMBRE,10000.00,0,2024-11-25
403000,VIREMENT SEPA SA GROUPE LEGRAND,,,0,7158.14,2025-09-29
622000,VIREMENT SEPA SA FOURNIER,,,0,3039.12,2025-10-29
445660,VIREMENT SEPA SA FOURNIER,,,0,607.82,2025-10-29
625100,CB SARL GAUTIER,,,0,499.38,2025-10-17
445660,CB SARL GAUTIER,,,0,99.88,2025-10-17
641000,VIR SALAIRE MAI,,,0,3600.00,2024-05-25
626000,PRLV SEPA LA POSTE,,,0,148.94,2024-02-29
641000,VIR SEPA SALAIRE SEPTEMBRE,,,0,4237.16,2024-09-27
625100,CB MAIF,REF615791,,0,1394.22,2024-11-29
445660,CB MAIF,REF615791,,0,278.85,2024-11-29
701000,VIREMENT RECU EURL DESIGN STUDIO,,VIR SEPA NPY:EURL DESIGN STUDIO<br />LIB:VENTE PRODUITS FINIS FAC2025991,26000.00,0,2025-11-15
601100,PLV SEPA SA GROUPE LEGRAND,,,0,6167.77,2024-02-25
445660,PLV SEPA SA GROUPE LEGRAND,,,0,1233.55,2024-02-25
421000,VIR SALAIRE NOVEMBRE,,,0,4885.89,2025-11-25
164000,PRLV SEPA ECHEANCE EMPRUNT,,,0,3435.86,2025-12-25
661100,PRLV SEPA ECHEANCE EMPRUNT,,,0,773.07,2025-12-25
616000,PRLV SEPA ECHEANCE EMPRUNT,,,0,85.90,2025-12-25
512000,REMISE CHEQUE,,,9017.07,0,2024-10-30
512000,VIR INTERNE,,VIR INTERNE REF:FR15973820<br />LIB:VIREMENT DE COMPTE A COMPTE,0,5657.60,2024-10-27
401001,VIR SEPA EURL GAUTHIER LOGISTIQU,REF210210,,0,155.23,2024-08-01
707000,VIR RECU SAS TECHNOLOGY PLUS,,,21996.31,0,2024-10-30
601100,CB SA GROUPE LEGRAND,REF893969,,0,2210.37,2025-10-27
445660,CB SA GROUPE LEGRAND,REF893969,,0,442.08,2025-10-27
601100,PRLVT SEPA SFR,,,0,6498.45,2025-02-28
445660,PRLVT SEPA SFR,,,0,1299.69,2025-02-28
707000,VIR RECU SAS TECHNOLOGY PLUS,,,7100.00,0,2025-06-25
613200,PRLV SEPA SARL BONNET,,,0,2500.00,2024-01-03
445660,PRLV SEPA SARL BONNET,,,0,500.00,2024-01-03
467000,VIR SEPA SAS DUVAL,REF426208,,0,3200.00,2024-09-27
618000,PAIEMENT CB SAS MOREAU,REF720977,CB SAS MOREAU<br />LIB:DOCUMENTATION TECHNIQUE,0,245.47,2025-05-26
445660,PAIEMENT CB SAS MOREAU,REF720977,CB SAS MOREAU<br />LIB:DOCUMENTATION TECHNIQUE,0,49.10,2025-05-26
411002,VIR RECU SA GARNIER TRANSPORTS,REF406991,,6628.43,0,2024-02-17
205000,VIR SEPA SARL ANDRE,,,0,19202.77,2024-06-30
601100,PRELEVEMENT SEPA EDF,,,0,5542.44,2025-04-04
445660,PRELEVEMENT SEPA EDF,,,0,1108.49,2025-04-04
628000,PAIEMENT CB AXA ASSURANCES,,,0,172.89,2025-09-23
758700,VIR RECU MACIF,,,6942.08,0,2025-04-28
401005,VIR SEPA SCI GUERIN IMPRIMERIE,,,0,1908.57,2025-05-10
641000,VIR SALAIRE MAI,,VIR SEPA<br />LIB:SALAIRE MAI 2024,0,2447.90,2024-05-30
708000,VIREMNT RECU SARL MODE TEXTILE,,,260.26,0,2024-11-15
706000,VIREMENT RECU EURL DESIGN STUDIO,,,9879.76,0,2025-11-27
625100,CARTE SARLGAUTIER,,CB SARL GAUTIER<br />LIB:FRAIS VOYAGE,0,264.00,2024-03-29
445660,CARTE SARLGAUTIER,,CB SARL GAUTIER<br />LIB:FRAIS VOYAGE,0,52.80,2024-03-29
164000,PRLV SEPA ECHEANCE EMPUNT,,PRLV SEPA<br />LIB:ECHEANCE EMPRUNT FR53714169,0,4517.40,2024-11-25
661100,PRLV SEPA ECHEANCE EMPUNT,,PRLV SEPA<br />LIB:ECHEANCE EMPRUNT FR53714169,0,1016.41,2024-11-25
616000,PRLV SEPA ECHEANCE EMPUNT,,PRLV SEPA<br />LIB:ECHEANCE EMPRUNT FR53714169,0,112.93,2024-11-25
613200,PRLV SEPA SARL BONNET,,,0,3416.67,2024-05-03
445660,PRLV SEPA SARL BONNET,,,0,683.33,2024-05-03
628000,CB BOUYGUES TELECOM,REF290162,,0,180.00,2024-01-16
408000,FACTURE NON PARVENUE SAS MOREAU,,FACTURE NON PARVENUE NBE:SAS MOREAU<br />LIB:AVOIR A RECEVOIR,0,2431.21,2024-06-07
706000,VIREMENT RECU SA GROUPE LEGRAND,,,1132.81,0,2025-12-24
641000,VIR SEPA SALAIRE JANVIER,,,0,3749.12,2024-01-30
401001,VIR SEPA EURLGAUTHIER LOGISTIQUE,,,0,5082.99,2025-01-30
411007,VIR RECU SARL GARCIA DISTRIBUTIO,,,47281.28,0,2024-04-07
411001,VIREMENT RECU SCI HENRY SECURITE,,,37268.69,0,2024-11-30
641100,VIR SEPA SALAIRE OCTOBRE,,VIR SEPA<br />LIB:CONGES PAYES OCTOBRE 2025,0,2448.79,2025-10-28
512100,VIR INTERNE,,,0,55052.42,2025-11-30
707000,VIR RECU SA CHIMIE FRANCE,,,11267.93,0,2025-04-30
641000,VIREMENT SEPA SALAIRE JUILLET,,,0,4820.90,2024-07-25
411002,VIREMENT RECU SA GARNIER TRANSPO,,VIR SEPA NPY:SA GARNIER TRANSPORTS IBE:BE48861929000308 BIC:GEBABEBB PDO:BE RCN:FAC2024042<br />LIB:REGLEMENT FACTURE FAC2024042,33644.01,0,2025-05-20
514000,REMISE CHEQUE,,,8373.76,0,2025-06-17
401005,PRLV SEPA SCI GUERIN IMPRIMERIE,,,0,6367.10,2025-02-27
419000,VIR RECU SAS DIGITAL SERVICES,,,8688.85,0,2024-08-13
758700,VIR RECU ALLIANZ,,,14001.61,0,2025-10-26
606100,CARTE SA FOURNIER,,,0,269.20,2025-12-30
445660,CARTE SA FOURNIER,,,0,53.84,2025-12-30
404000,VIR SARL ANDRE,,VIR SEPA NPY:SARL ANDRE<br />LIB:ACHAT IMMOBILISATION,0,47500.00,2024-08-30
419000,VIR RECU SA AERO COPOSANTS,,,18443.91,0,2024-05-29
401002,VIR SEPA SARL FOURNIER BTP,,,0,1618.08,2025-06-26
437000,PRLV SEPA POLE EMPLOI,,PRLV SEPA NBE:FRANCE TRAVAIL<br />LIB:COTISATIONS CHOMAGE T4,0,2006.45,2025-11-15
612000,PRLV SEPA SARL PETIT,,,0,590.31,2024-07-30
445660,PRLV SEPA SARL PETIT,,,0,118.06,2024-07-30
625100,CARTE MAIF,,CB MAIF<br />LIB:FRAIS VOYAGE,0,1165.17,2025-01-24
445660,CARTE MAIF,,CB MAIF<br />LIB:FRAIS VOYAGE,0,233.04,2025-01-24
621000,PRLV SEPA SAS DUPONT,,,0,3912.49,2024-09-30
445660,PRLV SEPA SAS DUPONT,,,0,782.50,2024-09-30
401002,VIR SEPA SARL FOURNIER BTP,,VIR SEPA REF:FR38970719 NPY:SARL FOURNIER BTP<br />LIB:COMMANDE FOURNITURES LCC:BON COMMANDE 355243,0,3881.85,2025-12-17
668000,FRAIS FINANCIERS,,LIB:CHARGES FINANCIERES DIVERSES,0,371.86,2024-12-09
616000,PRELEVEMENT SEPA AXA ASSURANCES,,,0,2428.14,2024-07-11
401004,VIR SEPA SAS GARCIA INDUSTRIE,REF219908,,0,7500.14,2024-09-18
706000,VIREMENT RECU SA PHARMA SANTE,,,14850.47,0,2025-05-25
411002,VIR RECU SA GARNIER TRANSPORTS,,,47861.66,0,2024-08-31
701000,VIR RECU SAS CONSEIL RH,REF519835,,18750.98,0,2025-03-25
512000,REMISE CHEQUE,,REMISE CHQ N 373516,17503.37,0,2025-05-29
401003,VIR ARL GIRARD SECURITE,,VIR SEPA REF:FR22774200 NPY:SARL GIRARD SECURITE<br />LIB:ACOMPTE FOURNISSEUR,0,14193.46,2024-01-27
401004,VIREMENT SEPA SAS GARCIA INDUSTR,,,0,9390.00,2025-05-19
601100,PRLV SEPA EDF,,,0,2126.34,2025-05-08
445660,PRLV SEPA EDF,,,0,425.27,2025-05-08
623000,CARTE ENGIE,,,0,1077.79,2025-07-28
445660,CARTE ENGIE,,,0,215.56,2025-07-28
708000,VIREMENT RECU SARL MODE TEXTILE,,,2795.81,0,2025-02-19
437000,PRELEVEMENT SEPA POLE EMPLOI,REF359289,PRLV SEPA NBE:FRANCE TRAVAIL<br />LIB:COTISATIONS CHOMAGE T3,0,670.00,2025-08-14
401001,VIR SEPA EURL GAUTHIER LOGISTIQU,REF235010,VIR SEPA REF:FR74593689 NPY:EURL GAUTHIER LOGISTIQUE<br />LIB:COMMANDE FOURNITURES LCC:BON COMMANDE 550929,0,1366.72,2024-04-21
704000,VIR RECU SA PHARMA SANTE,REF776450,VIR SEPA NPY:SA PHARMA SANTE<br />LIB:TRAVAUX FAC2024860,40111.43,0,2025-06-25
401001,PRLV SEPA EURL GAUTHIER LOGISTIQ,,PRLV SEPA NBE:EURL GAUTHIER LOGISTIQUE<br />LIB:REGLEMENT ACHAT,0,4967.41,2024-11-27
205000,VIR SEPA SARL MARTN,,,0,25341.60,2025-12-27
401006,PRLV SEPA SAS ROBIN SECURITE,,PRLV SEPA NBE:SAS ROBIN SECURITE<br />LIB:REGLEMENT ACHAT,0,3949.74,2024-06-20
511500,ENCAISSEMENT CB,,REMISE CB DU 030925<br />LIB:ENCAISSEMENT CARTE,63.28,0,2025-09-03
627000,ENCAISSEMENT CB,,REMISE CB DU 030925<br />LIB:ENCAISSEMENT CARTE,0,0.63,2025-09-03
512000,REMISE CHEQUE,REF579083,,8847.71,0,2024-11-11
512000,REMISE CHEQUE,,,13086.77,0,2024-10-01
401001,VIREMENT SEPA EURL GAUTHIER LOGI,,,0,6659.22,2025-01-04
707000,VIR RECU SAS DIGITAL SERVICES,,,2746.75,0,2025-06-02
514000,REMISE CHEQUE,,,700.00,0,2025-09-30
631000,PRLV SEPA DGFIP,REF133944,,0,668.73,2024-08-15
401001,PRLVT SEPA EURL GAUTHIER LOGISTI,,,0,3259.36,2024-04-04
601100,PRELEVEMENT SEPA SA GROUPE LEGRA,,,0,5003.01,2025-06-27
445660,PRELEVEMENT SEPA SA GROUPE LEGRA,,,0,1000.60,2025-06-27
401001,VIR SEPA EURL GAUTHIER LOGISTIQU,,,0,17626.84,2025-08-25
707000,VIREMENT RECU SA CHIMIE FRANCE,,VIR SEPA NPY:SA CHIMIE FRANCE<br />LIB:VENTE MARCHANDISES FAC2024602,13500.00,0,2025-01-01
646000,PRLV SEPA POLE EMPLOI,,,0,3897.66,2025-05-14
621000,PRELEVEMENT SEPA EURL BERNARD,,,0,4983.09,2025-05-13
445660,PRELEVEMENT SEPA EURL BERNARD,,,0,996.62,2025-05-13
706000,VIR RECU SA INDUSTRIE NORD,REF394378,VIR SEPA NPY:SA INDUSTRIE NORD<br />LIB:PRESTATIONS SERVICES FAC2024648,15197.20,0,2024-11-22
661000,INTERETS EMPRUNT,,INTERETS<br />LIB:INTERET DEBITEUR JANVIER 2024,0,1287.50,2024-01-23
602000,CB SAS LAMBERT,,,0,996.48,2024-04-26
445660,CB SAS LAMBERT,,,0,199.30,2024-04-26
404000,VIREMENT SEPA SA FOURNIER,,VIR SEPA NPY:SA FOURNIER<br />LIB:ACHAT IMMOBILISATION,0,7979.62,2024-05-25
514000,REMISE CHEQUE,,,7003.78,0,2024-07-05
401001,VIR EURL GAUTHIER LOGISTIQUE,,VIR SEPA REF:FR24948375 NPY:EURL GAUTHIER LOGISTIQUE<br />LIB:ACOMPTE FOURNISSEUR,0,12046.44,2025-06-21
606300,PRLV SEPA MACIF,,,0,573.35,2025-09-11
445660,PRLV SEPA MACIF,,,0,114.67,2025-09-11
707000,VIR RECU SAS DIGITAL SERVICES,,,9461.79,0,2025-11-27
707000,VIR RECU SAS TECHNOLOGY PLUS,,,960.25,0,2024-10-31
614000,PRLV SEPA SA LEFEVRE,,,0,341.61,2025-04-30
445660,PRLV SEPA SA LEFEVRE,,,0,68.32,2025-04-30
706000,VIR RECU SA GROUPE LEGRAND,,,8470.00,0,2025-07-31
511500,ENCAISSEMENT CB,,,554.45,0,2025-11-13
627000,ENCAISSEMENT CB,,,0,5.54,2025-11-13
626100,PRLV SEPA SA FOURNIER,,,0,100.05,2024-11-10
445660,PRLV SEPA SA FOURNIER,,,0,20.01,2024-11-10
612000,PRELEVEMENT SEPA SAS LAMBERT,,,0,2500.00,2025-09-25
445660,PRELEVEMENT SEPA SAS LAMBERT,,,0,500.00,2025-09-25
671000,VIR SEPA SARL PETIT,REF446525,,0,8602.59,2025-10-02
641000,VIR SEPA SALAIRE AVRIL,,,0,4460.28,2024-04-30
649000,VIREMENT RECUCPAM,,,87.13,0,2025-09-25
621000,PRLV SEPA EURL BERNARD,,,0,7642.32,2024-01-27
445660,PRLV SEPA EURL BERNARD,,,0,1528.46,2024-01-27
613200,PRLV SEPA EURL MERCIER,,,0,416.67,2024-07-05
445660,PRLV SEPA EURL MERCIER,,,0,83.33,2024-07-05
512000,VIR INTERE,,,0,22522.84,2025-07-07
601100,CARTE SA GROUPE LEGRAND,,,0,1783.15,2024-09-04
445660,CARTE SA GROUPE LEGRAND,,,0,356.63,2024-09-04
618000,CB SCI ROUX,,,0,74.09,2025-11-28
445660,CB SCI ROUX,,,0,14.82,2025-11-28
621000,PRLV SEPA SAS DUPONT,,PRLV SEPA NBE:SAS DUPONT<br />LIB:PERSONNEL INTERIMAIRE,0,6441.32,2024-02-18
445660,PRLV SEPA SAS DUPONT,,PRLV SEPA NBE:SAS DUPONT<br />LIB:PERSONNEL INTERIMAIRE,0,1288.26,2024-02-18
408000,FACTURE NON PARVENUE SAS GIRARD,,FACTURE NON PARVENUE NBE:SAS GIRARD<br />LIB:AVOIR A RECEVOIR,0,1465.75,2024-09-02
411002,VIR RECU SA GARNIER TRANSPORTS,,,15550.04,0,2025-12-29
514000,REMISE CHEQUE,,REMISE CHQ N 334593,12412.03,0,2025-06-28
411004,VIREMENT RECU SA NOEL IMPRIMERIE,,,39680.00,0,2025-12-11
635000,PRLV SEPA DGFIP,,,0,4528.35,2024-07-25
164000,PRLV SEPA ECHEANCE EMPRUNT,,PRLV SEPA<br />LIB:ECHEANCE EMPRUNT FR75438341,0,6751.18,2024-11-27
661100,PRLV SEPA ECHEANCE EMPRUNT,,PRLV SEPA<br />LIB:ECHEANCE EMPRUNT FR75438341,0,1519.01,2024-11-27
616000,PRLV SEPA ECHEANCE EMPRUNT,,PRLV SEPA<br />LIB:ECHEANCE EMPRUNT FR75438341,0,168.78,2024-11-27
401002,PRLV SEPA SARL FOURNIER BTP,,,0,5143.07,2025-04-28
708000,VIR RECU SARL MODE TEXTILE,,,3091.07,0,2024-06-27
401001,PRLVT SEPA EURL GAUTHIER LOGISTI,,,0,5891.17,2024-03-14
606300,CB SAS MOREAU,,,0,385.31,2024-01-30
445660,CB SAS MOREAU,,,0,77.06,2024-01-30
205000,VIR SEPA SARL ANDRE,,,0,10640.89,2025-04-22
635000,PRLV SEPA DGFIP,,,0,243.14,2024-03-09
706000,VIREMENT RECU EURL DESIGN STUDIO,,VIR SEPA NPY:EURL DESIGN STUDIO<br />LIB:HONORAIRES NOVEMBRE,12340.29,0,2024-11-30
631000,PRELEVEMENT SEPA DGFIP,,PRLV SEPA NBE:DGFIP<br />LIB:TAXE APPRENTISSAGE 2024,0,500.00,2024-09-25
781000,REPRISE AMORTISSEMENT,,,3800.00,0,2025-12-29
261000,VIREMENT SEPA SAS LAMBERT,,VIR SEPA NPY:SAS LAMBERT<br />LIB:TITRES DE PARTICIPATION,0,61228.71,2024-03-30
625200,CARTE BOUYGUES TELECOM,REF615370,CB BOUYGUES TELECOM<br />LIB:FRAIS HEBERGEMENT,0,344.64,2025-10-30
445660,CARTE BOUYGUES TELECOM,REF615370,CB BOUYGUES TELECOM<br />LIB:FRAIS HEBERGEMENT,0,68.93,2025-10-30
641000,VIREMENT SEPA SALAIRE JANVIER,,,0,3586.29,2025-01-26
601100,PRELEVEMENT SEPA SA GROUPE LEGRA,,,0,291.67,2025-07-28
445660,PRELEVEMENT SEPA SA GROUPE LEGRA,,,0,58.33,2025-07-28
421000,VIR SEPA SALAIRE MARS,,VIR SEPA<br />LIB:SALAIRE MARS 2025,0,1400.00,2025-03-27
649000,VIREMENT RECU CPAM,,,3000.00,0,2025-04-25
401008,PRLV SEPA SAS BLANC SECURITE,,,0,7663.43,2024-08-25
471000,OPERATION ATTENTE,,,0,2459.21,2025-02-27
627000,PRLV SEPA SFR,,,0,41.16,2024-03-31
601100,CB MAIF,,,0,333.33,2024-11-27
445660,CB MAIF,,,0,66.67,2024-11-27
641000,VIR SEPA SALAIRE JUIN,,,0,3409.71,2024-06-25
625200,CB SAS FAURE,,,0,250.27,2025-06-25
445660,CB SAS FAURE,,,0,50.05,2025-06-25
691000,VIREMENT SEPA DGFIP IS,,,0,38538.14,2024-03-14
641100,VIR SEPA SALAIRE DECEMBRE,,,0,3778.91,2025-12-29
613200,PRLV SEPA SARL BONNET,,,0,3289.14,2024-09-02
445660,PRLV SEPA SARL BONNET,,,0,657.83,2024-09-02
707000,VIREMENT RECU SAS DIGITAL SERVIC,,VIR SEPA NPY:SAS DIGITAL SERVICES<br />LIB:VENTE MARCHANDISES FAC2025834,14077.81,0,2025-11-06
646000,PRLV SEP POLE EMPLOI,,,0,4688.60,2025-04-11
601100,CB MAIF,,CB MAIF<br />LIB:ACHAT MARCHANDISES,0,1383.84,2024-08-27
445660,CB MAIF,,CB MAIF<br />LIB:ACHAT MARCHANDISES,0,276.77,2024-08-27
401002,PRLV SEPA SARL FOURNIER BTP,,,0,13656.63,2024-07-29
411001,VIR RECU SCI HENRY SECURITE,,VIR SEPA NPY:SCI HENRY SECURITE IBE:DE79571492966369656769 BIC:DEUTDEFF PDO:DE<br />LIB:REGLEMENT CLIENT FAC2024118,5866.31,0,2025-08-08
707000,VIR RECU SAS TECHNOLOGY PLUS,,,7144.74,0,2024-01-22
704000,VIR RECU SAS ECO ENERGIE,,,41170.69,0,2025-05-25
641100,VIR SEPA SALAIRE OCTOBRE,,,0,2179.46,2024-10-25
757000,VIR RECU SARL TRANSPORT EXPRESS,REF975988,,1326.17,0,2025-10-29
401001,VIR SEPA EURL GAUTHIER LOGISTIQU,,,0,9783.77,2024-02-16
681000,DOTATION AMORTSSEMENT,REF979186,,0,11062.56,2025-12-24
626100,PRLV SEPA SAS DUVAL,,,0,129.03,2024-03-25
445660,PRLV SEPA SAS DUVAL,,,0,25.81,2024-03-25
741000,VIR RECU SUBVENTIN,,,2073.80,0,2024-05-28
512000,VIREMENT RECU SAS MOREAU,,VIR SEPA NPY:SAS MOREAU<br />LIB:VIREMENT RECU,27155.85,0,2024-03-26
641100,VIR SEPA SALAIRE AOUT,,,0,1744.60,2025-08-28
275000,VIREMENT SEPA SCI ROUX,,,0,6338.38,2024-04-08
411008,VIR RECU SCI PETIT ELECTRICITE,,,24742.60,0,2024-07-26
611000,PRLV SEPA SAS MOREAU,,,0,16321.86,2025-06-16
445660,PRLV SEPA SAS MOREAU,,,0,3264.37,2025-06-16
708000,VIREMENT RECU SARL COMMERCE DU S,,,4804.57,0,2025-02-17
213100,VIR SEPA SARL GAUTIER,,VIR SEPA NPY:SARL GAUTIER<br />LIB:CONSTRUCTION,0,50373.92,2024-08-12
707000,VIR RECU SA CHIMIE FRANCE,REF604619,,23580.00,0,2024-09-27
641000,VIR SEPA SALAIRE MARS,,VIR SEPA<br />LIB:REMUNERATION MARS,0,4027.34,2024-03-29
621000,PRLV SEPA SAS DUPONT,REF475498,,0,3166.67,2025-06-27
445660,PRLV SEPA SAS DUPONT,REF475498,,0,633.33,2025-06-27
403000,VIREMENT SEPA SARL BONNET,,,0,2113.80,2024-10-26
401002,PRLV SEPA SARL FOURNIER BTP,,,0,8010.00,2024-08-30
626000,PRELEVEMENT SEPA LA POSTE,,,0,40.00,2025-12-25
645000,PRELEVEMENT SEPA URSSF,,PRLV SEPA NBE:URSSAF<br />LIB:COTISATIONS PATRONALES T4 2024,0,11000.00,2024-10-07
606100,CB SAS MOREAU,,,0,255.57,2025-09-29
445660,CB SAS MOREAU,,,0,51.12,2025-09-29
401003,PRELEVEMENT SEPA SARL GIRARD SEC,,,0,2940.51,2024-11-27
486000,CHARGE CONSTATEE AVANCE,,,0,5436.95,2024-12-27
411001,VIR RECU SCI HENRY SECURITE,,VIR SEPA NPY:SCI HENRY SECURITE IBE:DE79571492966369656769 BIC:DEUTDEFF PDO:DE<br />LIB:REGLEMENT CLIENT FAC2024550,7197.28,0,2025-01-25
601100,CB MAIF,REF389340,,0,1352.23,2025-01-13
445660,CB MAIF,REF389340,,0,270.45,2025-01-13
613200,PRLV SEPA SARL ONNET,REF249642,,0,960.35,2024-07-02
445660,PRLV SEPA SARL ONNET,REF249642,,0,192.07,2024-07-02
625100,CB SARL GAUTIER,REF933437,CB SARL GAUTIER<br />LIB:DEPLACEMENT MISSION,0,430.44,2025-09-02
445660,CB SARL GAUTIER,REF933437,CB SARL GAUTIER<br />LIB:DEPLACEMENT MISSION,0,86.09,2025-09-02
401001,PRLV SEPA EURL GAUTHIER LOGISTIQ,,,0,2094.50,2025-10-15
707000,VIREMENT RECU SARL COMMERCE DU S,REF541603,,2451.27,0,2024-04-07
708000,VIR RECU SARL COMMERCE DU SUD,,,3311.90,0,2025-11-29
661000,FRAIS BANCAIRES,,,0,25.45,2024-09-07
401002,VIR SEPA SARL FOURNIER BTP,REF222167,,0,14181.79,2025-08-24
641100,VIR SEPA SALAIRE JANVIER,,,0,3570.15,2025-01-27
401001,PRELEVEMENT SEPA EURL GAUTHIER L,,,0,3809.67,2025-11-25
708000,VIR RECU SARL TRANSPORT EXPRESS,,,1000.00,0,2025-04-16
661000,INTERETS EMPRUNT,,,0,1695.65,2025-01-07
602000,CB SA LEFEVRE,,,0,8510.87,2025-03-09
445660,CB SA LEFEVRE,,,0,1702.17,2025-03-09
411003,VIR RECU SARL GIRARD BTP,,,38375.08,0,2025-10-04
791000,VIR RECU AXA ASSURANCES,,,2000.00,0,2024-03-28
628000,PAIEMENT CB ENGIE,,,0,100.00,2025-10-23
708000,VIR RECU SARL COMMERCE DU SUD,,VIR SEPA NPY:SARL COMMERCE DU SUD<br />LIB:PRODUITS ACTIVITES ANNEXES,3277.77,0,2024-05-31
626000,PRLV SEPA LA POSTE,REF814415,PRLV SEPA NBE:LA POSTE<br />LIB:AFFRANCHISSEMENT,0,171.84,2025-02-28
641000,VIREMENT SEPA SALAIRE MARS,,VIR SEPA<br />LIB:SALAIRE MARS 2025,0,4329.73,2025-03-26
401001,PRLV SEPA EURL GAUTHIER LOGISTIQ,,,0,339.48,2024-05-14
437000,PRELEVEMENT SEPA POLE EMPLOI,,,0,4565.84,2024-10-08
631000,PRLV SEPA DGFIP,,PRLV SEPA NBE:DGFIP<br />LIB:TAXE APPRENTISSAGE 2024,0,2626.07,2024-04-04
791000,VIR RECU MACIF,,VIR SEPA NPY:MACIF<br />LIB:INDEMNITE SINISTRE FR89623825,13027.71,0,2024-05-16
511500,ENCAISSEMENT CB,REF964397,,1229.47,0,2024-07-29
627000,ENCAISSEMENT CB,REF964397,,0,12.29,2024-07-29
706000,VIR RECU EURL DESIGN STUDIO,,,19641.29,0,2024-12-27
411001,VIREMENT RECU SCI HENRY SECURITE,,,19167.93,0,2025-10-22
401009,PRLV SEPA EURL MERCIER IMMOBILIE,,PRLV SEPA CPY:FR10899733 NBE:EURL MERCIER IMMOBILIER<br />LIB:FACTURE FAC2025473,0,1000.00,2025-02-23
401001,PRELEVEMENT SEPA EURL GAUTHIER L,,,0,13000.00,2025-03-04
601100,CB EDF,,,0,1477.15,2024-07-31
445660,CB EDF,,,0,295.43,2024-07-31
612000,PRLVT SEPA SAS LAMBERT,,PRLV SEPA NBE:SAS LAMBERT<br />LIB:CREDIT-BAIL,0,2916.67,2025-03-28
445660,PRLVT SEPA SAS LAMBERT,,PRLV SEPA NBE:SAS LAMBERT<br />LIB:CREDIT-BAIL,0,583.33,2025-03-28
621000,PRLV SEPA SARL BONNET,,,0,2647.50,2025-08-14
445660,PRLV SEPA SARL BONNET,,,0,529.50,2025-08-14
641100,VIREMENT SEPA SALAIRE JANVIER,,VIR SEPA<br />LIB:CONGES PAYES JANVIER 2024,0,3188.23,2024-01-26
601100,PRLV SEPA EDF,,PRLV SEPA NBE:EDF<br />LIB:COMMANDE FAC2024718,0,5570.90,2024-09-21
445660,PRLV SEPA EDF,,PRLV SEPA NBE:EDF<br />LIB:COMMANDE FAC2024718,0,1114.18,2024-09-21
401004,VIR SAS GARCIA INDUSTRIE,REF480610,,0,4495.38,2025-11-19
411001,VIR RECU SCI HENRY SECURITE,,,5500.00,0,2024-05-16
411007,VIREMENT RECU SARL GARCIA DISTRI,,VIR SEPA NPY:SARL GARCIA DISTRIBUTION IBE:FR6177233592743758002949141 BIC:CCBPFRPP PDO:FR RCN:FAC2024354<br />LIB:REGLEMENT FACTURE FAC2024354,33070.39,0,2025-04-02
401001,VIREMENT SEPA EURL GAUTHIER LOGI,,,0,11314.59,2025-05-22
486000,CHARGE CONSTATEE AVANCE,,,0,3670.00,2024-12-24
641000,VIREMENT SEPA SALAIRE MAI,,,0,1800.00,2025-05-25
401006,VIR SEPA SAS ROBIN SECURITE,,VIR SEPA REF:FR80835763 NPY:SAS ROBIN SECURITE<br />LIB:COMMANDE FOURNITURES LCC:BON COMMANDE 385119,0,17951.82,2024-05-28
437000,PRLV SEPA POLE EMPLOI,,PRLV SEPA NBE:FRANCE TRAVAIL<br />LIB:COTISATIONS CHOMAGE T3,0,6480.87,2025-08-14
708000,VIR RECU SARL COMMERCE DU SUD,,,3700.00,0,2025-10-14
613200,PRLV SEPA SARL BONNET,REF688969,PRLV SEPA NBE:SARL BONNET<br />LIB:LOYER JUILLET 2024,0,2565.27,2024-07-03
445660,PRLV SEPA SARL BONNET,REF688969,PRLV SEPA NBE:SARL BONNET<br />LIB:LOYER JUILLET 2024,0,513.05,2024-07-03
645000,PRELEVEMENT SEPA URSSAF,,,0,19920.03,2025-02-09
401001,VIR SEPA EURL GAUTHIER LOGISTIQU,REF228274,VIR SEPA REF:FR31677011 NPY:EURL GAUTHIER LOGISTIQUE<br />LIB:ACOMPTE FOURNISSEUR,0,5295.36,2024-01-17
411005,VIR RECU SCI ROUSSEL ELECTRICITE,,,12153.49,0,2024-04-15
431000,PRLVT SEPA URSSAF,,,0,6787.82,2025-07-07
613200,PRLV SEPA EURL BERNARD,REF430457,,0,462.26,2024-06-04
445660,PRLV SEPA EURL BERNARD,REF430457,,0,92.45,2024-06-04
631000,PRLV SEPA DGFIP,,PRLV SEPA NBE:DGFIP<br />LIB:FORMATION CONTINUE 2024,0,3000.00,2024-10-23
601100,PRLV SEPA VEOLIA,,,0,1916.67,2025-07-11
445660,PRLV SEPA VEOLIA,,,0,383.33,2025-07-11
601100,CB EDF,,,0,1188.25,2025-02-15
445660,CB EDF,,,0,237.65,2025-02-15
437000,PRLV SEPA POLE EMPLOI,,,0,7766.12,2025-12-05
618000,CB EDF,,,0,333.33,2025-01-04
445660,CB EDF,,,0,66.67,2025-01-04
411001,VIR RECU SCI HENRY SECURITE,,,27625.62,0,2024-08-31
761000,VIREMENT RECU INTERETS,,VIR SEPA<br />LIB:INTERET CREDITEUR T3 2024,400.00,0,2024-08-27
601100,PAIEMENT CB MACIF,,,0,1050.98,2025-07-01
445660,PAIEMENT CB MACIF,,,0,210.20,2025-07-01
627000,PRELEVEMENT SEPA BOUYGUES TELECO,,PRLV SEPA NBE:BOUYGUES TELECOM<br />LIB:ABONNEMENT INTERNET,0,69.30,2024-03-13
706000,VIR RECU SA GROUPE LEGRAND,,,6634.65,0,2024-05-31
401002,PRLVT SEPA SARL FOURNIER BTP,,,0,4000.00,2025-02-28
707000,VIR RECU SAS DIGITAL SERVICES,,VIR SEPA NPY:SAS DIGITAL SERVICES<br />LIB:VENTE MARCHANDISES FAC2025481,4186.99,0,2025-06-25
613200,PRLVT SEPA EURL BERNARD,REF969097,,0,3494.12,2025-01-05
445660,PRLVT SEPA EURL BERNARD,REF969097,,0,698.82,2025-01-05
701000,VIR RECU SAS AGENCE MEDIA,,,4614.18,0,2025-06-30
211000,VIR SEPA SARL ANDRE,,,0,16192.86,2025-01-04
530000,RETRAIT CAISSE,,,0,739.37,2025-04-23
707000,VIREMENT RECU SARL COMMERCE DU S,,,15328.20,0,2025-08-19
645100,PRLV SEPA MUTUELLE,,,0,1413.45,2025-04-26
758000,VIR RECU SA GROUPE ALIMENTAIRE,,,1643.70,0,2025-07-03
512000,REMISE CHEQUE,,,14315.38,0,2025-01-28
741000,VIR RECU SUBVENTION,,VIR SEPA NPY:SA BTP CONSTRUCTIONS<br />LIB:SUBVENTION EXPLOITATION 2025,25432.85,0,2025-03-12
641000,VIR SEPA SALAIRE JANVIER,,,0,2529.46,2024-01-28
761000,VIR RECU INTERETS,,VIR SEPA<br />LIB:INTERET CREDITEUR T2 2024,534.01,0,2024-05-07
641000,VIR SEPA SALAIRE JUIN,,,0,2952.18,2024-06-26
606100,PRELEVEMENT SEPA SAS MOREAU,,,0,433.33,2025-05-30
445660,PRELEVEMENT SEPA SAS MOREAU,,,0,86.67,2025-05-30
701000,VIREMENT RECU SA GROUPE LEGRAND,,VIR SEPA NPY:SA GROUPE LEGRAND<br />LIB:VENTE PRODUITS FINIS FAC2025583,5500.00,0,2024-09-26
411007,VIR RECU SARL GARCIA DISTRIBUTIO,,VIR SEPA NPY:SARL GARCIA DISTRIBUTION IBE:FR6177233592743758002949141 BIC:CCBPFRPP PDO:FR<br />LIB:REGLEMENT CLIENT FAC2025107,20000.00,0,2024-03-30
606100,PRLVT SEPA SAS MOREAU,REF847237,PRLV SEPA NBE:SAS MOREAU<br />LIB:EAU ELECTRICITE,0,143.16,2025-03-13
445660,PRLVT SEPA SAS MOREAU,REF847237,PRLV SEPA NBE:SAS MOREAU<br />LIB:EAU ELECTRICITE,0,28.63,2025-03-13
624000,CB SAS LAURNT,,,0,309.04,2025-08-06
445660,CB SAS LAURNT,,,0,61.81,2025-08-06
691000,VIR SEPA DGFIP IS,REF163654,,0,24771.10,2025-03-13
401001,PRELEVEMENT SEPA EURL GAUTHIER L,REF590070,PRLV SEPA CPY:FR94073169 RUM:FR94073169 NBE:EURL GAUTHIER LOGISTIQUE<br />LIB:REGLEMENT FACTURE,0,11000.00,2025-08-13
631000,PRLV SEPA DGFIP,,,0,1948.92,2024-06-16
641100,VIR SEPA SALAIRE DECEMBRE,,,0,3138.41,2024-12-30
671000,VIR SEPA SA PICARD,,,0,367.97,2024-08-28
602000,CARTE SA PICARD,,,0,8401.72,2024-12-02
445660,CARTE SA PICARD,,,0,1680.35,2024-12-02
411005,VIR RECU SCI ROUSSEL ELECTRICITE,,VIR SEPA NPY:SCI ROUSSEL ELECTRICITE IBE:DE59148090265642462589 BIC:DEUTDEFF PDO:DE RCN:FAC2025066<br />LIB:REGLEMENT FACTURE FAC2025066,33694.45,0,2024-09-29
218000,VIR SEPA SAS DUPONT,REF824929,VIR SEPA NPY:SAS DUPONT<br />LIB:IMMOBILISATION CORPORELLE,0,39750.00,2025-06-10
445620,VIR SEPA SAS DUPONT,REF824929,VIR SEPA NPY:SAS DUPONT<br />LIB:IMMOBILISATION CORPORELLE,0,7950.00,2025-06-10
614000,PRLV SEPA SA PICARD,,,0,1003.85,2025-12-07
445660,PRLV SEPA SA PICARD,,,0,200.77,2025-12-07
613200,PRLV SEPA EURL MERCIER,REF149436,PRLV SEPA NBE:EURL MERCIER<br />LIB:LOYER JUIN 2025,0,2625.00,2025-06-02
445660,PRLV SEPA EURL MERCIER,REF149436,PRLV SEPA NBE:EURL MERCIER<br />LIB:LOYER JUIN 2025,0,525.00,2025-06-02
627000,PRLV SEPA ORANGE SA,,PRLV SEPA NBE:ORANGE SA<br />LIB:ABONNEMENT MOBILE,0,100.00,2024-06-15
411007,VIREMENT RECU SARL GARCIA DISTRI,,VIR SEPA NPY:SARL GARCIA DISTRIBUTION IBE:FR6177233592743758002949141 BIC:CCBPFRPP PDO:FR<br />LIB:REGLEMENT CLIENT FAC2025172,1998.87,0,2025-10-20
761000,VIREMENT RECU INTERETS,,,102.74,0,2024-09-07
416000,VIR RECU SAS ECO ENERGIE,,,2453.05,0,2025-12-27
622000,VIR SEPA SAS DUVAL,,,0,784.81,2024-08-27
445660,VIR SEPA SAS DUVAL,,,0,156.96,2024-08-27
401001,PRELEVEMENT SEPA EURL GAUTHIER L,,,0,15000.00,2025-03-28
628000,CARTE MACIF,,,0,200.00,2024-05-29
401005,PRLVT SEPA SCI GUERIN IMPRIMERIE,,,0,2183.75,2025-10-07
641100,VIREMENT SEPA SALAIRE JANVIER,,,0,1300.00,2025-01-28
401002,VIR SEPA SARL FOURNIER BTP,,,0,7453.57,2025-03-17
633000,PRLV SEPA DGFIP,,PRLV SEPA NBE:DGFIP<br />LIB:CONTRIBUTION ECONOMIQUE TERRITORIALE,0,4797.66,2025-08-29
401002,PRLV SEPA SARL FOURNIER BTP,,PRLV SEPA CPY:FR68514707 RUM:FR68514707 NBE:SARL FOURNIER BTP<br />LIB:REGLEMENT FACTURE,0,2734.79,2024-06-24
411002,VIR RECU SA GARNIER TRANSPORTS,,VIR SEPA NPY:SA GARNIER TRANSPORTS IBE:BE48861929000308 BIC:GEBABEBB PDO:BE<br />LIB:REGLEMENT CLIENT FAC2024565,1319.29,0,2024-03-24
401001,PRLV SEPA EURL GAUTHIER LOGISTIQ,,,0,6900.00,2025-10-06
431000,PRLV SEPA URSSAF,,,0,10305.32,2024-12-09
627000,PRLV SEPA BOUYGUES TELECOM,REF848750,,0,69.00,2025-06-14
691000,VIR DGFIP IS,,VIR SEPA NPY:DGFIP<br />LIB:IMPOT SUR SOCIETES 2025,0,15773.12,2025-06-16
626000,PRLVT SEPA SARL SIMON,REF798917,,0,230.00,2024-07-31
421000,VIREMENT SEPA SALAIRE FEVRIER,,,0,4318.33,2025-02-27
701000,VIR RECU SAS TECHNOLOGY PLUS,,,28909.23,0,2025-11-30
622000,VIR SEPA SARL BONNET,,VIR SEPA NPY:SARL BONNET<br />LIB:HONORAIRES COMPTABLES,0,1443.26,2024-06-06
445660,VIR SEPA SARL BONNET,,VIR SEPA NPY:SARL BONNET<br />LIB:HONORAIRES COMPTABLES,0,288.65,2024-06-06
512000,REMISE CHEQUE,,REMISE CHQ N 630154,4500.00,0,2024-01-18
704000,VIR RECU SA CHIMIE FRANCE,,,49600.00,0,2025-03-15
641000,VIR SEPA SALAIRE MARS,,,0,3147.18,2025-03-31
411003,VIR RECU SARL GIRARD BTP,,,934.74,0,2025-09-26
411001,VIR RECU SCI HENRY SECURITE,,,24100.00,0,2024-05-28
606100,CB MACIF,REF808069,,0,63.37,2024-09-04
445660,CB MACIF,REF808069,,0,12.67,2024-09-04
602000,CB SA LEFEVRE,,,0,8683.92,2024-05-15
445660,CB SA LEFEVRE,,,0,1736.78,2024-05-15
601100,CB ED,,CB EDF FACT:FAC2025475<br />LIB:ACHAT FOURNITURES,0,856.00,2024-06-24
445660,CB ED,,CB EDF FACT:FAC2025475<br />LIB:ACHAT FOURNITURES,0,171.20,2024-06-24
606100,CB SA FOURNIER,,,0,354.74,2024-11-01
445660,CB SA FOURNIER,,,0,70.95,2024-11-01
601100,PRELEVEMENT SEPA EDF,,,0,2927.54,2024-10-17
445660,PRELEVEMENT SEPA EDF,,,0,585.51,2024-10-17
631000,PRLVT SEPA DGFIP,,PRLV SEPA NBE:DGFIP<br />LIB:TAXE APPRENTISSAGE 2025,0,3504.93,2025-12-08
512000,VIR INTERNE,,,0,34117.35,2025-07-26
411007,VIREMENT RECU SARL GARCIA DISTRI,,,24739.55,0,2025-10-15
633000,PRLV SEPA DGFIP,,,0,6821.09,2024-05-07
626000,PRLV SEPA LA POSTE,,PRLV SEPA NBE:LA POSTE<br />LIB:AFFRANCHISSEMENT,0,55.50,2024-07-27
623000,CARTE ENGIE,,,0,2623.87,2024-02-27
445660,CARTE ENGIE,,,0,524.78,2024-02-27
631000,PRLV SEPA DGFIP,,PRLV SEPA NBE:DGFIP<br />LIB:FORMATION CONTINUE 2025,0,589.99,2025-09-30
512000,VIR RECU SAS MOREAU,REF346525,,8000.00,0,2024-05-30
701000,VIR RECU SAS ECO ENERGIE,,VIR SEPA NPY:SAS ECO ENERGIE<br />LIB:VENTE PRODUITS FINIS FAC2024571,23535.65,0,2024-06-29
758700,VIR RECU ALLIANZ,,,17513.97,0,2025-01-13
404000,VIREMENT SEPA SAS FAURE,REF248911,,0,2480.42,2024-01-20
625100,CARTE SARL SIMON,REF591595,CB SARL SIMON<br />LIB:FRAIS VOYAGE,0,633.86,2025-06-25
445660,CARTE SARL SIMON,REF591595,CB SARL SIMON<br />LIB:FRAIS VOYAGE,0,126.77,2025-06-25
213100,VIREMENT SEPA SARL MARTIN,,,0,48859.79,2025-04-14
401003,VIREMENT SEPA SARL GIRARD SECURI,,,0,13193.74,2024-05-28
741000,VIR RECU SUBVENTION,,VIR SEPA NPY:SARL TRANSPORT EXPRESS<br />LIB:SUBVENTION EXPLOITATION 2025,29638.81,0,2025-08-30
628000,CARTE ENGIE,,,0,200.00,2024-03-31
626000,PRELEVEMENT SEPA SAS DUPONT,,PRLV SEPA NBE:SAS DUPONT<br />LIB:TELECOMMUNICATIONS,0,214.92,2025-04-24
514000,REMISE CHEQUE,REF446700,,7895.49,0,2024-02-28
401003,PRELEVEMENT SEPA SARL GIRARD SEC,,,0,1730.00,2025-07-30
616000,PRELEVEMENT SEPA ALLIANZ,,,0,3127.10,2025-04-29
708000,VIR RECU SARL TRANSPORT EXPRES,REF599979,,4160.00,0,2025-04-27
601100,PRLVT SEPA SAS MOREAU,,PRLV SEPA NBE:SAS MOREAU<br />LIB:COMMANDE FAC2025528,0,4257.81,2025-05-31
445660,PRLVT SEPA SAS MOREAU,,PRLV SEPA NBE:SAS MOREAU<br />LIB:COMMANDE FAC2025528,0,851.56,2025-05-31
512000,VIR INTERNE,,,0,12667.71,2025-11-03
401003,VIR SARL GIRARD SECURITE,,,0,8000.00,2025-01-25
625100,CARTE MAIF,REF110928,CB MAIF<br />LIB:DEPLACEMENT MISSION,0,113.45,2025-02-04
445660,CARTE MAIF,REF110928,CB MAIF<br />LIB:DEPLACEMENT MISSION,0,22.69,2025-02-04
671000,VIR SEPA SARL PETIT,,,0,4809.65,2024-01-31
706000,VIR RECU SA INDUSTRIE NORD,,VIR SEPA NPY:SA INDUSTRIE NORD<br />LIB:HONORAIRES OCTOBRE,8574.77,0,2025-10-30
613200,PRLVT SEPA EURL MERCIER,,,0,1647.57,2025-10-02
445660,PRLVT SEPA EURL MERCIER,,,0,329.52,2025-10-02
512000,FRAIS BANCAIRES,,,0,35.18,2024-01-19
401001,PRLV SEPA EURL GAUTHIER LOGISTIQ,REF260709,,0,1051.29,2024-12-30
601100,CB EDF,,,0,1203.95,2024-08-28
445660,CB EDF,,,0,240.79,2024-08-28
606100,CB MACIF,,,0,342.01,2025-11-26
445660,CB MACIF,,,0,68.40,2025-11-26
401005,PRELEVEMENT SEPA SCI GUERIN IMPR,REF445744,PRLV SEPA NBE:SCI GUERIN IMPRIMERIE<br />LIB:REGLEMENT ACHAT,0,2870.00,2025-06-20
622000,VIR SEPA SA FOURNIER,,,0,4446.92,2024-04-26
445660,VIR SEPA SA FOURNIER,,,0,889.38,2024-04-26
613200,PRLV SEPA SARL BONNET,,,0,3430.57,2024-12-02
445660,PRLV SEPA SARL BONNET,,,0,686.12,2024-12-02
411001,VIR RECU SCI HENRY SECURITE,,,6231.81,0,2025-09-01
411004,VIR RECU SA NOEL IMPRIMERIE,,VIR SEPA NPY:SA NOEL IMPRIMERIE IBE:FR8129201921818324290922311 BIC:SOGEFRPP PDO:FR RCN:FAC2025095<br />LIB:REGLEMENT FACTURE FAC2025095,41462.07,0,2025-08-13
512000,REMISE CHEQUE,,,15129.71,0,2025-05-30
757000,VIR RECU SA GROUPE ALIMENTAIRE,,,10550.00,0,2025-01-18
641000,VIR SEPA SALAIRE MAI,,,0,2575.33,2025-05-27
211000,VIR SARL ANDRE,,VIR SEPA NPY:SARL ANDRE<br />LIB:TERRAIN,0,130000.00,2024-09-29
403000,VIR SEPA SAS FAURE,,VIR SEPA NPY:SAS FAURE<br />LIB:EFFETS A PAYER,0,15310.89,2025-04-22
626000,PRLV SEPA EURL BERNARD,,,0,159.54,2024-11-26
411006,VIR RECU SARL LEFEVRE CONSEIL,,,30277.01,0,2024-11-27
601100,PRLV SEPA MAIF,,,0,2615.19,2024-10-05
445660,PRLV SEPA MAIF,,,0,523.04,2024-10-05
401001,VIR SEPA EURL GAUTHIER LOGISTIQU,,,0,14987.19,2025-06-28
708000,VIR RECU SARL MODE TEXTILE,,,2200.00,0,2024-01-02
661000,AGIOS BANCAIRES,,AGIOS BANCAIRES<br />LIB:AGIOS TRIMESTRIELS T4 2024,0,91.92,2024-10-28
601100,CB SAS LAURENT,REF175902,,0,866.56,2025-08-26
445660,CB SAS LAURENT,REF175902,,0,173.31,2025-08-26
708000,VIREMENT RECU SARL MODE TEXTILE,,VIR SEPA NPY:SARL MODE TEXTILE<br />LIB:PRODUITS ACTIVITES ANNEXES,79.13,0,2024-09-26
645000,PRELEVEMENT SEPA URSSAF,,PRLV SEPA NBE:URSSAF<br />LIB:COTISATIONS PATRONALES T2 2024,0,13702.04,2024-05-15
511500,ENCAISSEMENT CB,,REMISE CB DU 261225<br />LIB:ENCAISSEMENT CARTE,2289.24,0,2025-12-26
627000,ENCAISSEMENT CB,,REMISE CB DU 261225<br />LIB:ENCAISSEMENT CARTE,0,22.89,2025-12-26
646000,PRLVT SEPA POLE EMPLOI,,,0,2000.00,2024-10-13
416000,VIR RECU SAS CONSEIL RH,,,4336.71,0,2025-02-13
661000,INTERETS EMPRUNT,,,0,690.53,2024-11-25
627000,PRLV SEPA ORANGE SA,,,0,79.16,2024-06-11
641000,VIR SALAIRE OCTOBRE,,VIR SEPA<br />LIB:REMUNERATION OCTOBRE,0,2236.49,2025-10-30
411001,VIR RECU SCI HENRY SECURITE,,,6147.37,0,2024-05-09
467000,VIR SEPA SAS DUVAL,,,0,9000.00,2024-11-15
401009,VIREMENT SEPA EURL MERCIER IMMOB,,VIR SEPA REF:FR70231988 NPY:EURL MERCIER IMMOBILIER<br />LIB:FACTURE FOURNISSEUR FAC2024887 LC2:ECHEANCE NOVEMBRE,0,8571.50,2024-11-11
421000,VIR SALAIRE SEPTEMBRE,,,0,1523.48,2024-09-29
635000,PRELEVEMENT SEPA DGFIP,,PRLV SEPA NBE:DGFIP<br />LIB:AUTRES IMPOTS 2025,0,2430.31,2025-01-13
651000,VIR SAS MOREAU,,,0,1250.00,2025-10-17
445660,VIR SAS MOREAU,,,0,250.00,2025-10-17
641000,VIREMENT SEPA SALAIRE MARS,,,0,2000.00,2025-03-30
613200,PRLV SEPA SCI ROUX,,,0,416.67,2024-01-01
445660,PRLV SEPA SCI ROUX,,,0,83.33,2024-01-01
401002,VIR SEPA SARL FOURNIER BTP,,,0,3400.00,2025-08-06
512000,REMISE CHEQUE,,,14813.59,0,2025-09-21
668000,FRAIS FINANCIERS,,,0,394.27,2024-11-25
627000,PRELEVEMENT SEPA BOUYGUES TELECO,,,0,79.18,2025-02-28
411001,VIR RECU SCI HENRY SECURITE,REF680414,VIR SEPA NPY:SCI HENRY SECURITE IBE:DE79571492966369656769 BIC:DEUTDEFF PDO:DE RCN:FAC2025642<br />LIB:REGLEMENT FACTURE FAC2025642,9245.86,0,2024-06-25
604000,PAIEMENT CB SARL CONSULTANT RH,,CB SARL CONSULTANT RH<br />LIB:ACHAT ETUDES PRESTATIONS,0,4515.70,2024-08-21
445660,PAIEMENT CB SARL CONSULTANT RH,,CB SARL CONSULTANT RH<br />LIB:ACHAT ETUDES PRESTATIONS,0,903.14,2024-08-21
602000,CB SAS DUPONT,,CB SAS DUPONT<br />LIB:ACHAT MATIERES PREMIERES,0,10346.57,2025-11-01
445660,CB SAS DUPONT,,CB SAS DUPONT<br />LIB:ACHAT MATIERES PREMIERES,0,2069.31,2025-11-01
213100,VIREMENT SEPA SARL PETIT,,,0,132958.77,2024-12-31
641100,VIR SEPA SALAIRE SEPTEMBRE,,,0,1330.85,2025-09-26
641000,VIR SEPA SALAIRE OCTOBRE,,,0,4269.34,2024-10-25
708000,VIR RECU SARL TRANSPORT EXPRESS,,,4166.16,0,2025-04-30
641000,VIR SEPA SALAIRE AOUT,,,0,2690.95,2025-08-25
512000,VIREMENT RECU SARL PETIT,,,19771.47,0,2025-06-23
401003,PRLV SEPA SARL GIRARD SECURITE,REF763754,PRLV SEPA CPY:FR67561984 NBE:SARL GIRARD SECURITE<br />LIB:FACTURE FAC2024991,0,4268.55,2024-05-13
633000,PRELEVEMEN SEPA DGFIP,,,0,1328.57,2025-03-13
623000,PAIEMENT CB ENGIE,,,0,3406.33,2024-12-30
445660,PAIEMENT CB ENGIE,,,0,681.27,2024-12-30
401001,VIR SEPA EURL GAUTHIER LOGISTIQU,,,0,6321.61,2025-07-29
613200,PRELEVEMENT SEP EURL MERCIER,,,0,2955.32,2025-02-04
445660,PRELEVEMENT SEP EURL MERCIER,,,0,591.07,2025-02-04
641000,VIR SEPA SALAIRE DECEMBRE,,,0,2468.12,2024-12-30
707000,VIREMENT RECU SAS TECHNOLOGY PLU,,,8000.00,0,2024-07-04
601100,CB SA GROUPE LEGRAND,,,0,52.04,2025-08-31
445660,CB SA GROUPE LEGRAND,,,0,10.41,2025-08-31
512000,VIR INTERNE,,,0,34429.70,2025-06-26
641100,VIR SALAIRE MAI,,VIR SEPA<br />LIB:CONGES PAYES MAI 2024,0,3415.43,2024-05-28
641000,VIR SEPA SALAIRE AOUT,,VIR SEPA<br />LIB:REMUNERATION AOUT,0,2007.65,2024-08-30
626000,PRELEVEMENT SEPA LA POSTE,,,0,151.25,2024-01-25
637000,PRELEVEMENT SEPA DGFIP,,,0,2318.99,2024-08-26
601100,CARTE SA GROUPE LEGRAND,,CB SA GROUPE LEGRAND<br />LIB:ACHAT MARCHANDISES,0,1303.57,2024-09-27
445660,CARTE SA GROUPE LEGRAND,,CB SA GROUPE LEGRAND<br />LIB:ACHAT MARCHANDISES,0,260.71,2024-09-27
211000,VIR SEPA SARL ANDRE,,,0,74684.58,2024-03-26
164000,PRLV SEPA ECHEANCE MPRUNT,REF583588,,0,5386.37,2024-11-17
661100,PRLV SEPA ECHEANCE MPRUNT,REF583588,,0,1211.93,2024-11-17
616000,PRLV SEPA ECHEANCE MPRUNT,REF583588,,0,134.66,2024-11-17
416000,VIR RECU SARL COMMERCE DU SUD,,,10000.00,0,2024-08-27
626000,PRELVEMENT SEPA LA POSTE,,,0,10.00,2024-01-20
706000,VIR RECU SA INDUSTRIE NORD,,,10635.58,0,2024-03-25
601100,CARTE EDF,,,0,1007.21,2025-09-29
445660,CARTE EDF,,,0,201.44,2025-09-29
622000,VIREMENT SEPA SAS DUVAL,,,0,4708.77,2025-05-25
445660,VIREMENT SEPA SAS DUVAL,,,0,941.76,2025-05-25
626000,PRLV SEPA LA POSTE,,,0,85.71,2025-07-30
211000,VIR SEPA SARL MARTIN,,,0,161911.43,2024-07-28
633000,PRLV SEPA DGFIP,,PRLV SEPA NBE:DGFIP<br />LIB:CONTRIBUTION ECONOMIQUE TERRITORIALE,0,4000.00,2025-02-24
411008,VIR RECU SCI PETIT ELECTRICITE,,VIR SEPA NPY:SCI PETIT ELECTRICITE IBE:FR3379857962349216244198983 BIC:AGRIFRPP PDO:FR<br />LIB:REGLEMENT CLIENT FAC2024087,6103.01,0,2024-03-07
611000,PRELEVEMENT SEPA SARL ANDRE,,PRLV SEPA NBE:SARL ANDRE<br />LIB:SOUS-TRAITANCE,0,2967.39,2025-12-30
445660,PRELEVEMENT SEPA SARL ANDRE,,PRLV SEPA NBE:SARL ANDRE<br />LIB:SOUS-TRAITANCE,0,593.48,2025-12-30
623000,CB SAS MOREAU,REF118878,,0,2558.97,2024-11-15
445660,CB SAS MOREAU,REF118878,,0,511.80,2024-11-15
641000,VIR SALAIRE AOUT,,,0,3266.85,2024-08-28
205000,VIR SEPA SARL MARTIN,,VIR SEPA NPY:SARL MARTIN<br />LIB:LOGICIEL FAC2025341,0,17372.13,2024-03-25
512000,VIR RECU SARL PETIT,,VIR SEPA NPY:SARL PETIT<br />LIB:VIREMENT RECU,2357.19,0,2024-03-30
613200,PRLV SEPA SARL MARTIN,,,0,1695.86,2025-12-02
445660,PRLV SEPA SARL MARTIN,,,0,339.17,2025-12-02
707000,VIR RECU SA CHIMIE FRANCE,,,11110.28,0,2024-12-15
707000,VIR RECU SA CHIMIE FRANCE,,,17000.00,0,2024-09-26
419000,VIREMENT RECU SAS LOGISTIQUE PRO,,VIR SEPA NPY:SAS LOGISTIQUE PRO<br />LIB:ACOMPTE CLIENT,14950.66,0,2024-04-10
404000,VIR SEPA SAS FAUR,REF120355,,0,44042.06,2025-05-02
637000,PRELEVEMENT SEPA DGFIP,,,0,1420.90,2025-04-27
411006,VIREMENT RECU SARL LEFEVRE CONSE,,VIR SEPA NPY:SARL LEFEVRE CONSEIL IBE:FR9254472416792007230350052 BIC:BNPAFRPP PDO:FR RCN:FAC2025432<br />LIB:REGLEMENT FACTURE FAC2025432,36865.27,0,2024-06-01
411001,VIR RECU SCI HENRY SECURITE,,,22658.52,0,2024-11-11
621000,PRLV SEPA EURL BERNARD,REF804602,PRLV SEPA NBE:EURL BERNARD<br />LIB:PERSONNEL INTERIMAIRE,0,3750.00,2025-11-27
445660,PRLV SEPA EURL BERNARD,REF804602,PRLV SEPA NBE:EURL BERNARD<br />LIB:PERSONNEL INTERIMAIRE,0,750.00,2025-11-27
445710,IR SEPA DGFIP TVA,REF350398,,0,16400.00,2025-04-17
713000,VIR RECU SARL MODE TEXTILE,,,929.03,0,2025-06-26
618000,CB SARL MARTIN,,,0,143.42,2025-12-27
445660,CB SARL MARTIN,,,0,28.69,2025-12-27
401003,PRELEVEMENT SEPA SARL GIRARD SEC,,,0,2668.96,2025-01-14
601100,PRLV SEPA EDF,,,0,5945.38,2024-08-28
445660,PRLV SEPA EDF,,,0,1189.08,2024-08-28
645000,PRLVT SEPA URSSAF,,,0,2190.00,2025-09-07
641000,VIR SALAIRE SEPTEMBRE,,,0,3655.21,2025-09-27
512000,VIR RECU SARL BONNET,,VIR SEPA NPY:SARL BONNET<br />LIB:VIREMENT RECU,13666.76,0,2025-10-29
512000,VIREMENT RECU SA GROUPE LEGRAND,,,10707.28,0,2024-07-26
411002,VIR RECU SA GARNIER TRANSPORTS,,VIR SEPA NPY:SA GARNIER TRANSPORTS IBE:BE48861929000308 BIC:GEBABEBB PDO:BE<br />LIB:REGLEMENT CLIENT FAC2024548,29073.89,0,2024-12-18
708000,VIREMENT RECU SA PHARMA SANTE,,,4924.19,0,2024-01-25
431000,PRLV SEPA URSSAF,REF195467,PRLV SEPA CPY:FR98871025 NBE:URSSAF<br />LIB:COTISATIONS SOCIALES T2 2025,0,21298.96,2025-04-05
606300,PRLV SEPA SARL ANDRE,,,0,123.13,2024-02-21
445660,PRLV SEPA SARL ANDRE,,,0,24.63,2024-02-21
401004,PRELEVEMENT SEPA SAS GARCIA INDU,,PRLV SEPA CPY:FR62050039 RUM:FR62050039 NBE:SAS GARCIA INDUSTRIE<br />LIB:REGLEMENT FACTURE,0,3875.54,2024-06-28
635000,PRLV SEPA DGFIP,REF638911,PRLV SEPA NBE:DGFIP<br />LIB:AUTRES IMPOTS 2024,0,4771.57,2024-09-30
404000,VIREMENT SEPA SA FOURNIER,,VIR SEPA NPY:SA FOURNIER<br />LIB:ACHAT IMMOBILISATION,0,26392.98,2024-06-19
601100,PAIEMENT CB MAIF,,,0,657.91,2024-10-07
445660,PAIEMENT CB MAIF,,,0,131.58,2024-10-07
601100,CB MAIF,,,0,1580.29,2024-02-02
445660,CB MAIF,,,0,316.06,2024-02-02
611000,PRLVT SEPA SAS MOREAU,,PRLV SEPA NBE:SAS MOREAU<br />LIB:SOUS-TRAITANCE,0,7225.00,2024-08-13
445660,PRLVT SEPA SAS MOREAU,,PRLV SEPA NBE:SAS MOREAU<br />LIB:SOUS-TRAITANCE,0,1445.00,2024-08-13
625100,PAIEMENT CB SARL GAUTIER,REF376066,,0,172.62,2025-02-07
445660,PAIEMENT CB SARL GAUTIER,REF376066,,0,34.53,2025-02-07
625100,CB MAIF,REF564993,,0,653.22,2024-10-03
445660,CB MAIF,REF564993,,0,130.65,2024-10-03
512000,VIR RECU SAS DUPONT,,VIR SEPA NPY:SAS DUPONT<br />LIB:VIREMENT RECU,12836.69,0,2024-04-25
530000,RETRAIT CAISSE,,,0,898.96,2025-01-09
431000,PRLVT SEPA URSSAF,,,0,16709.55,2025-11-12
408000,FACTURE NON PARVENUE SARL SIMON,,,0,2880.00,2024-12-27
741000,VIR RECU SUBVENTION,,VIR SEPA NPY:SA CHIMIE FRANCE<br />LIB:SUBVENTION EXPLOITATION 2025,45303.82,0,2025-11-04
635000,PRELEVEMENT SEPA DGFIP,,,0,3900.00,2025-09-30
401002,VIREMENT SEPA SARL FOURNIER BTP,,,0,11282.83,2025-09-01
624000,PAIEMENT CB SARL CONSULTANT RH,,,0,315.77,2025-01-30
445660,PAIEMENT CB SARL CONSULTANT RH,,,0,63.15,2025-01-30
708000,VIR RECU SARL COMMERCE DU SUD,REF125405,VIR SEPA NPY:SARL COMMERCE DU SUD<br />LIB:PRODUITS ACTIVITES ANNEXES,754.65,0,2024-11-10
401001,PRLV SEPA EURL GAUTHIER LOGISTIQ,,,0,5876.86,2024-04-02
211000,VIREMENT SEPA SARL GAUTIER,,,0,125710.86,2025-04-28
621000,PRELEVEMENT SEPA SA LEFEVRE,,PRLV SEPA NBE:SA LEFEVRE<br />LIB:PERSONNEL INTERIMAIRE,0,8333.33,2024-12-15
445660,PRELEVEMENT SEPA SA LEFEVRE,,PRLV SEPA NBE:SA LEFEVRE<br />LIB:PERSONNEL INTERIMAIRE,0,1666.67,2024-12-15
411001,VIR RECU SCI HENRY SECURITE,,,8223.85,0,2024-01-05
411001,VIREMENT RECU SCI HENRY SECURITE,,,28464.69,0,2025-09-04
645000,PRLV SEPA URSSAF,REF758459,PRLV SEPA NBE:URSSAF<br />LIB:COTISATIONS PATRONALES T1 2025,0,18845.28,2025-03-08
706000,VIREMENT RECU SA INDUSTRI NORD,,,7308.16,0,2024-04-23
404000,VIR SAS MOREAU,,,0,7175.85,2024-04-30
708000,VIR RECU SARL TRANSPORT EXPRESS,REF325348,,1390.25,0,2025-06-23
781000,REPRISE AMORTISSEMENT,REF338663,,8000.00,0,2024-12-28
641100,VIR SEPA SALAIRE JANVIER,,,0,1950.00,2024-01-28
514000,REMISE CHEQUE,,,5500.00,0,2025-05-26
601100,PRELEVEMENT SEPA SA GROUPE LEGRA,,PRLV SEPA NBE:SA GROUPE LEGRAND<br />LIB:COMMANDE FAC2025034,0,1260.97,2025-06-29
445660,PRELEVEMENT SEPA SA GROUPE LEGRA,,PRLV SEPA NBE:SA GROUPE LEGRAND<br />LIB:COMMANDE FAC2025034,0,252.19,2025-06-29
625100,CARTE SA GROUPE LEGRAND,,,0,331.17,2024-10-03
445660,CARTE SA GROUPE LEGRAND,,,0,66.23,2024-10-03
708000,VIR RECU SA GROUPE LEGRAND,,,3346.28,0,2025-01-29
612000,PRLV SEPA SARL BONNET,,PRLV SEPA NBE:SARL BONNET<br />LIB:CREDIT-BAIL,0,2166.67,2025-03-07
445660,PRLV SEPA SARL BONNET,,PRLV SEPA NBE:SARL BONNET<br />LIB:CREDIT-BAIL,0,433.33,2025-03-07
701000,VIR RECU SAS CONSEIL RH,,,15968.36,0,2024-11-13
411001,VIR RECU SCI HENRY SECURITE,,,21585.75,0,2025-09-11
514000,REMISE CHEQUE,,,3823.91,0,2025-01-27
601100,PRLVT SEPA MICROSOFT,,PRLV SEPA NBE:MICROSOFT<br />LIB:COMMANDE FAC2025783,0,5000.00,2024-12-30
445660,PRLVT SEPA MICROSOFT,,PRLV SEPA NBE:MICROSOFT<br />LIB:COMMANDE FAC2025783,0,1000.00,2024-12-30
445510,VIREMENT SEPA DGFIP TVA,,,0,2500.00,2025-01-19
411003,VIR RECU SARL GIRARD BTP,,,24404.05,0,2024-03-25
658000,VIR SEPA SARL ANDRE,,,0,1850.00,2025-08-15
411001,VIREMENT RECU SCI HENRY SECURITE,,,19001.43,0,2025-09-10
626000,PRELEVEMENT SEPA LA POSTE,,,0,35.15,2024-08-29
625200,CARTE SARL GAUTIER,REF408035,,0,1029.82,2024-01-20
445660,CARTE SARL GAUTIER,REF408035,,0,205.96,2024-01-20
421000,VIREMENT SEPA SALAIRE DECEMBRE,,VIR SEPA<br />LIB:SALAIRE DECEMBRE 2025,0,2941.09,2025-12-28
471000,OPERATION ATTENTE,,,0,297.17,2025-04-26
421000,VIR SALAIRE JUILLET,,,0,4710.00,2025-07-27
708000,VIREMENT RECU SA BTP CONSTRUCTIO,,VIR SEPA NPY:SA BTP CONSTRUCTIONS<br />LIB:PRODUITS ACTIVITES ANNEXES,624.77,0,2025-05-27
613200,PRLV SEPA EURL BERNARD,,,0,1092.00,2025-12-03
445660,PRLV SEPA EURL BERNARD,,,0,218.40,2025-12-03
401003,VIR SEPA SARL GIRARD SECURITE,,,0,9567.27,2025-02-25
416000,VIREMENT RECU SAS ECO ENERGIE,,VIR SEPA NPY:SAS ECO ENERGIE<br />LIB:CREANCE DOUTEUSE,2984.15,0,2025-09-23
708000,VIREMENT RECU SARL MODE TEXTILE,,,3581.46,0,2024-12-25
641000,VIR SEPA SALAIRE OCTOBRE,,VIR SEPA<br />LIB:REMUNERATION OCTOBRE,0,1800.00,2024-10-25
707000,VIR RECU SAS TECHNOLOGY PLUS,,VIR SEPA NPY:SAS TECHNOLOGY PLUS<br />LIB:VENTE MARCHANDISES FAC2025548,4580.05,0,2025-09-29
631000,PRLVT SEPA DGFIP,,PRLV SEPA NBE:DGFIP<br />LIB:FORMATION CONTINUE 2024,0,1899.72,2024-06-29
641100,VIR SEPA SALAIRE AVRIL,,,0,2675.08,2024-04-26
708000,VIR RECU SARL MODE TXTILE,,,1619.68,0,2024-05-14
512000,VIR INTERNE,,,0,30793.62,2024-12-23
707000,VIR RECU SAS TECHNOLOGY PLUS,REF523975,,22448.75,0,2024-12-28
411002,VIR RECU SA GARNIER TRANSPORTS,REF948584,,16861.80,0,2025-07-27
706000,VIREMENT RECU SAS DIGITAL SERVIC,,,5869.23,0,2024-08-07
706000,VIREMENT RECU SA GROUPE LEGRAND,REF859827,,3000.00,0,2024-06-13
635000,PRELEVEMENT SEPA DGFIP,,,0,2595.50,2025-12-26
601100,PAIEMENT CB MAIF,,,0,1096.31,2024-10-31
445660,PAIEMENT CB MAIF,,,0,219.26,2024-10-31
601100,CB SA GROUPE LEGRAND,,,0,1991.12,2024-09-26
445660,CB SA GROUPE LEGRAND,,,0,398.22,2024-09-26
635000,PRLVT SEPA DGFIP,,,0,2000.00,2025-02-07
601100,CB EDF,,,0,1705.94,2024-10-26
445660,CB EDF,,,0,341.19,2024-10-26
421000,VIREMENT SEPA SALAIRE DECEMBRE,,VIR SEPA<br />LIB:SALAIRE DECEMBRE 2024,0,4340.00,2024-12-29
401003,VIR SEPA SARL GIRARD SECURITE,,,0,7000.00,2025-02-25
401002,PRELEVEMENT SEPA SARL FOURNIER B,REF778581,,0,15000.00,2024-03-27
708000,VIR RECU SARL MODE TEXTILE,,VIR SEPA NPY:SARL MODE TEXTILE<br />LIB:PRODUITS ACTIVITES ANNEXES,3981.46,0,2024-02-17
706000,VIR RECU SA PHARMA SANTE,,,11045.53,0,2025-12-27
641000,VIR SALAIRE FEVRIER,,,0,3500.00,2024-02-29
401006,PRLV SEPA SAS ROBIN SECURITE,,,0,3646.05,2024-06-20
645100,PRLV SEPA MUTUELLE,,PRLV SEPA NBE:MUTUELLE<br />LIB:PREVOYANCE SANTE MAI,0,2000.00,2024-05-27
411004,VIREMENT RECU SA NOEL IMPRIMERIE,,,22860.00,0,2024-10-26
633000,PRELEVEMENT SEPA DGFIP,,,0,7550.00,2024-10-28
512100,VIR INTERNE,,,0,47412.76,2025-12-20
713000,VIR RECU SA BTP CONTRUCTIONS,,,841.02,0,2025-11-25
512000,FRAIS BANCAIRES,,,0,100.00,2025-02-26
411001,VIREMENT RECU SCI HENRY SECURITE,,VIR SEPA NPY:SCI HENRY SECURITE IBE:DE79571492966369656769 BIC:DEUTDEFF PDO:DE<br />LIB:REGLEMENT CLIENT FAC2024319,2132.07,0,2024-01-02
601100,PAIEMENT CB SA GROUPE LEGRAND,,,0,383.33,2024-05-10
445660,PAIEMENT CB SA GROUPE LEGRAND,,,0,76.67,2024-05-10
631000,PLVT SEPA DGFIP,,,0,1226.11,2024-04-24
641000,VIREMENT SEPA SALAIRE JUIN,,VIR SEPA<br />LIB:SALAIRE JUIN 2025,0,3911.66,2025-06-30
612000,PRELEVEMENT SEPA EURL BERNARD,,PRLV SEPA NBE:EURL BERNARD<br />LIB:CREDIT-BAIL,0,1083.33,2025-05-04
445660,PRELEVEMENT SEPA EURL BERNARD,,PRLV SEPA NBE:EURL BERNARD<br />LIB:CREDIT-BAIL,0,216.67,2025-05-04
612000,PRLV SEP SARL MARTIN,,,0,2196.77,2024-02-15
445660,PRLV SEP SARL MARTIN,,,0,439.36,2024-02-15
626100,PRLV SEPA SA LEFEVRE,,,0,14.37,2025-05-29
445660,PRLV SEPA SA LEFEVRE,,,0,2.88,2025-05-29
419000,VIR RECU SAS DIGITAL SERVICES,,,9424.34,0,2025-08-01
512000,REMISE CHEQUE,,REMISE CHQ N 541597,11456.04,0,2024-12-02
431000,PRELEVEMENT SEPA URSSAF,,,0,21398.62,2024-07-07
661000,FRAIS BANCAIRES,,,0,77.31,2024-03-28
601100,PRELEVEMENT SEPA SAS DUVAL,,PRLV SEPA NBE:SAS DUVAL<br />LIB:COMMANDE FAC2025420,0,3791.30,2025-07-17
445660,PRELEVEMENT SEPA SAS DUVAL,,PRLV SEPA NBE:SAS DUVAL<br />LIB:COMMANDE FAC2025420,0,758.26,2025-07-17
401001,VIR SEPA EURL GAUTHIER LOGISTIQU,,VIR SEPA REF:FR24669168 NPY:EURL GAUTHIER LOGISTIQUE<br />LIB:FACTURE FOURNISSEUR FAC2024441 LC2:ECHEANCE MARS,0,9183.63,2025-03-25
631000,PRLV SEPA DGFIP,,PRLV SEPA NBE:DGFIP<br />LIB:FORMATION CONTINUE 2025,0,1167.06,2025-09-19
645100,PRLVT SEPA MUTUELLE,REF660437,,0,1183.42,2024-04-18
706000,VIR RECU SA GROUPE LEGRAND,REF524542,,8000.00,0,2025-09-30
601100,CARTE SARL ANDRE,,CB SARL ANDRE<br />LIB:ACHAT MARCHANDISES,0,4028.37,2024-05-25
445660,CARTE SARL ANDRE,,CB SARL ANDRE<br />LIB:ACHAT MARCHANDISES,0,805.67,2024-05-25
401001,VIR SEPA EURL GAUTHIER LOGISTIQU,,,0,2246.63,2025-06-25
613200,PRLV SEPA SARL BONNET,REF277149,,0,2237.83,2024-05-03
445660,PRLV SEPA SARL BONNET,REF277149,,0,447.57,2024-05-03
641000,VIR SEPA SALAIRE SEPTEMBRE,,VIR SEPA<br />LIB:SALAIRE SEPTEMBRE 2025,0,3960.97,2025-09-29
401005,VIR SEPA SCI GUERIN IMPRIMERIE,,,0,6049.13,2025-04-26
512000,FRAIS BANCAIRES,,,0,189.73,2024-12-11
486000,CHARGE CONSTATEE AVANCE,,,0,248.85,2025-12-23
631000,PRLV SEPA DGFIP,,,0,1990.00,2024-12-06
641000,VIREMENT SEPA SALAIRE MARS,,,0,2247.15,2024-03-27
437000,PRELEVEMENT SEPA POLE EMPLOI,,,0,5241.70,2024-09-06
416000,VIR RECU SARL COMMERCE DU SUD,,VIR SEPA NPY:SARL COMMERCE DU SUD<br />LIB:CREANCE DOUTEUSE,7568.87,0,2024-07-29
704000,VIREMENT RECU SA BTP CONSTRUCTIO,,VIR SEPA NPY:SA BTP CONSTRUCTIONS<br />LIB:TRAVAUX FAC2025343,9583.96,0,2024-01-31
706000,VIR RECU SA INDUSTRIE NORD,,,12443.55,0,2025-05-28
704000,VIREMENT RECU SAS CONSEIL RH,,,6050.00,0,2024-08-10
621000,PRLV SEPA EURL BERNARD,,,0,7583.55,2024-03-14
445660,PRLV SEPA EURL BERNARD,,,0,1516.71,2024-03-14
512000,VIR INTERNE,,VIR INTERNE REF:FR38788785<br />LIB:VIREMENT DE COMPTE A COMPTE,0,43145.57,2025-05-23
641100,VIR SEPA SALAIRE JUILLET,REF482252,VIR SEPA<br />LIB:CONGES PAYES JUILLET 2025,0,2551.02,2025-07-25
641000,VIREMENT SEPA SALAIRE MARS,REF449792,,0,3552.70,2025-03-27
512000,REMISE CHEQUE,REF665987,,11341.00,0,2024-06-17
775000,VIR RECU SARL COMMERCE DU SUD,,,16893.33,0,2024-05-27
411001,VIR RECU SCI HENRY SECURITE,,VIR SEPA NPY:SCI HENRY SECURITE IBE:DE79571492966369656769 BIC:DEUTDEFF PDO:DE RCN:FAC2025839<br />LIB:REGLEMENT FACTURE FAC2025839,22565.60,0,2025-11-04
411001,VIR RECU SCI HENRY SECURITE,REF211890,,15515.68,0,2024-03-09
606100,CB MACIF,,CB MACIF<br />LIB:FOURNITURES NON STOCKABLES,0,367.42,2024-10-27
445660,CB MACIF,,CB MACIF<br />LIB:FOURNITURES NON STOCKABLES,0,73.49,2024-10-27
512000,VIR INTERNE,,,0,48621.46,2025-12-25
625100,CB MAIF,REF187738,,0,236.57,2025-09-26
445660,CB MAIF,REF187738,,0,47.31,2025-09-26
401007,PRLVT SEPA SAS MASSON CONSEIL,,,0,1077.17,2024-10-25
511500,ENAISSEMENT CB,,,1574.06,0,2025-07-27
627000,ENAISSEMENT CB,,,0,15.74,2025-07-27
613200,PRLV SEPA SA PICARD,,,0,1833.33,2024-07-03
445660,PRLV SEPA SA PICARD,,,0,366.67,2024-07-03
613200,PRLVT SEPA SARL BONNET,,PRLV SEPA NBE:SARL BONNET<br />LIB:LOYER JUIN 2025,0,2086.99,2025-06-03
445660,PRLVT SEPA SARL BONNET,,PRLV SEPA NBE:SARL BONNET<br />LIB:LOYER JUIN 2025,0,417.40,2025-06-03
626100,PRLV SEPA SA FOURNIER,,,0,83.33,2025-07-22
445660,PRLV SEPA SA FOURNIER,,,0,16.67,2025-07-22
614000,PRELEVEMENT SEPA SA PICARD,,PRLV SEPA NBE:SA PICARD<br />LIB:CHARGES LOCATIVES T2,0,294.78,2025-06-21
445660,PRELEVEMENT SEPA SA PICARD,,PRLV SEPA NBE:SA PICARD<br />LIB:CHARGES LOCATIVES T2,0,58.96,2025-06-21
512000,FRAIS BANCAIRES,,,0,32.78,2024-07-22
445510,VIR SEPA DGFIP TVA,,,0,9963.73,2025-01-21
635000,PRLV SEPA DGFIP,,,0,1989.86,2025-05-15
512000,VIR INTERNE,,,0,21127.88,2024-06-21
708000,VIREMENT RECU SARL TRANSPORT EXP,,,2254.77,0,2024-05-13
445510,VIR SEPA DGFIP TVA,,VIR SEPA NPY:DGFIP<br />LIB:TVA A DECAISSER T3 2025,0,17785.90,2025-07-17
606300,PAIEMENT CB SARL GAUTIER,,,0,253.88,2024-09-30
445660,PAIEMENT CB SARL GAUTIER,,,0,50.78,2024-09-30
512000,VIR INTERNE,,,0,12830.20,2024-09-10
623000,CB SAS MOREAU,,,0,364.55,2025-10-12
445660,CB SAS MOREAU,,,0,72.91,2025-10-12
627000,PRLV SEPA OVH SAS,REF414970,PRLV SEPA NBE:OVH SAS<br />LIB:HEBERGEMENT SERVEUR,0,166.12,2024-08-10
411002,VIR RECU SA GARNIER TRANSPORTS,,VIR SEPA NPY:SA GARNIER TRANSPORTS IBE:BE48861929000308 BIC:GEBABEBB PDO:BE RCN:FAC2025008<br />LIB:REGLEMENT FACTURE FAC2025008,8738.16,0,2025-03-06
611000,PRLV SEPA SARL BONNET,REF720215,PRLV SEPA NBE:SARL BONNET<br />LIB:SOUS-TRAITANCE,0,5157.03,2024-05-19
445660,PRLV SEPA SARL BONNET,REF720215,PRLV SEPA NBE:SARL BONNET<br />LIB:SOUS-TRAITANCE,0,1031.41,2024-05-19
641000,VIREMENT SEPA SALAIRE SEPTEMBRE,,,0,1800.00,2025-09-29
218000,CB SAS FAURE,,,0,11612.55,2025-12-31
445620,CB SAS FAURE,,,0,2322.51,2025-12-31
622000,VIR EURL MERCIER,,VIR SEPA NPY:EURL MERCIER<br />LIB:HONORAIRES COMPTABLES,0,4452.30,2024-06-27
445660,VIR EURL MERCIER,,VIR SEPA NPY:EURL MERCIER<br />LIB:HONORAIRES COMPTABLES,0,890.46,2024-06-27
164000,PRLV SEPA ECHEANCE EMPRUNT,,,0,6684.36,2025-02-28
661100,PRLV SEPA ECHEANCE EMPRUNT,,,0,1503.98,2025-02-28
616000,PRLV SEPA ECHEANCE EMPRUNT,,,0,167.11,2025-02-28
401001,PRLV SEPA EURL GAUTHIER LOGISTIQ,,PRLV SEPA NBE:EURL GAUTHIER LOGISTIQUE<br />LIB:REGLEMENT ACHAT,0,2235.66,2025-02-27
708000,VIREMENT RECU SARL COMMERCE DU S,,VIR SEPA NPY:SARL COMMERCE DU SUD<br />LIB:PRODUITS ACTIVITES ANNEXES,1886.46,0,2025-12-28
411001,VIR RECU SCI HENRY SECURITE,,,13321.45,0,2024-06-21
626000,PRELEVEMENT SEPA LA POSTE,,PRLV SEPA NBE:LA POSTE<br />LIB:AFFRANCHISSEMENT,0,200.00,2025-11-27
707000,VIR RECU SAS TECHNOLOGY PLUS,,,7348.81,0,2024-10-31
641000,VIR SALAIRE DECEMBRE,,,0,2000.00,2024-12-31
606100,PRLV SEPA SAS MOREAU,,PRLV SEPA NBE:SAS MOREAU<br />LIB:EAU ELECTRICITE,0,278.52,2024-05-27
445660,PRLV SEPA SAS MOREAU,,PRLV SEPA NBE:SAS MOREAU<br />LIB:EAU ELECTRICITE,0,55.71,2024-05-27
758700,VI RECU ALLIANZ,,,5915.78,0,2025-07-22
771000,VIREMENT RECU EURL ARTISAN BOIS,,VIR SEPA NPY:EURL ARTISAN BOIS<br />LIB:PRODUIT EXCEPTIONNEL,18900.00,0,2025-03-01
623000,CB SS DUPONT,,,0,750.00,2025-02-24
445660,CB SS DUPONT,,,0,150.00,2025-02-24
601100,CB EDF,,CB EDF<br />LIB:ACHAT MARCHANDISES,0,2380.40,2025-10-16
445660,CB EDF,,CB EDF<br />LIB:ACHAT MARCHANDISES,0,476.08,2025-10-16
616000,PRLV SEPA MACIF,,,0,1000.00,2025-07-25
635000,PRELEVEMENT SEPA DGFIP,,,0,1849.87,2025-04-28
614000,PRELEVEMENT SEPA SARL BONNET,,,0,1006.87,2025-03-26
445660,PRELEVEMENT SEPA SARL BONNET,,,0,201.38,2025-03-26
625100,CB SARL GAUTIER,REF330636,,0,259.87,2024-04-24
445660,CB SARL GAUTIER,REF330636,,0,51.98,2024-04-24
613200,PRLV SEPA EURL BERNARD,,,0,638.50,2024-11-01
445660,PRLV SEPA EURL BERNARD,,,0,127.70,2024-11-01
708000,VIR RECU SARL COMMERCE DU SUD,,,3817.70,0,2025-02-28
411002,VIR RECU SA GARNIER TRANSPORTS,,,10957.21,0,2025-04-26
411003,VIR RECU SARL GIRAR BTP,,VIR SEPA NPY:SARL GIRARD BTP IBE:FR6565717087582511379734835 BIC:AGRIFRPP PDO:FR<br />LIB:REGLEMENT CLIENT FAC2024924,24044.83,0,2025-10-06
635000,PRLV SEPA DGFIP,,,0,3316.25,2025-10-30
401001,VIR EURL GAUTHIER LOGISTIQUE,,,0,12487.79,2024-12-25
401001,PRLV SEPA EURL GAUTHIER LOGISTIQ,,PRLV SEPA CPY:FR89840953 RUM:FR89840953 NBE:EURL GAUTHIER LOGISTIQUE<br />LIB:REGLEMENT FACTURE,0,14517.83,2024-02-29
512000,FRAIS BANCAIRES,,,0,108.15,2025-12-24
791000,VIR RECU MACIF,,,5596.47,0,2024-11-25
615000,PRELEVEMENT SEPA SAS DUVAL,,,0,1834.44,2024-08-06
445660,PRELEVEMENT SEPA SAS DUVAL,,,0,366.89,2024-08-06
445510,VIREMENT SEPA DGFIP TVA,,,0,10169.01,2025-07-24
626000,PRLV SEPA SARL PETIT,,,0,117.11,2025-03-25
512100,VIR INTERNE,,,0,64507.76,2024-05-29
401008,VIR SEPA SAS BLANC SECURITE,REF476044,,0,765.86,2024-09-01
408000,FACTURE NON PARVENUE SAS MOREAU,,,0,2530.00,2024-06-08
621000,PRLV SEPA EURL BERNARD,,,0,8122.26,2025-06-27
445660,PRLV SEPA EURL BERNARD,,,0,1624.45,2025-06-27
661000,INTERETS EMPRUNT,,INTERETS<br />LIB:INTERET DEBITEUR AOUT 2025,0,1905.93,2025-08-26
411005,VIR RECU SCI ROUSSEL ELECTRICITE,,VIR SEPA NPY:SCI ROUSSEL ELECTRICITE IBE:DE59148090265642462589 BIC:DEUTDEFF PDO:DE<br />LIB:REGLEMENT CLIENT FAC2024453,15900.00,0,2024-08-25
437000,PRELEVEMENT SEPA POLE EMPLOI,,,0,2584.12,2025-02-05
512000,REMISE CHEQUE,,,17190.35,0,2025-07-28
445510,VIREMENT SEPA DGFIP TVA,REF344781,VIR SEPA NPY:DGFIP<br />LIB:TVA A DECAISSER T3 2025,0,12141.56,2025-07-18
401001,VIR SEPA EURL GAUTHIER LOGISTIQU,,,0,7083.82,2025-03-18
261000,VIR SEPA SARL BONNET,,,0,36342.99,2024-02-02
708000,VIR RECU SARL MODE TEXTILE,,,4554.91,0,2024-05-31
431000,PRLV SEPA URSSAF,,,0,3196.47,2024-12-10
635000,PRLV SEPA DGFIP,,PRLV SEPA NBE:DGFIP<br />LIB:AUTRES IMPOTS 2024,0,1322.76,2024-08-14
601100,CB EDF,,,0,2500.00,2024-08-25
445660,CB EDF,,,0,500.00,2024-08-25
626000,PRLVT SEPA LA POSTE,,,0,93.24,2025-03-03
471000,OPERATION ATTENTE,,,0,1967.34,2025-05-28
512000,VIR INTERNE,,,0,35400.00,2024-10-28
512000,VIR RECU SA LEFEVRE,,,13771.91,0,2024-10-25
401007,VIREMENT SEPA SAS MASSON CONSEIL,,VIR SEPA REF:FR71651525 NPY:SAS MASSON CONSEIL<br />LIB:ACOMPTE FOURNISSEUR,0,10292.41,2024-12-30
416000,VIREMENT RECU SA INDUSTRIE NORD,,,6106.62,0,2024-12-25
614000,PRELEVEMENT SEPA SA LEFVRE,,,0,1467.73,2025-11-23
445660,PRELEVEMENT SEPA SA LEFVRE,,,0,293.55,2025-11-23
615000,PRLV SEPA SARL SIMON,,,0,1973.80,2025-10-31
445660,PRLV SEPA SARL SIMON,,,0,394.76,2025-10-31
411003,VIR RECU SARL GIRARD BTP,,,19665.01,0,2024-02-29
401002,PRLV SEPA SARL FOURNIER BTP,REF359895,,0,1900.00,2025-02-25
626000,PRLV SEPA LA POSTE,,PRLV SEPA NBE:LA POSTE<br />LIB:AFFRANCHISSEMENT,0,115.21,2025-01-18
641000,VIR SEPA SALAIRE MARS,REF584202,,0,2539.53,2025-03-29
411008,VIR RECU SCI PETIT ELECTRICITE,,VIR SEPA NPY:SCI PETIT ELECTRICITE IBE:FR3379857962349216244198983 BIC:AGRIFRPP PDO:FR RCN:FAC2024038<br />LIB:REGLEMENT FACTURE FAC2024038,42732.84,0,2025-05-30
419000,VIREMENT RECU SAS LOGISTIQUE PRO,,,11117.01,0,2024-05-30
411001,VIREMENT RECU SCI HENRY SECURITE,,,31559.03,0,2025-07-27
707000,VIR RECU SA CHIMIE FRANCE,,,3841.89,0,2025-09-08
626000,PRLV SEPA LA POSTE,,,0,135.11,2025-05-25
631000,PRLV SEPA DGFIP,,,0,1107.35,2024-06-26
668000,FRAIS FINANCIERS,REF831560,,0,45.36,2024-01-15
416000,VIR RECU EURL ARTISAN BOIS,,VIR SEPA NPY:EURL ARTISAN BOIS<br />LIB:CREANCE DOUTEUSE,8504.53,0,2024-08-29
530000,RETRAIT CAISSE,,,0,393.23,2025-09-07
401003,PRLV SEPA SARL GIRARD SECURITE,REF279704,,0,4076.04,2025-04-11
512000,VIR RECU SARL PETIT,,VIR SEPA NPY:SARL PETIT<br />LIB:VIREMENT RECU,21369.64,0,2025-11-26
411002,VIR RECU SA GARNIER TRANSPORTS,,VIR SEPA NPY:SA GARNIER TRANSPORTS IBE:BE48861929000308 BIC:GEBABEBB PDO:BE RCN:FAC2024321<br />LIB:REGLEMENT FACTURE FAC2024321,1000.00,0,2024-07-26
530000,RETRAIT CAISSE,,,0,307.39,2025-08-18
627000,PRLVT SEPA ORANGE SA,REF215613,PRLV SEPA NBE:ORANGE SA<br />LIB:ABONNEMENT MOBILE,0,39.46,2024-11-26
512100,VIR INTERNE,REF633753,,0,67301.94,2025-06-24
645000,PRLV SEPA URSSAF,,PRLV SEPA NBE:URSSAF<br />LIB:COTISATIONS PATRONALES T2 2025,0,12415.24,2025-06-10
419000,VIREMENT RECU SAS DIGITAL SERVIC,,VIR SEPA NPY:SAS DIGITAL SERVICES<br />LIB:ACOMPTE CLIENT,13829.75,0,2025-01-02
758000,VIREMENT RECU SA AERO COMPOSANTS,,VIR SEPA NPY:SA AERO COMPOSANTS<br />LIB:PRODUITS GESTION COURANTE,1063.17,0,2025-04-28
707000,VIREMENT RECU SAS TECHNOLOGY PLU,,,23129.67,0,2025-11-09
411001,VIR RECU SCI HENRY SECURITE,,,20182.24,0,2025-05-04
514000,REMISE CHEQUE,,REMISE CHQ N 425054,2592.84,0,2025-09-15
606100,CB SAS MOREAU,,,0,24.38,2025-03-31
445660,CB SAS MOREAU,,,0,4.88,2025-03-31
625100,CARTE SARL GAUTIE,,,0,303.61,2024-11-25
445660,CARTE SARL GAUTIE,,,0,60.72,2024-11-25
205000,VIREMENT SEPA SARL MARTIN,,,0,17133.40,2025-02-28
421000,VIREMENT SEPA SALAIRE AOUT,,,0,3500.67,2025-08-29
601100,PRLV SEPA MAIF,REF887443,,0,5544.63,2024-02-28
445660,PRLV SEPA MAIF,REF887443,,0,1108.93,2024-02-28
211000,VIR SEPA SAS LAURENT,,,0,19794.82,2024-11-05
612000,PRLV SEPA SARL PETIT,,PRLV SEPA NBE:SARL PETIT<br />LIB:CREDIT-BAIL,0,1040.87,2024-11-29
445660,PRLV SEPA SARL PETIT,,PRLV SEPA NBE:SARL PETIT<br />LIB:CREDIT-BAIL,0,208.18,2024-11-29
781000,REPRISE AMORTISSEMENT,,,3800.00,0,2025-12-28
708000,VIR RECU SARL MODE TEXTILE,,VIR SEPA NPY:SARL MODE TEXTILE<br />LIB:PRODUITS ACTIVITES ANNEXES,3000.00,0,2025-01-29
261000,VIR SAS LAMBERT,,,0,70200.00,2024-02-21
621000,PRLV SEP SAS DUVAL,,,0,5896.75,2024-04-03
445660,PRLV SEP SAS DUVAL,,,0,1179.35,2024-04-03
614000,PRLV SEPA SA PICARD,,PRLV SEPA NBE:SA PICARD<br />LIB:CHARGES LOCATIVES T3,0,1641.44,2025-08-26
445660,PRLV SEPA SA PICARD,,PRLV SEPA NBE:SA PICARD<br />LIB:CHARGES LOCATIVES T3,0,328.29,2025-08-26
401006,PRLV SEPA SAS ROBIN SECURITE,,PRLV SEPA CPY:FR78977189 RUM:FR78977189 NBE:SAS ROBIN SECURITE<br />LIB:REGLEMENT FACTURE,0,8000.00,2024-10-04
708000,VIREMENT RECU SARL MODE TEXTILE,,VIR SEPA NPY:SARL MODE TEXTILE<br />LIB:PRODUITS ACTIVITES ANNEXES,1600.00,0,2025-02-26
512000,FRAIS BANCAIRES,REF823934,,0,115.71,2024-12-29
411005,VIR RECU SCI ROUSSEL ELECTRICITE,,,4972.29,0,2025-04-17
646000,PRLV SEPA POLE EMPLOI,,PRLV SEPA NBE:POLE EMPLOI<br />LIB:COTISATIONS CHOMAGE T2,0,4810.03,2024-06-14
775000,VIREMENT RECU SARL COMMERCE DU S,REF263103,,1467.95,0,2024-12-04
601100,PRLV SEPA SA GROUPE LEGRAND,,,0,2500.00,2025-04-23
445660,PRLV SEPA SA GROUPE LEGRAND,,,0,500.00,2025-04-23
421000,VIR SEPA SALAIRE JUIN,,,0,4769.18,2024-06-26
411001,VIR RECU SCI HENRY SECURITE,REF106326,VIR SEPA NPY:SCI HENRY SECURITE IBE:DE79571492966369656769 BIC:DEUTDEFF PDO:DE RCN:FAC2024104<br />LIB:REGLEMENT FACTURE FAC2024104,49603.54,0,2025-06-30
437000,PRLV SEPA POLE EMPLOI,,PRLV SEPA NBE:FRANCE TRAVAIL<br />LIB:COTISATIONS CHOMAGE T4,0,4859.07,2024-10-07
486000,CHARGE CONSTATEE AVANCE,,,0,2418.38,2024-12-22
649000,VIR RECU CPAM,,,348.03,0,2025-11-29
514000,REMISE CHEQUE,,,6657.37,0,2025-08-01
411001,VIR RECU SCI HENRY SECURITE,,VIR SEPA NPY:SCI HENRY SECURITE IBE:DE79571492966369656769 BIC:DEUTDEFF PDO:DE RCN:FAC2024554<br />LIB:REGLEMENT FACTURE FAC2024554,4900.00,0,2024-10-29
606100,PRLV SEPA SA FOURNIER,,PRLV SEPA NBE:SA FOURNIER<br />LIB:EAU ELECTRICITE,0,228.99,2024-12-24
445660,PRLV SEPA SA FOURNIER,,PRLV SEPA NBE:SA FOURNIER<br />LIB:EAU ELECTRICITE,0,45.80,2024-12-24
512100,VIR INTERNE,,,0,56500.00,2024-06-26
606300,CB SAS GIRARD,,,0,1472.68,2024-10-15
445660,CB SAS GIRARD,,,0,294.54,2024-10-15
411007,VIR RECU SARL GARCIA DISTRIBUTIO,REF795308,VIR SEPA NPY:SARL GARCIA DISTRIBUTION IBE:FR6177233592743758002949141 BIC:CCBPFRPP PDO:FR RCN:FAC2024224<br />LIB:REGLEMENT FACTURE FAC2024224,6189.07,0,2024-07-26
614000,PRELEVEMENT SEPA EURL BERNARD,,,0,1666.67,2024-06-27
445660,PRELEVEMENT SEPA EURL BERNARD,,,0,333.33,2024-06-27
411004,VIREMENT RECU SA NOEL IMPRIMERIE,,VIR SEPA NPY:SA NOEL IMPRIMERIE IBE:FR8129201921818324290922311 BIC:SOGEFRPP PDO:FR RCN:FAC2024809<br />LIB:REGLEMENT FACTURE FAC2024809,38500.00,0,2025-06-28
641000,VIR SEPA SALAIRE MARS,,,0,1855.60,2025-03-28
621000,PRLV SEPA SAS DUPONT,,,0,1542.22,2025-12-05
445660,PRLV SEPA SAS DUPONT,,,0,308.45,2025-12-05
261000,VIREMENT SEPA SARL ANDRE,,,0,57950.00,2024-01-30
613200,PRELEVEMENT SEPA SARL BONNET,REF701530,,0,2500.00,2025-03-02
445660,PRELEVEMENT SEPA SARL BONNET,REF701530,,0,500.00,2025-03-02
613200,PRLV SEPA SARL GAUTIER,,,0,833.33,2024-08-01
445660,PRLV SEPA SARL GAUTIER,,,0,166.67,2024-08-01
205000,VIR SARL ANDRE,,,0,15150.90,2024-10-24
486000,CHARGE ONSTATEE AVANCE,,,0,5548.62,2025-12-24
602000,CB SAS LAMBERT,,CB SAS LAMBERT<br />LIB:ACHAT MATIERES PREMIERES,0,12117.53,2025-08-30
445660,CB SAS LAMBERT,,CB SAS LAMBERT<br />LIB:ACHAT MATIERES PREMIERES,0,2423.51,2025-08-30
411003,VIR RECU SARL GIRARD BTP,,VIR SEPA NPY:SARL GIRARD BTP IBE:FR6565717087582511379734835 BIC:AGRIFRPP PDO:FR RCN:FAC2024902<br />LIB:REGLEMENT FACTURE FAC2024902,15478.11,0,2025-05-28
701000,VIR RECU SAS CONSEIL RH,,,22848.46,0,2024-08-26
401003,VIREMET SEPA SARL GIRARD SECURIT,REF817169,,0,12050.00,2025-12-06
626000,PRLV SEPA LA POSTE,,,0,89.49,2025-07-08
511500,ENCAISSEMENT CB,,,2266.96,0,2024-11-29
627000,ENCAISSEMENT CB,,,0,22.67,2024-11-29
641000,VIR SEPA SALAIRE AOUT,,,0,2947.68,2025-08-29
641100,VIR SEPA SALAIRE OCTOBRE,,,0,1450.00,2025-10-31
419000,VIR RECU SA CHIMIE FRANCE,,,17140.00,0,2024-09-25
205000,VIR SEPA SARL ANDRE,,VIR SEPA NPY:SARL ANDRE<br />LIB:LOGICIEL FAC2024522,0,2680.00,2025-07-01
211000,VIR SEPA SARL MARTIN,,VIR SEPA NPY:SARL MARTIN<br />LIB:TERRAIN,0,172331.74,2024-12-24
401004,VIR SEPA SAS GARCIA INDUSTRIE,,,0,2659.73,2025-08-10
713000,VIREMENT RECU SAS TECHNOLOGY PLU,,,4841.57,0,2025-02-25
401002,PRLV SEPA SARL FOURNIER BTP,,PRLV SEPA CPY:FR12941916 RUM:FR12941916 NBE:SARL FOURNIER BTP<br />LIB:REGLEMENT FACTURE,0,596.90,2024-05-10
618000,PAIEMENT CB MAIF,,,0,308.33,2024-11-25
445660,PAIEMENT CB MAIF,,,0,61.67,2024-11-25
635000,PRELEVEMENT SEPA DGFIP,,,0,2055.54,2024-11-10
401001,PRLV SEPA EURL GAUTHIER LOGISTIQ,,,0,5110.40,2024-11-12
211000,VIR SARL MARTIN,,VIR SEPA NPY:SARL MARTIN<br />LIB:TERRAIN,0,97141.47,2024-01-25
437000,PRELEVEMENT SEPA POLE EMPLOI,,PRLV SEPA NBE:FRANCE TRAVAIL<br />LIB:COTISATIONS CHOMAGE T2,0,2504.64,2025-05-05
419000,VIREMENT RECU SAS DIGITAL SERVIC,,,10000.00,0,2025-06-09
624000,CB MACIF,,,0,329.25,2024-01-23
445660,CB MACIF,,,0,65.85,2024-01-23
471000,OPERATION ATTENTE,,LIB:OPERATION EN ATTENTE REF:FR92357045,0,2417.99,2025-08-25
706000,VIR RECU SAS DIGITAL SERVICES,,VIR SEPA NPY:SAS DIGITAL SERVICES<br />LIB:PRESTATIONS SERVICES FAC2025269,17402.61,0,2024-02-15
164000,PRLVT SEPA ECHEANCE EMPRUNT,,,0,1598.11,2024-01-30
661100,PRLVT SEPA ECHEANCE EMPRUNT,,,0,359.57,2024-01-30
616000,PRLVT SEPA ECHEANCE EMPRUNT,,,0,39.95,2024-01-30
626000,PRLV SEPA LA POSTE,,,0,200.00,2024-03-01
623000,CARTE ENGIE,,,0,2591.67,2025-02-15
445660,CARTE ENGIE,,,0,518.33,2025-02-15
624000,CB SAS LAURENT,,,0,416.67,2025-02-01
445660,CB SAS LAURENT,,,0,83.33,2025-02-01
637000,PRLV SEPA DGFIP,,PRLV SEPA NBE:DGFIP<br />LIB:TAXE SUR SALAIRES T1,0,2048.33,2024-03-01
645000,PRLVT SEPA URSSAF,,,0,8546.70,2025-11-14
601100,CB SA GROUPE LEGRAND,,,0,2747.42,2025-11-30
445660,CB SA GROUPE LEGRAND,,,0,549.49,2025-11-30
621000,PRLV SEPA SARL MARTIN,,PRLV SEPA NBE:SARL MARTIN<br />LIB:PERSONNEL INTERIMAIRE,0,3129.08,2024-02-28
445660,PRLV SEPA SARL MARTIN,,PRLV SEPA NBE:SARL MARTIN<br />LIB:PERSONNEL INTERIMAIRE,0,625.82,2024-02-28
625200,CARTE SAS FAURE,,CB SAS FAURE<br />LIB:FRAIS HEBERGEMENT,0,190.72,2024-04-23
445660,CARTE SAS FAURE,,CB SAS FAURE<br />LIB:FRAIS HEBERGEMENT,0,38.15,2024-04-23
601100,CB EDF,,,0,1831.72,2025-04-06
445660,CB EDF,,,0,366.34,2025-04-06
631000,PRELEVEMENT SEPA DGFIP,REF774757,,0,1225.32,2024-06-24
606100,CB SAS MOREAU,,CB SAS MOREAU<br />LIB:FOURNITURES NON STOCKABLES,0,273.17,2024-03-11
445660,CB SAS MOREAU,,CB SAS MOREAU<br />LIB:FOURNITURES NON STOCKABLES,0,54.64,2024-03-11
404000,VIR SEPA SA FOURNIER,,VIR SEPA NPY:SA FOURNIER<br />LIB:ACHAT IMMOBILISATION,0,43100.00,2025-01-30
401002,VIR SEPA SARL FOURNIER BTP,,VIR SEPA REF:FR56821574 NPY:SARL FOURNIER BTP<br />LIB:ACOMPTE FOURNISSEUR,0,8216.53,2024-09-12
707000,VIREMENT RECU SA CHIMIE FRANCE,,,8695.82,0,2024-08-18
445710,VIREMENT RECU DGFIP,,,1325.45,0,2024-04-23
701000,VIR RECU SAS TECHNOLOGY PLUS,,,9597.47,0,2024-02-01
601100,CB SA GROUPE LEGRAND,,CB SA GROUPE LEGRAND<br />LIB:ACHAT MARCHANDISES,0,1410.90,2024-09-30
445660,CB SA GROUPE LEGRAND,,CB SA GROUPE LEGRAND<br />LIB:ACHAT MARCHANDISES,0,282.18,2024-09-30
641000,VIREMENT SEPA SALAIRE OCTOBRE,,,0,2454.02,2025-10-28
626000,PRLV SEPA SARL BONNET,,PRLV SEPA NBE:SARL BONNET<br />LIB:TELECOMMUNICATIONS,0,68.82,2025-10-13
411006,VIR RECU SARL LEFEVRE CONSEIL,,VIR SEPA NPY:SARL LEFEVRE CONSEIL IBE:FR9254472416792007230350052 BIC:BNPAFRPP PDO:FR RCN:FAC2025703<br />LIB:REGLEMENT FACTURE FAC2025703,24000.00,0,2025-08-25
512100,VIR INTERNE,,VIR INTERNE REF:FR63494344<br />LIB:VIREMENT ENTRE COMPTES,0,86243.70,2024-07-14
601100,CB EDF,,CB EDF FACT:FAC2024822<br />LIB:ACHAT FOURNITURES,0,1403.42,2025-02-20
445660,CB EDF,,CB EDF FACT:FAC2024822<br />LIB:ACHAT FOURNITURES,0,280.69,2025-02-20
635000,PRELEVEMENT SEPA DGFIP,,,0,3883.32,2024-05-23
635000,PRLV SEPA DGFIP,,,0,191.07,2024-11-09
708000,VIREMENT RECU SARL COMMERCE DU S,,,4390.00,0,2025-10-25
411007,VIRRECU SARL GARCIA DISTRIBUTION,REF934561,,28900.00,0,2024-10-29
514000,REMISE CHEQUE,,,3187.66,0,2025-09-25
611000,PRLV SEPA SARL BONNET,,,0,15750.00,2024-11-28
445660,PRLV SEPA SARL BONNET,,,0,3150.00,2024-11-28
512000,FRAIS BACAIRES,,,0,63.16,2025-05-31
411001,VIR RECU SCI HENRY SECURITE,,,22603.37,0,2025-07-30
512000,VIREMENT RECU SARL PETIT,,VIR SEPA NPY:SARL PETIT<br />LIB:VIREMENT RECU,3479.93,0,2025-09-07
401001,PRLV SEPA EURL GAUTHIER LOGISTIQ,,,0,2500.00,2025-06-26
641000,VIR SEPA SALAIRE DECEMBRE,,VIR SEPA<br />LIB:REMUNERATION DECEMBRE,0,3067.84,2024-12-31
633000,PRLV SEPA DGFIP,,,0,7935.70,2025-03-03
401009,PRELEVEMENT SEPA EURL MERCIER IM,,,0,150.00,2024-07-30
401007,PRLV SEPA SAS MASSON CONSEIL,,,0,4669.67,2024-01-31
606300,CB SAS GIRARD,,CB SAS GIRARD<br />LIB:ACHAT MATERIEL,0,208.33,2025-10-05
445660,CB SAS GIRARD,,CB SAS GIRARD<br />LIB:ACHAT MATERIEL,0,41.67,2025-10-05
401008,VIR EPA SAS BLANC SECURITE,,,0,15348.92,2024-02-25
401007,VIR SAS MASSON CONSEIL,REF855851,VIR SEPA REF:FR62942933 NPY:SAS MASSON CONSEIL<br />LIB:COMMANDE FOURNITURES LCC:BON COMMANDE 621087,0,23200.00,2024-07-13
625100,CB MAIF,,,0,406.17,2025-06-25
445660,CB MAIF,,,0,81.24,2025-06-25
601100,CB MAIF,,,0,1847.39,2025-09-25
445660,CB MAIF,,,0,369.48,2025-09-25
601100,PRLVT SEPA MAIF,,PRLV SEPA NBE:MAIF<br />LIB:COMMANDE FAC2025232,0,4962.18,2025-11-28
445660,PRLVT SEPA MAIF,,PRLV SEPA NBE:MAIF<br />LIB:COMMANDE FAC2025232,0,992.44,2025-11-28
512000,VIR INTERNE,,VIR INTERNE REF:FR85839721<br />LIB:VIREMENT DE COMPTE A COMPTE,0,2868.58,2024-04-05
706000,VIR RECU EURL DESIGN STUDIO,,,14510.94,0,2024-01-28
401002,PRLV SEPA SARL FOURNIER BTP,,PRLV SEPA CPY:FR79053810 RUM:FR79053810 NBE:SARL FOURNIER BTP<br />LIB:REGLEMENT FACTURE,0,7966.55,2025-06-06
261000,VIR SEPA SARL ANDRE,,,0,65148.08,2025-01-04
708000,VIREMENT RECU SARL TRANSPORT EXP,REF429707,,759.20,0,2024-02-16
637000,PRLV SEPA DGFIP,,,0,1770.30,2025-10-03
401003,PRLV SEPA SARL GIRARD SECURITE,,,0,7310.99,2025-05-26
411002,VIR RECU SA GARNIER TRANSPORTS,,,1856.56,0,2024-07-27
213100,VIR SEPA SARL GAUTIER,,,0,76152.47,2025-01-31
411007,VIR RECU SARL GARCIA DISTRIBUTIO,,,13137.05,0,2024-05-06
601100,CB SAS DUVAL,,CB SAS DUVAL FACT:FAC2024745<br />LIB:ACHAT FOURNITURES,0,833.33,2024-07-07
445660,CB SAS DUVAL,,CB SAS DUVAL FACT:FAC2024745<br />LIB:ACHAT FOURNITURES,0,166.67,2024-07-07
635000,PRLV SEPA DGFI,,,0,3097.21,2025-04-30
601100,PRELEVEMENT SEPA EDF,,,0,5395.10,2025-11-29
445660,PRELEVEMENT SEPA EDF,,,0,1079.02,2025-11-29
601100,CB SA GROUPE LEGRAND,,,0,1266.66,2025-07-27
445660,CB SA GROUPE LEGRAND,,,0,253.33,2025-07-27
706000,VIREMENT RECU SAS LOGISTIQUE PRO,,,10638.53,0,2024-03-14
626000,PRLV SEPA LA POSTE,REF961729,PRLV SEPA NBE:LA POSTE<br />LIB:AFFRANCHISSEMENT,0,48.98,2024-12-12
631000,PRLV SEPA DGFIP,,PRLV SEPA NBE:DGFIP<br />LIB:TAXE APPRENTISSAGE 2024,0,3695.47,2024-05-26
511500,ENCAISSEMENT CB,,,337.08,0,2025-02-25
627000,ENCAISSEMENT CB,,,0,3.37,2025-02-25
661000,FRAIS BANCAIRES,,,0,142.29,2024-09-14
631000,PRLV SEPA DGFIP,,,0,1000.00,2024-06-30
707000,VIREMENT RECU SA INDUSTRIE NORD,REF817696,,13044.07,0,2025-11-27
635000,PRLV SEPA DGFIP,,,0,2777.31,2024-08-09
411008,VIR RECU SCI PETIT ELECTRICITE,,,9200.00,0,2024-05-26
707000,VIREMENT RECU SA HIMIE FRANCE,,VIR SEPA NPY:SA CHIMIE FRANCE<br />LIB:VENTE MARCHANDISES FAC2024647,5204.95,0,2024-06-30
411001,VIR RECU SCI HENRY SECURITE,,,45000.00,0,2025-09-30
625100,CARTE EURL BERNARD,REF147418,,0,1666.67,2024-06-30
445660,CARTE EURL BERNARD,REF147418,,0,333.33,2024-06-30
771000,VIREMENT RECU SA GROUPE LEGRAND,,VIR SEPA NPY:SA GROUPE LEGRAND<br />LIB:PRODUIT EXCEPTIONNEL,10863.39,0,2024-07-27
681000,DOTATION AMORTISSEMENT,REF510722,,0,13910.00,2024-12-25
635000,PRLV SEPA DGFIP,REF686390,PRLV SEPA NBE:DGFIP<br />LIB:AUTRES IMPOTS 2024,0,869.16,2024-10-04
621000,PRLV SEPA SARL BONNET,,,0,7981.28,2025-05-27
445660,PRLV SEPA SARL BONNET,,,0,1596.26,2025-05-27
625100,CB CABINET EXPERTISE COMPTABLE,,,0,1333.33,2025-06-21
445660,CB CABINET EXPERTISE COMPTABLE,,,0,266.67,2025-06-21
641000,VIR SEPA SALAIRE NOVEMBRE,REF821411,,0,3959.69,2024-11-26
601100,PAIEMENT CB MAIF,REF986982,,0,621.33,2025-08-26
445660,PAIEMENT CB MAIF,REF986982,,0,124.27,2025-08-26
401003,VIR SEPA SARL GIRARD SECURITE,,VIR SEPA REF:FR20975026 NPY:SARL GIRARD SECURITE<br />LIB:COMMANDE FOURNITURES LCC:BON COMMANDE 686183,0,2678.29,2025-08-26
606300,CB SARL GAUTIER,,CB SARL GAUTIER<br />LIB:ACHAT MATERIEL,0,499.99,2025-04-30
445660,CB SARL GAUTIER,,CB SARL GAUTIER<br />LIB:ACHAT MATERIEL,0,100.00,2025-04-30
649000,VIREMENT RECU CPAM,,,250.00,0,2025-01-09
615000,PRELEVEMENT SEPA SARL SIMON,,,0,675.56,2024-05-26
445660,PRELEVEMENT SEPA SARL SIMON,,,0,135.11,2024-05-26
512000,FRAIS BANCAIRES,,,0,129.57,2024-10-12
706000,VIREMENT RECU SA INDUSTRIE NORD,,,3204.58,0,2024-03-28
621000,PRLV SEPA SARL BONNET,,PRLV SEPA NBE:SARL BONNET<br />LIB:PERSONNEL INTERIMAIRE,0,5223.00,2025-03-29
445660,PRLV SEPA SARL BONNET,,PRLV SEPA NBE:SARL BONNET<br />LIB:PERSONNEL INTERIMAIRE,0,1044.60,2025-03-29
408000,FACTURE NON PARVENUE SAS GIRARD,,,0,3110.00,2024-07-25
761000,VIR RECU INTERETS,REF304426,VIR SEPA<br />LIB:INTERET CREDITEUR T1 2024,900.00,0,2024-01-28
606100,PRLV SEPA MACIF,,,0,666.67,2025-12-09
445660,PRLV SEPA MACIF,,,0,133.33,2025-12-09
645000,PRELEVEMENT SEPA URSSAF,,,0,9458.44,2024-06-13
635000,PRLV SEPA DGFIP,,PRLV SEPA NBE:DGFIP<br />LIB:AUTRES IMPOTS 2025,0,2513.14,2025-01-31
205000,VIR SEPA A LEFEVRE,,,0,19939.44,2024-12-17
641000,VIR SEPA SALAIRE JANVIER,,VIR SEPA<br />LIB:SALAIRE JANVIER 2024,0,1404.37,2024-01-31
601100,PRLVT SEPA MAIF,,PRLV SEPA NBE:MAIF<br />LIB:COMMANDE FAC2025544,0,4252.12,2025-08-31
445660,PRLVT SEPA MAIF,,PRLV SEPA NBE:MAIF<br />LIB:COMMANDE FAC2025544,0,850.42,2025-08-31
623000,PAIEMENT CB SAS MOREAU,,CB SAS MOREAU<br />LIB:PUBLICITE ANNONCES,0,1500.00,2024-12-19
445660,PAIEMENT CB SAS MOREAU,,CB SAS MOREAU<br />LIB:PUBLICITE ANNONCES,0,300.00,2024-12-19
419000,VIREMENT RECU SA PHARMA SANTE,,,18393.67,0,2025-09-27
411003,VIR RECU SARL GIRARD BTP,,,8070.70,0,2025-08-15
211000,VIREMENT SEPA SA PICARD,,,0,138370.53,2025-11-25
707000,VIR RECU SAS DIGITA SERVICES,,,7800.37,0,2025-08-06
627000,PRLVT SEPA ORANGE SA,,,0,30.23,2024-09-27
623000,CARTE SAS DUPONT,,,0,3625.00,2024-02-29
445660,CARTE SAS DUPONT,,,0,725.00,2024-02-29
401002,VIR SEPA SARL FOURNIER BTP,,,0,2078.22,2024-10-30
512000,FRAIS BANCAIRES,,FRAIS BANCAIRES<br />LIB:FRAIS DE GESTION DECEMBRE,0,83.06,2024-12-12
614000,PRELEVEMENT SEPA SA PICARD,,,0,250.24,2024-05-13
445660,PRELEVEMENT SEPA SA PICARD,,,0,50.05,2024-05-13
401006,VIREMENT SEPA SAS ROBIN SECURITE,,VIR SEPA REF:FR79509204 NPY:SAS ROBIN SECURITE<br />LIB:ACOMPTE FOURNISSEUR,0,3634.92,2025-07-31
626100,PRLV SEPA SA LEFEVRE,,,0,53.00,2025-04-05
445660,PRLV SEPA SA LEFEVRE,,,0,10.60,2025-04-05
626000,PRLV SEPA SAS FAURE,,PRLV SEPA NBE:SAS FAURE<br />LIB:TELECOMMUNICATIONS,0,209.82,2024-08-18
401008,PRLV SEPA SAS BLANC SECURITE,,PRLV SEPA NBE:SAS BLANC SECURITE<br />LIB:REGLEMENT ACHAT,0,724.31,2024-08-17
641100,VIR SEPA SALAIRE JUILLET,,,0,1411.01,2025-07-27
211000,VIR SEPA SARL ANDRE,,,0,115524.80,2025-01-31
419000,VIR RECU SA AERO COMPOSANTS,REF108854,,20000.00,0,2024-10-30
707000,VIR RECU SAS TECHNOLOGY PLUS,,VIR SEPA NPY:SAS TECHNOLOGY PLUS<br />LIB:VENTE MARCHANDISES FAC2024967,13695.47,0,2025-01-31
612000,PRLV SEPA SCI ROUX,,,0,1233.24,2024-03-25
445660,PRLV SEPA SCI ROUX,,,0,246.65,2024-03-25
411008,VIR RECU SCI PETIT ELECTRICITE,REF226041,,619.54,0,2024-07-30
641000,VIR SEPA SALAIRE MAI,,,0,2720.27,2024-05-30
511500,ENCAISSEMENT CB,,,370.63,0,2025-08-24
627000,ENCAISSEMENT CB,,,0,3.71,2025-08-24
621000,PRLV SEPA SAS DUPONT,,,0,5435.29,2024-10-19
445660,PRLV SEPA SAS DUPONT,,,0,1087.06,2024-10-19
606100,PRLV SEPA MACIF,,PRLV SEPA NBE:MACIF<br />LIB:EAU ELECTRICITE,0,451.15,2025-04-30
445660,PRLV SEPA MACIF,,PRLV SEPA NBE:MACIF<br />LIB:EAU ELECTRICITE,0,90.23,2025-04-30
707000,VIR RECU SA BTP CONSTRUCTIONS,,,8752.22,0,2025-04-16
704000,VIR RECU SAS CONSEIL RH,,,31674.37,0,2024-01-31
411004,VIR RECU SA NOEL IMPRIMERIE,,,48100.00,0,2024-01-27
421000,VIR SALAIRE AOUT,REF497298,,0,1300.00,2025-08-25
411001,VIREMENT RECU SCI HENRY SECURITE,,VIR SEPA NPY:SCI HENRY SECURITE IBE:DE79571492966369656769 BIC:DEUTDEFF PDO:DE RCN:FAC2024590<br />LIB:REGLEMENT FACTURE FAC2024590,23604.89,0,2024-10-05
641100,VIR SEPA SALAIRE MAI,,,0,2896.29,2025-05-30
467000,VIR SEPA SAS LAMBERT,,,0,5354.33,2025-01-17
761000,VIR RECU INTERETS,,,119.73,0,2025-08-03
401001,VIR SEPA EURL GAUTHIER LOGISTIQU,REF617468,,0,8383.71,2024-12-08
411004,VIR RECU SA NOEL IPRIMERIE,,,23909.90,0,2024-04-25
512000,REMISE CHEQUE,,REMISE CHQ N 333049,9723.94,0,2025-06-30
626000,PRLV SEPA LA POSTE,,,0,106.58,2025-02-03
601100,CB EDF,,,0,1241.17,2025-12-27
445660,CB EDF,,,0,248.23,2025-12-27
514000,REMISE CHEQUE,,,4630.00,0,2025-03-25
627000,PRLV SEPA BOUYGUES TELECOM,REF743694,,0,97.60,2025-08-12
706000,VIREMENT RECU SAS LOGISTIQUE PRO,,,2285.82,0,2025-08-26
661000,INTERETS EMPRUNT,,,0,900.76,2025-01-19
622000,VIREMENT SEPA EURL MERCIER,REF998896,,0,4058.19,2025-03-29
445660,VIREMENT SEPA EURL MERCIER,REF998896,,0,811.64,2025-03-29
671000,VIR SAS FAURE,,,0,7459.28,2025-09-25
606100,PAIEMENT CB MACIF,,,0,124.07,2024-02-10
445660,PAIEMENT CB MACIF,,,0,24.81,2024-02-10
791000,VIR RECU AXA ASSURANCES,,VIR SEPA NPY:AXA ASSURANCES<br />LIB:INDEMNITE SINISTRE FR96810813,12000.00,0,2024-05-29
621000,PRLV SEPA SA FOURNIER,,PRLV SEPA NBE:SA FOURNIER<br />LIB:PERSONNEL INTERIMAIRE,0,1794.97,2024-05-07
445660,PRLV SEPA SA FOURNIER,,PRLV SEPA NBE:SA FOURNIER<br />LIB:PERSONNEL INTERIMAIRE,0,359.00,2024-05-07
611000,PRLV SEPA SAS MOREAU,REF830382,,0,4855.07,2025-01-30
445660,PRLV SEPA SAS MOREAU,REF830382,,0,971.02,2025-01-30
637000,PRLV SEPA DGFIP,,PRLV SEPA NBE:DGFIP<br />LIB:TAXE SUR SALAIRES T4,0,2671.01,2024-11-26
623000,CARTE SARL GAUTIER,,,0,734.57,2024-06-14
445660,CARTE SARL GAUTIER,,,0,146.92,2024-06-14
404000,VIREMENT SEPA SARL ANRE,,,0,34000.00,2025-08-17
713000,VIR RECU SAS AGENCE MEDIA,,VIR SEPA NPY:SAS AGENCE MEDIA<br />LIB:VARIATION STOCKS,3250.00,0,2025-08-29
713000,VIR RECU SAS TECHNOLOGY PLUS,REF800766,VIR SEPA NPY:SAS TECHNOLOGY PLUS<br />LIB:VARIATION STOCKS,1878.46,0,2025-10-27
613200,PRLV SEPA EURL BERNARD,,,0,1940.07,2024-11-03
445660,PRLV SEPA EURL BERNARD,,,0,388.01,2024-11-03
205000,VIREMENT SEPA SARL ANDRE,,VIR SEPA NPY:SARL ANDRE<br />LIB:LOGICIEL FAC2025927,0,17247.12,2024-12-21
601100,PRLV SEPA EDF,,,0,783.33,2025-06-05
445660,PRLV SEPA EDF,,,0,156.67,2025-06-05
645000,PRELEVEMENT SEPA URSSAF,,,0,19050.00,2025-05-13
403000,VIR SCI ROUX,REF793839,,0,13595.49,2024-11-21
416000,VIREMENT RECU EURL ARTISAN BOIS,,VIR SEPA NPY:EURL ARTISAN BOIS<br />LIB:CREANCE DOUTEUSE,616.91,0,2024-09-15
205000,VIR SEPA SAS GIRARD,,VIR SEPA NPY:SAS GIRARD<br />LIB:LOGICIEL FAC2025775,0,17039.62,2024-12-07
612000,PRLV SEPA SA GROUPE LEGRAND,,,0,3749.72,2024-01-25
445660,PRLV SEPA SA GROUPE LEGRAND,,,0,749.94,2024-01-25
512000,REMISE CHEQUE,REF198896,,1500.00,0,2025-04-29
512000,VIR RECU SAS MOREAU,,,14522.81,0,2025-04-26
708000,VIR RECU SARL MODE TEXTILE,,,4185.25,0,2024-08-11
411002,VIREMENT RECU SA GARNIER TRANSPO,,,12000.00,0,2025-11-02
621000,PRLV SEPA EURL BERNARD,,,0,5028.51,2024-03-29
445660,PRLV SEPA EURL BERNARD,,,0,1005.70,2024-03-29
641100,VIR SEPA SALAIRE JUILLET,,,0,1733.62,2024-07-26
626000,PRELEVEMENT SEPA SAS GIRARD,,PRLV SEPA NBE:SAS GIRARD<br />LIB:TELECOMMUNICATIONS,0,102.94,2024-07-24
623000,CB ENGIE,,,0,1202.17,2025-10-22
445660,CB ENGIE,,,0,240.43,2025-10-22
512100,VIR INTERNE,,,0,99956.15,2024-06-18
704000,VIR RECU SAS TECHNOLOGY PLUS,,,21828.02,0,2024-12-28
580000,VIR INTERNE,,VIR INTERNE<br />LIB:VIREMENT INTERNE,0,34002.49,2024-11-25
614000,PELEVEMENT SEPA SARL PETIT,,,0,549.96,2025-11-30
445660,PELEVEMENT SEPA SARL PETIT,,,0,109.99,2025-11-30
627000,PRLVT SEPA ORANGE SA,,PRLV SEPA NBE:ORANGE SA<br />LIB:ABONNEMENT MOBILE,0,76.02,2024-07-31
706000,VIR RECU SA GROUPE LEGRAND,,,4014.38,0,2024-04-08
580000,VIR INTERNE,REF892908,,0,38000.00,2025-09-08
613200,PRLV SEPA SARL BONNET,,,0,1190.37,2024-09-02
445660,PRLV SEPA SARL BONNET,,,0,238.08,2024-09-02
612000,PRELEVEMENT SEPA SA PICARD,REF351617,,0,2535.40,2024-01-09
445660,PRELEVEMENT SEPA SA PICARD,REF351617,,0,507.08,2024-01-09
401001,PRLV SEPA EURL GAUTHIER LOGISTIQ,,,0,1173.85,2025-08-02
625100,CB EURL BERNARD,,,0,666.67,2025-02-02
445660,CB EURL BERNARD,,,0,133.33,2025-02-02
601100,PAIEMENT CB MAIF,,,0,1500.00,2025-02-25
445660,PAIEMENT CB MAIF,,,0,300.00,2025-02-25
411002,VIR RECU SA GARNIER TRANSPORTS,,,19356.65,0,2025-03-31
606100,PRLV SEPA MACIF,,,0,102.24,2024-03-01
445660,PRLV SEPA MACIF,,,0,20.45,2024-03-01
408000,FACTURE NON PARVENUESAS MOREAU,,FACTURE NON PARVENUE NBE:SAS MOREAU<br />LIB:AVOIR A RECEVOIR,0,3366.52,2024-02-27
627000,PRLVT SEPA SFR,,,0,47.30,2025-08-24
512000,FRAIS BANCAIRES,,,0,107.56,2025-08-05
211000,VIR SEPA SARL MARTIN,,,0,25686.98,2024-04-29
616000,PRLV SEPA AXA ASSURANCES,,,0,2500.00,2025-03-29
633000,PRLV SEPA DGFIP,,,0,5137.72,2025-08-25
411007,VIR RECU SARL GARCIA DISTRIBUTIO,,,42082.59,0,2024-02-10
514000,REMISE CHEQUE,,REMISE CHQ N 159197<br />LIB:ENCAISSEMENT CHEQUE,4795.96,0,2025-08-29
601100,CB SA GROUPE LEGRAND,REF132047,,0,1547.62,2024-11-30
445660,CB SA GROUPE LEGRAND,REF132047,,0,309.53,2024-11-30
411001,VIREMENT RECU SCI HENRY SECURITE,REF373398,,21409.03,0,2024-06-27
633000,PRLVT SEPA DGFIP,,PRLV SEPA NBE:DGFIP<br />LIB:CONTRIBUTION ECONOMIQUE TERRITORIALE,0,7137.15,2025-07-30
641100,VIREMENT SEPA SALAIRE AVRIL,,,0,3584.78,2025-04-29
613200,PRLV SEPA SARL BONNET,REF243843,,0,1162.56,2024-06-02
445660,PRLV SEPA SARL BONNET,REF243843,,0,232.51,2024-06-02
437000,PRLV SEPA POLE EMPLOI,REF898857,PRLV SEPA NBE:FRANCE TRAVAIL<br />LIB:COTISATIONS CHOMAGE T3,0,4528.34,2024-08-08
401009,PRLV SEPA EURL MERCIER IMMOBILIE,,,0,13154.25,2025-11-25
645000,PRLV SEPA URSSAF,,,0,11889.10,2024-09-14
635000,PRLV SEPA DGFIP,,,0,3310.08,2024-02-29
606100,CB MACIF,REF148360,,0,191.27,2025-12-27
445660,CB MACIF,REF148360,,0,38.26,2025-12-27
164000,PRLVT SEPA ECHEANCE EMPRUNT,,,0,5927.80,2025-04-28
661100,PRLVT SEPA ECHEANCE EMPRUNT,,,0,1333.75,2025-04-28
616000,PRLVT SEPA ECHEANCE EMPRUNT,,,0,148.19,2025-04-28
401008,VIREMENT SEPA SAS BLANC ECURITE,,VIR SEPA REF:FR71800964 NPY:SAS BLANC SECURITE<br />LIB:COMMANDE FOURNITURES LCC:BON COMMANDE 818527,0,23396.61,2025-11-25
411001,VIR RECU SCI HENRY SECURITE,,,24255.94,0,2024-12-07
708000,VIR RECU SARL TRANSPORT EXPRESS,,,3648.17,0,2025-08-19
512000,FRAIS BANCAIRES,REF120520,FRAIS BANCAIRES<br />LIB:FRAIS DE GESTION JUILLET,0,187.17,2024-07-04
431000,PRLV SEPA URSSAF,,,0,6988.68,2024-06-05
408000,FACTURE NON PARVENUE SAS GIRRD,,,0,3234.86,2024-02-25
411005,VIR RECU SCI ROUSSEL ELECTRICITE,,VIR SEPA NPY:SCI ROUSSEL ELECTRICITE IBE:DE59148090265642462589 BIC:DEUTDEFF PDO:DE RCN:FAC2024770<br />LIB:REGLEMENT FACTURE FAC2024770,7000.00,0,2025-02-07
408000,FACTURE NON PARVENUE SA DUPONT,,,0,2081.30,2025-09-30
741000,VIR RECU SUBVENTION,,,41800.00,0,2024-11-28
401001,VIREMENT SEPA EURL GAUTHIER LOGI,,,0,8200.00,2024-09-04
614000,PRLVT SEPA SA PICARD,,,0,1666.67,2024-08-08
445660,PRLVT SEPA SA PICARD,,,0,333.33,2024-08-08
416000,VIR RECU EURL ARTISAN BOIS,,,2908.38,0,2025-11-27
401006,VIREMENT SEPA SAS ROBIN SECURITE,,,0,17948.87,2025-01-29
401007,PRLV SEPA SAS MASSON CONSEIL,,PRLV SEPA NBE:SAS MASSON CONSEIL<br />LIB:REGLEMENT ACHAT,0,2940.00,2024-03-04
627000,PRLV SEPA SFR,,,0,59.35,2024-11-16
411003,VIREMENT RECU SARL GIRARD BTP,,,16952.61,0,2025-03-06
419000,VIEMENT RECU SAS AGENCE MEDIA,,,15372.16,0,2025-07-28
627000,PRELEVEMENT SEPA OVH SAS,,PRLV SEPA NBE:OVH SAS<br />LIB:HEBERGEMENT SERVEUR,0,221.45,2025-01-25
401008,VIR SEPA SAS BLANC SECURITE,,,0,19000.00,2025-05-28
613200,PRLV SEPA EURL MERCIER,,,0,1319.24,2024-08-01
445660,PRLV SEPA EURL MERCIER,,,0,263.85,2024-08-01
411001,VIR RECU SCI HENRY SECURITE,,,25514.01,0,2024-01-27
612000,PRLV SEPA SAS LAMBERT,,,0,4166.67,2024-05-26
445660,PRLV SEPA SAS LAMBERT,,,0,833.33,2024-05-26
411001,VIREMENT RECU SCI HENRY SECURITE,,,9988.06,0,2025-05-07
401001,VIR SEPA EURL GAUTHIER LOGISTIQU,REF299481,,0,2300.00,2024-05-28
635000,PRLV SEPA DGFIP,,,0,3462.06,2024-02-28
514000,REMISE CHEQUE,,,1368.72,0,2025-10-31
637000,PRLV SEPA DGFIP,,,0,1603.49,2024-12-30
421000,VIR SALAIRE MAI,,VIR SEPA<br />LIB:SALAIRE MAI 2025,0,3251.17,2025-05-29
401001,PRELEVEMENT SEPA EURL GAUTHIER L,REF798200,PRLV SEPA CPY:FR50369018 NBE:EURL GAUTHIER LOGISTIQUE<br />LIB:FACTURE FAC2025864,0,4022.06,2025-04-30
601100,CB SA GROUPE LEGRAND,,CB SA GROUPE LEGRAND FACT:FAC2025408<br />LIB:ACHAT FOURNITURES,0,421.25,2025-10-03
445660,CB SA GROUPE LEGRAND,,CB SA GROUPE LEGRAND FACT:FAC2025408<br />LIB:ACHAT FOURNITURES,0,84.25,2025-10-03
401003,PRELEVEMENT SEPA SARL GIRARD SEC,REF861554,PRLV SEPA CPY:FR54602105 RUM:FR54602105 NBE:SARL GIRARD SECURITE<br />LIB:REGLEMENT FACTURE,0,7732.86,2024-07-27
635000,PRELEVEMENT SEPA DGFIP,REF538924,,0,1141.02,2025-04-29
713000,VIR RECU SARL MODE TEXTILE,REF821641,,2500.00,0,2025-11-17
471000,OPERATION ATTENTE,,,0,3164.00,2024-09-26
707000,VIR RECU SA CHIMIE FRANCE,,,17650.00,0,2025-10-22
635000,PRLV SEPA DGFIP,,PRLV SEPA NBE:DGFIP<br />LIB:AUTRES IMPOTS 2024,0,1739.89,2024-06-28
601100,CARTE MAIF,,CB MAIF FACT:FAC2025551<br />LIB:ACHAT FOURNITURES,0,974.35,2024-05-04
445660,CARTE MAIF,,CB MAIF FACT:FAC2025551<br />LIB:ACHAT FOURNITURES,0,194.87,2024-05-04
604000,CB SARL CONSULTANT RH,,CB SARL CONSULTANT RH<br />LIB:ACHAT ETUDES PRESTATIONS,0,5297.60,2025-01-15
445660,CB SARL CONSULTANT RH,,CB SARL CONSULTANT RH<br />LIB:ACHAT ETUDES PRESTATIONS,0,1059.52,2025-01-15
401006,VIREMENT SEPA SAS ROBIN SECURITE,,,0,18608.36,2025-08-11
645000,PRLV SEPA URSSAF,,,0,10900.64,2024-02-06
411007,VIR RECU SARL GARCIA DISTRIBUTIO,,VIR SEPA NPY:SARL GARCIA DISTRIBUTION IBE:FR6177233592743758002949141 BIC:CCBPFRPP PDO:FR RCN:FAC2024335<br />LIB:REGLEMENT FACTURE FAC2024335,33204.99,0,2024-09-03
512000,FRAIS BANCAIRES,REF614788,FRAIS BANCAIRES<br />LIB:FRAIS DE GESTION MARS,0,86.62,2025-03-27
512100,VIR INTERNE,,,0,4502.86,2025-02-07
641000,VIR SEPA SALAIE JUIN,REF235073,,0,1915.12,2024-06-25
613200,PRELEVEMENT SEPA SARL BONNET,,,0,3325.26,2025-01-05
445660,PRELEVEMENT SEPA SARL BONNET,,,0,665.05,2025-01-05
512000,IR INTERNE,,VIR INTERNE REF:FR50660713<br />LIB:VIREMENT DE COMPTE A COMPTE,0,48422.01,2024-03-09
611000,PRLVT SEPA SAS MOREAU,,PRLV SEPA NBE:SAS MOREAU<br />LIB:SOUS-TRAITANCE,0,16666.67,2025-02-25
445660,PRLVT SEPA SAS MOREAU,,PRLV SEPA NBE:SAS MOREAU<br />LIB:SOUS-TRAITANCE,0,3333.33,2025-02-25
625100,CB EURL MERCIER,,CB EURL MERCIER<br />LIB:FRAIS VOYAGE,0,810.76,2025-07-12
445660,CB EURL MERCIER,,CB EURL MERCIER<br />LIB:FRAIS VOYAGE,0,162.15,2025-07-12
637000,PRLV SEPA DGFIP,,,0,1000.00,2024-09-19
606300,CB SAS MOREAU,REF142668,,0,470.60,2025-03-23
445660,CB SAS MOREAU,REF142668,,0,94.12,2025-03-23
627000,PRLV SEPA OVH SAS,,,0,191.32,2025-06-30
671000,VIR SARL GAUTIER,,,0,10000.00,2025-03-28
631000,PRLV SPA DGFIP,,,0,616.44,2024-05-30
613200,PRLV SEPA SARL BONNET,,,0,3404.17,2024-06-02
445660,PRLV SEPA SARL BONNET,,,0,680.84,2024-06-02
704000,VIREMENT RECU SAS CONSEIL RH,,VIR SEPA NPY:SAS CONSEIL RH<br />LIB:TRAVAUX FAC2025541,44306.91,0,2025-12-16
602000,CB SA LEFEVRE,,CB SA LEFEVRE<br />LIB:ACHAT MATIERES PREMIERES,0,9706.52,2025-03-25
445660,CB SA LEFEVRE,,CB SA LEFEVRE<br />LIB:ACHAT MATIERES PREMIERES,0,1941.30,2025-03-25
623000,CB SAS DUPONT,,,0,619.68,2025-04-30
445660,CB SAS DUPONT,,,0,123.94,2025-04-30
401002,VIREMENT SEPA SARL FOURNIER BTP,,,0,12539.64,2025-03-12
403000,VIR SEPA SARL BONNET,,,0,12862.10,2025-02-27
411003,VIR RECU SARL GIRARD BTP,,,9405.26,0,2024-04-30
401001,VIR SEPA EURL GAUTHIER LOGISTIQU,,,0,8012.05,2025-03-27
601100,CARTE EDF,,,0,4018.33,2024-10-12
445660,CARTE EDF,,,0,803.67,2024-10-12
411001,VIREMENT RECU SCI HENRY SECURITE,,,24876.09,0,2024-10-25
601100,PRLV SPA EDF,,,0,6625.00,2024-07-08
445660,PRLV SPA EDF,,,0,1325.00,2024-07-08
401002,PRELEVEMENT SEPA SARL FOURNIER B,,,0,1588.79,2025-05-26
421000,VIREMENT SEPA SALAIRE JUILLET,,VIR SEPA<br />LIB:SALAIRE JUILLET 2025,0,3870.77,2025-07-28
631000,PRLV SEPA DGFIP,,,0,2043.94,2025-04-10
401001,VIR SEPA EURL GAUTHIER LOGISTIQU,,VIR SEPA REF:FR90765274 NPY:EURL GAUTHIER LOGISTIQUE<br />LIB:ACOMPTE FOURNISSEUR,0,5400.00,2025-03-18
601100,CB SA GROUPE LEGRAND,REF199807,,0,291.67,2024-09-27
445660,CB SA GROUPE LEGRAND,REF199807,,0,58.33,2024-09-27
401001,PRELEVEMENT SEPA EURL GAUTHIER L,,PRLV SEPA CPY:FR13309230 NBE:EURL GAUTHIER LOGISTIQUE<br />LIB:FACTURE FAC2025037,0,6670.36,2024-12-29
604000,CARTE SARL CONSULTANT RH,,,0,4641.15,2024-09-27
445660,CARTE SARL CONSULTANT RH,,,0,928.23,2024-09-27
622000,VIR SEA SA FOURNIER,,,0,4542.52,2025-12-30
445660,VIR SEA SA FOURNIER,,,0,908.50,2025-12-30
416000,VIR RECU SAS CONSEIL RH,,,2922.67,0,2024-11-29
775000,VIR RECU SA GROUPE ALIMENTAIRE,,VIR SEPA NPY:SA GROUPE ALIMENTAIRE<br />LIB:CESSION VEHICULE,15786.71,0,2024-04-29
471000,OPERATION ATTENTE,,LIB:OPERATION EN ATTENTE REF:FR87181063,0,2790.00,2025-07-06
641100,VIR SEPA SALAIRE AVRIL,,,0,3307.32,2025-04-30
401001,VIR EURL GAUTHIER LOGISTIQUE,,,0,18983.95,2025-04-21
512000,FRAIS BANCAIRES,,,0,100.08,2024-10-25
411003,VIREMENT RECU SARL GIRARD BTP,REF531562,,39000.00,0,2025-10-30
641100,VIR SEPA SALAIRE JANVIER,,,0,2421.06,2025-01-25
411002,VIREMENT RECU SA GARNIER TRANSPO,,,23463.27,0,2025-05-31
641100,VIR SEPA SALAIRE JUILLET,,,0,3200.00,2024-07-26
706000,VIR RECU SAS AGENCE MEDIA,,,827.73,0,2024-11-19
401001,PRELEVEMENT SEPA EURL GAUTHIER L,,,0,4000.00,2024-07-27
706000,VIR RECU SA GROUPE LEGRAND,,,5500.00,0,2025-10-30
635000,PRLV SEPA DGFIP,REF519770,,0,3969.52,2025-08-11
706000,VIR RECU SARL COMMERCE DU SUD,,VIR SEPA NPY:SARL COMMERCE DU SUD<br />LIB:PRESTATIONS SERVICES FAC2024005,18886.64,0,2024-07-02
445710,VIREMENT RECU DGFIP,,,28531.86,0,2025-07-24
403000,VIR EPA SARL BONNET,,,0,21875.86,2024-02-26
611000,PRLVT SEPA SA PICARD,,,0,10000.00,2025-04-01
445660,PRLVT SEPA SA PICARD,,,0,2000.00,2025-04-01
511500,ENCAISSEMENT CB,,,1594.78,0,2025-01-22
627000,ENCAISSEMENT CB,,,0,15.95,2025-01-22
645000,PRLV SEPA URSSAF,,PRLV SEPA NBE:URSSAF<br />LIB:COTISATIONS PATRONALES T1 2025,0,2020.00,2025-02-09
512000,FRAIS BANCAIRES,,FRAIS BANCAIRES<br />LIB:FRAIS DE GESTION OCTOBRE,0,41.66,2024-10-25
419000,VIR RECU SAS DIGITAL SERVICES,,,19073.44,0,2024-06-30
704000,VIR RECU SAS ECO ENERGIE,,VIR SEPA NPY:SAS ECO ENERGIE<br />LIB:TRAVAUX FAC2025881,16864.73,0,2024-04-09
512100,VIR INTERNE,,VIR INTERNE REF:FR80053523<br />LIB:VIREMENT ENTRE COMPTES,0,23342.84,2025-05-27
606300,PAIEMENT CB SAS MOREAU,,,0,71.02,2024-02-23
445660,PAIEMENT CB SAS MOREAU,,,0,14.20,2024-02-23
401008,VIREMENT SEPA SAS BLANC SECURITE,,,0,18800.00,2025-12-13
445710,VIR RECU DGFIP,,,22927.02,0,2024-04-21
625100,CB SAS DUPONT,REF242161,,0,463.59,2025-04-17
445660,CB SAS DUPONT,REF242161,,0,92.72,2025-04-17
646000,PRELEVEMENT SEPA POLE EMPLOI,,PRLV SEPA NBE:POLE EMPLOI<br />LIB:COTISATIONS CHOMAGE T3,0,3750.00,2025-09-15
401001,VIREMENT SEPA EURL GAUTHIER LOGI,,,0,2200.00,2024-05-08
637000,PRELEVEMENT SEPA DGFIP,,,0,200.00,2024-09-23
627000,PRLVT SEPA SFR,,PRLV SEPA NBE:SFR<br />LIB:FORFAIT MOBILE,0,20.00,2025-05-31
218000,VIR SEPA SA PICARD,,,0,33729.45,2025-12-29
445620,VIR SEPA SA PICARD,,,0,6745.89,2025-12-29
626000,PRELEVEMENT SEPA LA POSTE,,,0,188.31,2024-09-17
625100,PAIEMENT CB EURL BERNARD,,,0,33.33,2025-11-13
445660,PAIEMENT CB EURL BERNARD,,,0,6.67,2025-11-13
708000,VIR RECU SARL MODE TEXTILE,,,1587.81,0,2025-11-28
706000,VIREMENT RECU EURL DESIGN STUDIO,,,13188.71,0,2024-06-15
671000,VIR SEPA SARL PETIT,,VIR SEPA NPY:SARL PETIT<br />LIB:CHARGE EXCEPTIONNELLE,0,4700.00,2025-12-22
641000,VIR SEPA SALAIRE JUILLET,REF701568,,0,3093.17,2024-07-30
401003,PRELEVEMENT SEPA SARL GIRARD SEC,,,0,1352.48,2024-05-10
601100,CB EDF,,CB EDF<br />LIB:ACHAT MARCHANDISES,0,2839.87,2025-06-25
445660,CB EDF,,CB EDF<br />LIB:ACHAT MARCHANDISES,0,567.97,2025-06-25
486000,CHARGE CONSTATEE AVANCE,,LIB:CHARGE CONSTATEE D AVANCE DECEMBRE 2025,0,4700.00,2025-12-25
625100,CARTE EURL BERNARD,REF172611,CB EURL BERNARD<br />LIB:DEPLACEMENT MISSION,0,750.00,2025-07-29
445660,CARTE EURL BERNARD,REF172611,CB EURL BERNARD<br />LIB:DEPLACEMENT MISSION,0,150.00,2025-07-29
633000,PRELEVEMENT SEPA DGFIP,,,0,5400.00,2025-09-24
641000,VIR SALAIRE OCTOBRE,,,0,4253.18,2025-10-30
708000,VIREMENT RECU SA PHARMA SANTE,,,2637.59,0,2025-03-22
404000,VIR SEPA SARL ANDRE,REF412302,,0,12888.15,2024-09-29
615000,PRELEVEMENT SEPA SAS DUPONT,,PRLV SEPA NBE:SAS DUPONT<br />LIB:ENTRETIEN REPARATIONS,0,83.33,2024-03-30
445660,PRELEVEMENT SEPA SAS DUPONT,,PRLV SEPA NBE:SAS DUPONT<br />LIB:ENTRETIEN REPARATIONS,0,16.67,2024-03-30
512000,REMISE CHEQUE,,,10580.02,0,2024-10-29
706000,VIR RECU SA INDUSTRIE NORD,,VIR SEPA NPY:SA INDUSTRIE NORD<br />LIB:HONORAIRES MARS,11064.30,0,2024-03-22
530000,RETRAIT AISSE,,RETRAIT DAB<br />LIB:APPROVISIONNEMENT CAISSE,0,392.06,2025-05-31
601100,CB EDF,,,0,1536.77,2025-03-27
445660,CB EDF,,,0,307.35,2025-03-27
625100,CARTE SARL GAUTIER,,,0,618.85,2024-02-18
445660,CARTE SARL GAUTIER,,,0,123.77,2024-02-18
401001,VIREMENT SEPA EURL GAUTHIER LOGI,REF600038,,0,1555.00,2025-06-16
706000,VIR RECU SA GROUPE LEGRAND,,,4029.34,0,2024-09-01
641100,VIREMENT SEPA SALAIRE OCTOBRE,,,0,3502.53,2024-10-29
401007,PRELEVEMENT SEPA SAS MASSON CONS,,PRLV SEPA NBE:SAS MASSON CONSEIL<br />LIB:REGLEMENT ACHAT,0,4595.87,2024-07-31
401005,PRELEVEMENT SEPA SCI GUERIN IMPR,,,0,3476.28,2024-10-15
781000,REPRISE AMORTISSEMENT,,LIB:REPRISE AMORTISSEMENT T4 2024,6000.00,0,2024-12-21
411003,VIR RECU SARL GIRARD BTP,,,41200.00,0,2025-07-25
771000,VIR RECU SA GROUPE ALIMENTAIRE,,,2063.83,0,2024-07-14
401009,PRLVT SEPA EURL MERCIER IMMOBILI,,,0,10024.01,2025-08-30
530000,RETRAIT CAISSE,,,0,148.91,2024-01-07
704000,VIR RECU SAS ECO ENERGIE,,,33781.81,0,2025-11-30
623000,PAIEMENT CB SA GROUPE LEGRAND,,CB SA GROUPE LEGRAND<br />LIB:PUBLICITE ANNONCES,0,3333.33,2025-06-26
445660,PAIEMENT CB SA GROUPE LEGRAND,,CB SA GROUPE LEGRAND<br />LIB:PUBLICITE ANNONCES,0,666.67,2025-06-26
624000,CARTE MACIF,REF450465,,0,312.28,2024-04-26
445660,CARTE MACIF,REF450465,,0,62.46,2024-04-26
614000,PRELEVEMENT SEPA EURL BERNARD,,,0,1224.66,2024-10-12
445660,PRELEVEMENT SEPA EURL BERNARD,,,0,244.93,2024-10-12
401001,PRLV SEPA EURL GAUTHIER LOGISTIQ,,,0,3450.00,2024-04-30
411001,VIREMENT RECU SCI HENRY SECURITE,,,36158.98,0,2024-09-21
411001,VIREMENT RECU SCI HENRY SECURITE,REF185446,,10684.30,0,2024-08-18
631000,PRELEVEMENT SEPA DGFIP,REF653443,PRLV SEPA NBE:DGFIP<br />LIB:TAXE APPRENTISSAGE 2025,0,1663.51,2025-11-29
404000,VIR EPA SARL ANDRE,,VIR SEPA NPY:SARL ANDRE<br />LIB:ACHAT IMMOBILISATION,0,27820.49,2025-06-30
411005,VIR RECU SCI ROUSSEL ELECTRICITE,,,5527.29,0,2025-12-15
621000,PRLV SEPA SAS DUPONT,,,0,7801.07,2025-07-28
445660,PRLV SEPA SAS DUPONT,,,0,1560.21,2025-07-28
631000,PRLVT SEPA DGFIP,,PRLV SEPA NBE:DGFIP<br />LIB:FORMATION CONTINUE 2024,0,710.00,2024-02-02
621000,PRLV SEPA SAS DUPONT,,,0,423.38,2024-10-03
445660,PRLV SEPA SAS DUPONT,,,0,84.68,2024-10-03
637000,PRLVT SEPA DGFIP,,,0,1756.06,2024-09-07
628000,CARTE SARL CONSULTANT RH,,,0,18.02,2024-08-26
641100,VIR SEPA SALAIRE MARS,,,0,2637.60,2025-03-27
404000,VIREMENT SEPA SA FOURNIER,,,0,26219.39,2025-09-07
419000,VIR RECU SA AERO COMPOSANTS,,,13858.26,0,2024-06-26
401009,PRLV SEPA EURL MERCIER IMMOBILIE,,,0,5450.00,2024-10-05
641000,VIR SEPA SALAIRE NOVEMBRE,,,0,1540.00,2024-11-28
411003,VIR RECU SARL GIRARD BTP,,VIR SEPA NPY:SARL GIRARD BTP IBE:FR6565717087582511379734835 BIC:AGRIFRPP PDO:FR RCN:FAC2024530<br />LIB:REGLEMENT FACTURE FAC2024530,41329.81,0,2024-11-17
601100,PRLVT SEPA SA GROUPE LEGRAND,,,0,3120.32,2025-12-31
445660,PRLVT SEPA SA GROUPE LEGRAND,,,0,624.06,2025-12-31
411002,VIREMENT RECU SA GARNIER TRANSPO,,VIR SEPA NPY:SA GARNIER TRANSPORTS IBE:BE48861929000308 BIC:GEBABEBB PDO:BE RCN:FAC2024084<br />LIB:REGLEMENT FACTURE FAC2024084,18899.10,0,2025-09-19
401004,PRELEVEMENT SEPA SAS GARCIA INDU,,PRLV SEPA CPY:FR64856255 RUM:FR64856255 NBE:SAS GARCIA INDUSTRIE<br />LIB:REGLEMENT FACTURE,0,3500.00,2024-06-11
408000,FACTURE NON PARVENUE SARL SIMON,,,0,4871.83,2024-09-25
401002,VIREMENT SEPA SARL FOURNIER BTP,,VIR SEPA REF:FR82088199 NPY:SARL FOURNIER BTP<br />LIB:ACOMPTE FOURNISSEUR,0,11929.07,2025-07-10
706000,VIR RECU SA INDUSTRIE NORD,,VIR SEPA NPY:SA INDUSTRIE NORD<br />LIB:HONORAIRES DECEMBRE,11492.46,0,2025-12-27
635000,PRLV SEPA DGFIP,,,0,4543.00,2025-05-29
613200,PRLV SEPA EURL BERNARD,,,0,3563.28,2024-06-01
445660,PRLV SEPA EURL BERNARD,,,0,712.66,2024-06-01
512000,REMISE CHEQUE,,,17090.48,0,2025-05-29
631000,PRLV SEPA DGFIP,REF503079,PRLV SEPA NBE:DGFIP<br />LIB:FORMATION CONTINUE 2024,0,2980.33,2024-04-17
625100,CB SARL GAUTIER,,CB SARL GAUTIER<br />LIB:DEPLACEMENT MISSION,0,65.50,2025-06-04
445660,CB SARL GAUTIER,,CB SARL GAUTIER<br />LIB:DEPLACEMENT MISSION,0,13.10,2025-06-04
512100,VIR INTERNE,,VIR INTERNE REF:FR95427614<br />LIB:VIREMENT ENTRE COMPTES,0,22670.69,2024-11-18
514000,REMISE CHEQUE,,REMISE CHQ N 670409,13892.62,0,2025-07-27
627000,PRLV SEPA OVH SAS,REF809772,PRLV SEPA NBE:OVH SAS<br />LIB:HEBERGEMENT SERVEUR,0,135.41,2025-06-27
431000,PRLV SEPA URSSAF,,,0,7569.00,2025-10-11
512000,REMISE CHEQUE,,REMISE CHQ N 393586,11867.37,0,2025-07-22
411007,VIR RECU SARL GARCIA DISTRIBUTIO,,VIR SEPA NPY:SARL GARCIA DISTRIBUTION IBE:FR6177233592743758002949141 BIC:CCBPFRPP PDO:FR<br />LIB:REGLEMENT CLIENT FAC2024000,2800.00,0,2025-03-31
411004,VIR RECU SA NOEL IMPRIMERIE,,,40389.44,0,2024-05-30
205000,VIR SEPA SA LEFEVRE,,,0,24795.31,2025-01-31
707000,VIR RECU SAS DIGITAL SERVICES,,,5823.01,0,2024-12-30
641000,VIR SALAIRE OCTOBRE,,VIR SEPA<br />LIB:REMUNERATION OCTOBRE,0,4418.53,2025-10-28
706000,VIR RECU ERL DESIGN STUDIO,,VIR SEPA NPY:EURL DESIGN STUDIO<br />LIB:PRESTATIONS SERVICES FAC2025460,20000.00,0,2025-01-29
471000,OPERATION ATTENTE,,,0,1000.00,2024-11-29
625100,CARTE GOOGLE CLOUD,,CB GOOGLE CLOUD<br />LIB:FRAIS VOYAGE,0,195.89,2025-02-28
445660,CARTE GOOGLE CLOUD,,CB GOOGLE CLOUD<br />LIB:FRAIS VOYAGE,0,39.18,2025-02-28
625100,CARTE FREE MOBILE,,,0,627.85,2024-06-26
445660,CARTE FREE MOBILE,,,0,125.57,2024-06-26
641000,VIREMENT SEPA SALAIRE JUILLET,,,0,3310.71,2024-07-27
512000,FRAIS BANCAIRES,,,0,200.00,2025-02-28
401005,PRLV SEPA SCI GUERIN IMPRIMERIE,,,0,7084.46,2024-05-25
512100,VIR INTERNE,,,0,46700.00,2024-11-30
707000,VIREMENT RECU SA CHIMIE FRANCE,,,7951.61,0,2025-07-05
618000,CB SARL MARTIN,,,0,298.42,2025-04-28
445660,CB SARL MARTIN,,,0,59.68,2025-04-28
401002,VIR SEPA SARL FOURNIER BTP,,,0,5129.79,2025-03-06
401001,PRLV SEPA EURL GAUTHIER LOGISTIQ,REF690270,,0,189.05,2025-02-27
649000,VIR RECU CPAM,REF904741,,586.80,0,2025-02-28
641000,VIR SEPA SALAIRE OCTOBRE,,,0,3700.00,2024-10-27
419000,VIR RECU SAS DIGITAL SERVICES,REF190747,VIR SEPA NPY:SAS DIGITAL SERVICES<br />LIB:ACOMPTE CLIENT,14488.74,0,2024-09-22
606100,CB MACIF,,,0,414.02,2024-09-27
445660,CB MACIF,,,0,82.81,2024-09-27
431000,PRELEVEMENT SEPA URSSAF,,,0,12800.00,2024-08-09
627000,PRLV SEPA ORANGE SA,,,0,66.62,2025-10-30
604000,CARTE GOOGLE CLOUD,,,0,1170.45,2024-02-28
445660,CARTE GOOGLE CLOUD,,,0,234.09,2024-02-28
625200,CB ALLIANZ,,,0,183.06,2025-03-30
445660,CB ALLIANZ,,,0,36.61,2025-03-30
401001,VIR SEPA EURL GAUTHIER LOGISTIQU,,VIR SEPA REF:FR76596672 NPY:EURL GAUTHIER LOGISTIQUE<br />LIB:COMMANDE FOURNITURES LCC:BON COMMANDE 466321,0,15617.28,2025-08-27
401001,VIR SEPA EURL GAUTHIER LOGISTIQU,,,0,3901.53,2024-01-30
411002,VIR RECU SA GARNIER TRANSPORTS,,,20312.06,0,2024-04-18
401004,PRLVT SEPA SAS GARCIA INDUSTRIE,,PRLV SEPA NBE:SAS GARCIA INDUSTRIE<br />LIB:REGLEMENT ACHAT,0,3564.91,2024-06-24
706000,VIR RECU EURL DESIGN STUDIO,,VIR SEPA NPY:EURL DESIGN STUDIO<br />LIB:HONORAIRES AVRIL,1500.00,0,2025-04-08
625100,PAIEMENT CB SARL GAUTIER,,,0,329.79,2025-02-12
445660,PAIEMENT CB SARL GAUTIER,,,0,65.96,2025-02-12
641100,VIREMENT SEPA SALAIRE JUILLET,,,0,2331.97,2024-07-28
275000,VIREMENT SEPA SA GROUPE LEGRAND,,,0,2384.51,2025-06-10
601100,CARTE SARL GAUTIER,,,0,808.33,2025-03-25
445660,CARTE SARL GAUTIER,,,0,161.67,2025-03-25
512100,VIR INTERNE,,,0,55178.55,2024-11-26
606100,PRELEVEMENT SEPA ORANGE SA,,,0,666.67,2025-04-21
445660,PRELEVEMENT SEPA ORANGE SA,,,0,133.33,2025-04-21
431000,PRELEVEMENT SEPA URSSAF,,PRLV SEPA NBE:URSSAF<br />LIB:COTISATIONS DECEMBRE,0,12399.15,2024-12-14
213100,VIR SEPA SARL PETIT,,,0,112104.51,2024-01-26
611000,PRLV SEPA SARL BONNET,,,0,3441.27,2025-01-10
445660,PRLV SEPA SARL BONNET,,,0,688.26,2025-01-10
401001,PRLV SEPA EURL GAUTHIER LOGISTIQ,,PRLV SEPA CPY:FR68702439 NBE:EURL GAUTHIER LOGISTIQUE<br />LIB:FACTURE FAC2024115,0,3076.55,2024-06-13
606100,CB MACIF,,CB MACIF<br />LIB:FOURNITURES NON STOCKABLES,0,416.67,2024-08-28
445660,CB MACIF,,CB MACIF<br />LIB:FOURNITURES NON STOCKABLES,0,83.33,2024-08-28
606100,CB MACIF,REF793023,,0,20.52,2025-02-26
445660,CB MACIF,REF793023,,0,4.10,2025-02-26
633000,PRLV SEPA DGFIP,,PRLV SEPA NBE:DGFIP<br />LIB:CONTRIBUTION ECONOMIQUE TERRITORIALE,0,5650.99,2025-03-25
706000,VIR RECU EURL DESIGN STUDIO,,,19793.86,0,2025-09-26
205000,VIR SEPA SARL ANDRE,,,0,14087.73,2025-07-02
401007,PRLV SEPA SA MASSON CONSEIL,,PRLV SEPA NBE:SAS MASSON CONSEIL<br />LIB:REGLEMENT ACHAT,0,1744.07,2024-11-29
618000,CB SARL MRTIN,,CB SARL MARTIN<br />LIB:DOCUMENTATION TECHNIQUE,0,187.67,2024-05-03
445660,CB SARL MRTIN,,CB SARL MARTIN<br />LIB:DOCUMENTATION TECHNIQUE,0,37.54,2024-05-03
626000,PRLVT SEPA EURL BERNARD,,,0,145.73,2024-06-30
601100,CB SA LEFEVRE,,CB SA LEFEVRE FACT:FAC2025052<br />LIB:ACHAT FOURNITURES,0,489.40,2025-03-08
445660,CB SA LEFEVRE,,CB SA LEFEVRE FACT:FAC2025052<br />LIB:ACHAT FOURNITURES,0,97.88,2025-03-08
601100,CB SA GROUPE LEGRAND,,,0,884.17,2025-08-17
445660,CB SA GROUPE LEGRAND,,,0,176.83,2025-08-17
411001,VIR RECU SCI HENRY SECURITE,,VIR SEPA NPY:SCI HENRY SECURITE IBE:DE79571492966369656769 BIC:DEUTDEFF PDO:DE<br />LIB:REGLEMENT CLIENT FAC2025290,1754.10,0,2025-11-08
706000,VIREMENT RECU SA CHIMIE FRANCE,,,2424.49,0,2025-03-22
401002,PRLV SEPA SARL FOURNIER BTP,,,0,5948.89,2025-08-29
625100,CARTE SARL GAUTIER,,,0,198.03,2024-10-06
445660,CARTE SARL GAUTIER,,,0,39.61,2024-10-06
708000,VIR RECU SARL COMMERCE DU SUD,,,1507.27,0,2024-07-17
401001,VIR SEPA EURL GAUTHIER LOGISTIQU,,,0,17162.27,2025-02-14
625100,CARTE SARL GAUTIER,,,0,1625.00,2024-06-29
445660,CARTE SARL GAUTIER,,,0,325.00,2024-06-29
616000,PRELEVEMENT SEPA ALLIANZ,,,0,4577.50,2025-08-29
641000,VIR SEPA SALAIRE JANVIER,,,0,2335.70,2024-01-26
411001,VIR RECU SCI HENRY SECURITE,REF557871,,23538.25,0,2025-01-06
404000,VIR SEPA SA FOURNIER,,,0,4918.67,2024-10-13
512000,REMISE CHEQUE,REF637145,,13160.00,0,2025-06-30
628000,CB ENGIE,,,0,89.07,2024-06-14
164000,PRLV SEPA ECHEANCE EMPRUNT,,,0,5554.39,2024-05-03
661100,PRLV SEPA ECHEANCE EMPRUNT,,,0,1249.74,2024-05-03
616000,PRLV SEPA ECHEANCE EMPRUNT,,,0,138.86,2024-05-03
164000,PRLV SEPA ECHEANCE EMPRUNT,,,0,2738.41,2025-12-25
661100,PRLV SEPA ECHEANCE EMPRUNT,,,0,616.14,2025-12-25
616000,PRLV SEPA ECHEANCE EMPRUNT,,,0,68.46,2025-12-25
606100,PRLVT SEPA MACIF,,,0,478.84,2025-03-17
445660,PRLVT SEPA MACIF,,,0,95.77,2025-03-17
467000,VIR SPA SA PICARD,,,0,1567.98,2025-12-25
512100,VIR INTERNE,,VIR INTERNE REF:FR52571160<br />LIB:VIREMENT ENTRE COMPTES,0,86186.49,2024-10-09
615000,PRLVT SEPA SARL SIMON,,,0,1703.82,2024-10-28
445660,PRLVT SEPA SARL SIMON,,,0,340.77,2024-10-28
411004,VIR RECU SA NOEL IMPRIMERIE,,VIR SEPA NPY:SA NOEL IMPRIMERIE IBE:FR8129201921818324290922311 BIC:SOGEFRPP PDO:FR<br />LIB:REGLEMENT CLIENT FAC2025587,16911.47,0,2025-12-31
411003,VIREMENT RECU SARL GIRARD BTP,,VIR SEPA NPY:SARL GIRARD BTP IBE:FR6565717087582511379734835 BIC:AGRIFRPP PDO:FR<br />LIB:REGLEMENT CLIENT FAC2024719,2913.35,0,2024-02-05
411005,VIREMENT RECU SCI ROUSSEL ELECTR,,,19481.76,0,2025-03-28
404000,VIR SEPA SAS FAURE,,,0,21874.78,2025-05-04
661000,INTERETS EMPRUNT,,,0,1628.32,2024-06-25
404000,VIR SEPA SARL ANDRE,,,0,45279.48,2025-10-28
601100,CARTE EDF,,,0,3202.97,2025-07-25
445660,CARTE EDF,,,0,640.60,2025-07-25
512000,VIR INTERNE,,,0,7859.34,2025-08-10
668000,FRAIS FINANCIERS,,,0,57.60,2024-10-28
606100,CB MACIF,,CB MACIF<br />LIB:FOURNITURES NON STOCKABLES,0,111.35,2025-08-09
445660,CB MACIF,,CB MACIF<br />LIB:FOURNITURES NON STOCKABLES,0,22.27,2025-08-09
411005,VIR RECU SCI ROUSSEL ELECTRICITE,,VIR SEPA NPY:SCI ROUSSEL ELECTRICITE IBE:DE59148090265642462589 BIC:DEUTDEFF PDO:DE<br />LIB:REGLEMENT CLIENT FAC2024319,8961.16,0,2025-03-28
512000,VIR RECU SAS FAURE,,,1000.00,0,2024-04-03
708000,VIREMENT RECU SARL COMMERCE DU S,,VIR SEPA NPY:SARL COMMERCE DU SUD<br />LIB:PRODUITS ACTIVITES ANNEXES,4040.25,0,2025-03-15
706000,VIREMENT RECU SA INDUSTRIE NORD,,,15817.82,0,2025-09-27
635000,PRLV SEPA DGFIP,,PRLV SEPA NBE:DGFIP<br />LIB:AUTRES IMPOTS 2024,0,3333.83,2024-03-03
701000,VIR RECU SAS TECHNOLOGY PLUS,,,4521.06,0,2025-09-24
614000,PRLVT SEPA SARL PETIT,,,0,902.32,2025-09-30
445660,PRLVT SEPA SARL PETIT,,,0,180.47,2025-09-30
467000,VIR SEPA SAS FAURE,,,0,4301.70,2024-09-16
641000,VIR SEPA SALAIRE JANVIER,REF619344,,0,4443.54,2024-01-31
401009,PRLV SEPA EURL MERCIER IMMBILIER,,,0,11396.87,2024-12-01
512000,REMISE CHEQUE,,,9466.23,0,2024-08-26
530000,RETRAIT CAISSE,,,0,63.13,2024-03-21
404000,VIR SEPA SARL ANDRE,,VIR SEPA NPY:SARL ANDRE<br />LIB:ACHAT IMMOBILISATION,0,19714.80,2025-09-30
758000,VIR RECU SARL TRANSPORT EXPRESS,,,2750.00,0,2024-01-26
707000,VR RECU SA CHIMIE FRANCE,,,17119.62,0,2025-05-03
411001,VIREMENT RECU SCI HENRY SECURITE,,,26537.65,0,2024-12-26
626000,PRLV SEPA LA POSTE,,,0,140.42,2025-04-02
616000,PRLVT SEPA ALLIANZ,REF810755,,0,2100.77,2025-06-28
411002,VIR RECU SA GARNIER TRANSPORTS,,VIR SEPA NPY:SA GARNIER TRANSPORTS IBE:BE48861929000308 BIC:GEBABEBB PDO:BE RCN:FAC2025222<br />LIB:REGLEMENT FACTURE FAC2025222,1771.67,0,2025-11-01
641100,VIR SEPA SALAIRE JUILLET,,,0,2006.57,2024-07-30
411002,VIREMENT RECU SA GARNIER TRANSPO,,,2080.28,0,2024-03-02
511500,ENCAISSEMENT CB,,,1063.05,0,2024-06-01
627000,ENCAISSEMENT CB,,,0,10.63,2024-06-01
661000,AGIOS BANCAIRES,,,0,105.07,2024-03-26
205000,VIR SEPA SA LEFEVRE,,,0,5331.25,2025-08-23
706000,VIR RECU EURL DESIGN STUDIO,,,10947.59,0,2024-02-29
411001,VIR RECU SCI HENRY SECURITE,REF536188,VIR SEPA NPY:SCI HENRY SECURITE IBE:DE79571492966369656769 BIC:DEUTDEFF PDO:DE<br />LIB:REGLEMENT CLIENT FAC2025086,453.85,0,2024-10-20
205000,VIR SARL ANDRE,,,0,27448.62,2025-03-27
631000,PRLV SEPA DGFIP,,,0,662.75,2024-11-27
757000,VIR RECU SARL COMMERCE DU SUD,REF776691,,10076.90,0,2025-09-29
627000,PRELEVEMENT SEPA ORANGE SA,,PRLV SEPA NBE:ORANGE SA<br />LIB:ABONNEMENT MOBILE,0,100.00,2024-10-27
601100,CB SA GROUPE LEGRAND,,CB SA GROUPE LEGRAND FACT:FAC2025579<br />LIB:ACHAT FOURNITURES,0,405.05,2024-10-22
445660,CB SA GROUPE LEGRAND,,CB SA GROUPE LEGRAND FACT:FAC2025579<br />LIB:ACHAT FOURNITURES,0,81.01,2024-10-22
713000,VIR RECU SARL MODE TEXTILE,,VIR SEPA NPY:SARL MODE TEXTILE<br />LIB:VARIATION STOCKS,4100.00,0,2024-05-24
635000,PRELEVEMENT SEPA DGFIP,,,0,4750.00,2024-08-30
445710,VIR RECU DGFIP,REF694184,VIR SEPA NPY:DGFIP<br />LIB:REMBOURSEMENT TVA T2 2025,14457.54,0,2025-04-22
437000,PRLV SEPA POLE EMPLOI,REF225794,,0,6303.33,2025-07-15
512000,VIR RECU SAS FAURE,,,27500.00,0,2025-06-13
621000,PRLVT SEPA SAS DUPONT,,,0,2291.67,2024-10-25
445660,PRLVT SEPA SAS DUPONT,,,0,458.33,2024-10-25
601100,CB SA GROUPE LEGRAND,,,0,1166.67,2025-07-19
445660,CB SA GROUPE LEGRAND,,,0,233.33,2025-07-19
403000,VIR SEPA SCI ROUX,REF229446,,0,2584.77,2024-06-26
606300,PAIEMENT CB SAS GIRARD,REF194131,CB SAS GIRARD<br />LIB:PETIT EQUIPEMENT,0,272.38,2025-06-30
445660,PAIEMENT CB SAS GIRARD,REF194131,CB SAS GIRARD<br />LIB:PETIT EQUIPEMENT,0,54.48,2025-06-30
275000,VIR SEPA SA LEFEVRE,,,0,5600.00,2025-06-27
627000,PRLV SEPA ORANGE SA,,,0,37.62,2024-09-15
613200,PRLVT SEPA SARL BONNET,,,0,2641.00,2024-11-01
445660,PRLVT SEPA SARL BONNET,,,0,528.20,2024-11-01
530000,RETRAIT CAISSE,,RETRAIT DAB<br />LIB:APPROVISIONNEMENT CAISSE,0,116.39,2024-01-25
626100,PRLVT SEPA SA FOURNIER,,,0,122.33,2024-09-30
445660,PRLVT SEPA SA FOURNIER,,,0,24.47,2024-09-30
626000,PRLV SEPA SAS DUPONT,,,0,99.85,2025-01-10
661000,INTERETS EMPRUNT,,INTERETS<br />LIB:INTERET DEBITEUR JANVIER 2025,0,271.49,2025-01-02
707000,VIREMET RECU SA CHIMIE FRANCE,,,11500.00,0,2024-04-27
633000,PRLV SEPA DGFIP,,,0,5911.86,2024-08-25
625100,CARTE EURL BERNARD,,CB EURL BERNARD<br />LIB:FRAIS VOYAGE,0,693.53,2024-08-16
445660,CARTE EURL BERNARD,,CB EURL BERNARD<br />LIB:FRAIS VOYAGE,0,138.71,2024-08-16
631000,PRLV SEPA DGFIP,,PRLV SEPA NBE:DGFIP<br />LIB:FORMATION CONTINUE 2025,0,1603.67,2025-07-31
512000,VIR INTERNE,,,0,32419.06,2024-10-26
218000,CB SA PICARD,REF136430,CB SA PICARD<br />LIB:ACHAT MATERIEL,0,8221.45,2025-03-31
445620,CB SA PICARD,REF136430,CB SA PICARD<br />LIB:ACHAT MATERIEL,0,1644.29,2025-03-31
445510,VIR SEPA DGFIP TVA,,,0,2390.21,2025-10-24
401006,VIR SAS ROBIN SECURITE,,,0,3080.49,2025-12-06
421000,VIR SEPA SALAIRE MARS,,VIR SEPA<br />LIB:SALAIRE MARS 2024,0,2568.56,2024-03-26
411004,VIR RECU SA NOEL IMPRIMERIE,,,36209.46,0,2024-10-27
661000,FRAIS BANCAIRES,,,0,133.99,2025-11-30
408000,FACTURE NON PARVENUE SAS GIRARD,,,0,3933.81,2024-10-22
211000,VIR SEPA SARL MARTIN,,,0,105000.00,2025-09-01
606100,PRLV SEPA SA FOURNIER,,,0,493.92,2024-06-30
445660,PRLV SEPA SA FOURNIER,,,0,98.78,2024-06-30
606100,PAIEMENT CB SAS MOREAU,,,0,128.60,2024-04-26
445660,PAIEMENT CB SAS MOREAU,,,0,25.72,2024-04-26
411007,VIREMENT RECU SARL GARCIA DISTRI,,,6505.03,0,2024-10-26
661000,AGIOS BANCAIRES,,,0,500.00,2025-10-28
404000,VIREMENT SEPA SAS FAURE,,VIR SEPA NPY:SAS FAURE<br />LIB:ACHAT IMMOBILISATION,0,48159.10,2025-04-06
601100,PRLV SEPA MAIF,,PRLV SEPA NBE:MAIF<br />LIB:COMMANDE FAC2025550,0,1680.44,2024-03-26
445660,PRLV SEPA MAIF,,PRLV SEPA NBE:MAIF<br />LIB:COMMANDE FAC2025550,0,336.09,2024-03-26
614000,PRELEVEMENT SEPA EURL BERNARD,REF859979,,0,758.85,2024-10-31
445660,PRELEVEMENT SEPA EURL BERNARD,REF859979,,0,151.77,2024-10-31
624000,CB SAS LAURENT,,CB SAS LAURENT<br />LIB:TRANSPORT LIVRAISON,0,262.36,2024-01-28
445660,CB SAS LAURENT,,CB SAS LAURENT<br />LIB:TRANSPORT LIVRAISON,0,52.47,2024-01-28
411005,VIR RECU SCI ROUSSEL ELECTRICITE,,VIR SEPA NPY:SCI ROUSSEL ELECTRICITE IBE:DE59148090265642462589 BIC:DEUTDEFF PDO:DE RCN:FAC2025622<br />LIB:REGLEMENT FACTURE FAC2025622,15759.75,0,2025-02-26
164000,PRLV SEPA ECHEANCEEMPRUNT,,,0,6738.44,2024-08-31
661100,PRLV SEPA ECHEANCEEMPRUNT,,,0,1516.15,2024-08-31
616000,PRLV SEPA ECHEANCEEMPRUNT,,,0,168.46,2024-08-31
704000,VIR RECU SAS ECO ENERGIE,REF621379,,25413.69,0,2024-11-30
411007,VIR RECU SARL GARCIA DISTRIBUTIO,REF956033,,23391.62,0,2025-02-27
613200,PRLV SEPA EURL BERNARD,,,0,2225.96,2025-10-01
445660,PRLV SEPA EURL BERNARD,,,0,445.19,2025-10-01
514000,REMISE CHEQUE,,,1772.45,0,2024-07-14
211000,VIR SEPA SARL MARTIN,,,0,167000.00,2024-12-09
613200,PRELEVEMENT SEPA EURL MERCIER,REF320012,PRLV SEPA NBE:EURL MERCIER<br />LIB:LOYER SEPTEMBRE 2025,0,3507.57,2025-09-02
445660,PRELEVEMENT SEPA EURL MERCIER,REF320012,PRLV SEPA NBE:EURL MERCIER<br />LIB:LOYER SEPTEMBRE 2025,0,701.51,2025-09-02
512000,REMISE CHEQUE,,REMISE CHQ N 573589,12842.68,0,2024-04-29
627000,PRLV SEPA OVH SAS,,PRLV SEPA NBE:OVH SAS<br />LIB:HEBERGEMENT SERVEUR,0,491.07,2024-06-14
411003,VIR RECU SARL GIRARD BTP,REF355240,,1449.73,0,2025-03-06
606100,PRLV SEPA SAS MOREAU,,PRLV SEPA NBE:SAS MOREAU<br />LIB:EAU ELECTRICITE,0,94.01,2025-07-30
445660,PRLV SEPA SAS MOREAU,,PRLV SEPA NBE:SAS MOREAU<br />LIB:EAU ELECTRICITE,0,18.80,2025-07-30
615000,PRELEVEMENT SEPA SAS GIRARD,REF457402,PRLV SEPA NBE:SAS GIRARD<br />LIB:ENTRETIEN REPARATIONS,0,1125.00,2025-08-27
445660,PRELEVEMENT SEPA SAS GIRARD,REF457402,PRLV SEPA NBE:SAS GIRARD<br />LIB:ENTRETIEN REPARATIONS,0,225.00,2025-08-27
408000,FACTURE NON PARVENUE SARL SIMON,,,0,3092.27,2025-09-29
514000,REMISE CHEQUE,,,3075.02,0,2024-10-19
401001,PRLVT SEPA EURL GAUTHIER LOGISTI,,,0,3970.60,2024-06-22
613200,PRLVT SEPA SARL BONNET,,PRLV SEPA NBE:SARL BONNET<br />LIB:LOYER MARS 2025,0,1215.67,2025-03-05
445660,PRLVT SEPA SARL BONNET,,PRLV SEPA NBE:SARL BONNET<br />LIB:LOYER MARS 2025,0,243.13,2025-03-05
627000,PRLV SEPA OVH SAS,,,0,14.56,2024-03-21
612000,PRELEVEMENT SEPA SARL PETIT,,PRLV SEPA NBE:SARL PETIT<br />LIB:CREDIT-BAIL,0,4135.97,2025-05-27
445660,PRELEVEMENT SEPA SARL PETIT,,PRLV SEPA NBE:SARL PETIT<br />LIB:CREDIT-BAIL,0,827.20,2025-05-27
512000,VIREMENT RECU SARL PETIT,,VIR SEPA NPY:SARL PETIT<br />LIB:VIREMENT RECU,6500.00,0,2024-08-10
411002,VIR RECU SA GARNIER TRANSPORTS,,,12000.00,0,2024-07-30
707000,VIREMENT RECU SA PHARMA SANTE,,,20379.34,0,2024-03-13
601100,PRLV SEPA EDF,,PRLV SEPA NBE:EDF<br />LIB:COMMANDE FAC2025762,0,1422.99,2024-11-30
445660,PRLV SEPA EDF,,PRLV SEPA NBE:EDF<br />LIB:COMMANDE FAC2025762,0,284.60,2024-11-30
641000,VIR SEPA SALAIRE OCTOBRE,,VIR SEPA<br />LIB:SALAIRE OCTOBRE 2025,0,1300.00,2025-10-27
408000,FACTURE NON PARVENUE SAS GIRARD,,,0,3792.65,2024-10-20
613200,PRLV SEPA EURL BERNARD,,,0,3314.60,2024-03-03
445660,PRLV SEPA EURL BERNARD,,,0,662.92,2024-03-03
411001,VIR RECU SCI HENRY SECURITE,,VIR SEPA NPY:SCI HENRY SECURITE IBE:DE79571492966369656769 BIC:DEUTDEFF PDO:DE<br />LIB:REGLEMENT CLIENT FAC2025616,9284.68,0,2024-09-25
437000,PRLV SEPA POLE EMPLOI,,,0,500.00,2025-08-13
580000,VIR INTERNE,,,0,21497.64,2024-08-26
411002,VIR RECU SA GARNIER TRANSPORTS,,,28635.60,0,2025-01-26
613200,PRELEVEMENT SEPA EURL BERNARD,,,0,543.33,2025-03-01
445660,PRELEVEMENT SEPA EURL BERNARD,,,0,108.67,2025-03-01
512000,VIREMENT RECU SAS MOREAU,,,4676.56,0,2024-03-28
649000,VIR RECU CPAM,,,2906.44,0,2025-07-01
401003,VIR SARL GIRARD SECURITE,REF426137,VIR SEPA REF:FR43501863 NPY:SARL GIRARD SECURITE<br />LIB:ACOMPTE FOURNISSEUR,0,6190.00,2024-11-30
512000,REMISE CHEQUE,,REMISE CHQ N 723534,7203.59,0,2025-04-30
401002,PRLVT SEPA SARL FOURNIER BTP,REF191393,,0,1549.11,2024-02-01
701000,VIREMENT RECU SAS TECHNOLOGY PLU,,VIR SEPA NPY:SAS TECHNOLOGY PLUS<br />LIB:VENTE PRODUITS FINIS FAC2025803,3747.23,0,2025-07-18
708000,VIREMENT RECU SARL COMMERCE DU S,,VIR SEPA NPY:SARL COMMERCE DU SUD<br />LIB:PRODUITS ACTIVITES ANNEXES,4895.23,0,2025-01-20
401002,PRLV SEPA SARL FOURNIER BTP,REF827133,,0,4574.69,2024-08-01
401001,PRLV SEPA EURL GAUTHIER LOGISTIQ,,PRLV SEPA CPY:FR17613148 RUM:FR17613148 NBE:EURL GAUTHIER LOGISTIQUE<br />LIB:REGLEMENT FACTURE,0,12164.53,2025-02-28
625200,CB SARL GAUTIER,,CB SARL GAUTIER<br />LIB:FRAIS VOYAGE,0,310.48,2024-11-16
445660,CB SARL GAUTIER,,CB SARL GAUTIER<br />LIB:FRAIS VOYAGE,0,62.10,2024-11-16
671000,VIR SAS LAMBERT,,VIR SEPA NPY:SAS LAMBERT<br />LIB:CHARGE EXCEPTIONNELLE,0,4895.59,2024-11-27
626000,PRLV SEPA SAS FAURE,,PRLV SEPA NBE:SAS FAURE<br />LIB:TELECOMMUNICATIONS,0,150.99,2024-05-06
218000,VIREMENT SEPA SAS DUPONT,,,0,29037.32,2024-09-29
445620,VIREMENT SEPA SAS DUPONT,,,0,5807.47,2024-09-29
613200,PRLV SEPA EURL BERNARD,,,0,2834.21,2025-09-03
445660,PRLV SEPA EURL BERNARD,,,0,566.84,2025-09-03
401003,VIR SARL GIRARD SECURITE,,,0,11297.69,2025-08-30
512000,FRAIS BANCAIRES,,,0,200.00,2024-01-31
627000,PRLVT SEPA SFR,,,0,65.17,2025-08-31
621000,PRLV SEPA SAS DUPONT,,,0,7626.08,2024-02-15
445660,PRLV SEPA SAS DUPONT,,,0,1525.22,2024-02-15
625100,PAIEMENT CB MAIF,REF773218,CB MAIF<br />LIB:DEPLACEMENT MISSION,0,705.46,2025-03-04
445660,PAIEMENT CB MAIF,REF773218,CB MAIF<br />LIB:DEPLACEMENT MISSION,0,141.09,2025-03-04
641000,VIREMENT SEPA SALAIRE AOUT,REF314217,VIR SEPA<br />LIB:SALAIRE AOUT 2024,0,1333.82,2024-08-28
757000,VIREMENT RECU SA PHARMA SANTE,REF372293,,18380.70,0,2025-04-30
512000,REMISE CHEQUE,,,10030.49,0,2025-09-28
411006,VIREMENT RECU SARL LEFEVRE CONSE,REF128275,VIR SEPA NPY:SARL LEFEVRE CONSEIL IBE:FR9254472416792007230350052 BIC:BNPAFRPP PDO:FR<br />LIB:REGLEMENT CLIENT FAC2025024,19691.70,0,2024-03-14
791000,VIR RECU MACIF,,,13608.27,0,2024-09-26
471000,OPERATION ATTENTE,,,0,2475.62,2025-06-22
707000,VIR RECU SAS TECHNOLOGY PLUS,,,13000.00,0,2025-04-20
613200,PRELEVEMENT SEPA SA FOURNIER,,PRLV SEPA NBE:SA FOURNIER<br />LIB:LOYER JUIN 2025,0,1955.66,2025-06-02
445660,PRELEVEMENT SEPA SA FOURNIER,,PRLV SEPA NBE:SA FOURNIER<br />LIB:LOYER JUIN 2025,0,391.13,2025-06-02
671000,VIR SEPA SAS FAURE,REF679092,,0,5075.78,2025-04-08
641000,VIR SEPA SALAIRE JUIN,,VIR SEPA<br />LIB:REMUNERATION JUIN,0,3732.73,2024-06-28
651000,VIREMENT SEPA SAS FAURE,,,0,244.89,2025-01-05
445660,VIREMENT SEPA SAS FAURE,,,0,48.98,2025-01-05
641000,VIR SEPA SALAIRE OCTOBRE,REF146168,,0,2495.82,2025-10-25
615000,PRELEVEMENT SEPA SRL SIMON,,,0,1399.17,2024-04-22
445660,PRELEVEMENT SEPA SRL SIMON,,,0,279.84,2024-04-22
411002,VIREMENT RECU SA GARNIER TRANSPO,,VIR SEPA NPY:SA GARNIER TRANSPORTS IBE:BE48861929000308 BIC:GEBABEBB PDO:BE RCN:FAC2024969<br />LIB:REGLEMENT FACTURE FAC2024969,30399.54,0,2025-12-25
261000,VIREMENT SEPA SARL BONNET,,VIR SEPA NPY:SARL BONNET<br />LIB:TITRES DE PARTICIPATION,0,94719.28,2024-09-17
616000,PRLV SEPA AXA ASSURANCES,,,0,719.72,2025-06-29
580000,VIR INTERNE,,,0,47000.00,2025-08-25
601100,CARTE MAIF,REF238741,,0,596.15,2025-04-26
445660,CARTE MAIF,REF238741,,0,119.23,2025-04-26
621000,PRELEVEMENT SEPA SARL ONNET,,,0,916.67,2024-09-30
445660,PRELEVEMENT SEPA SARL ONNET,,,0,183.33,2024-09-30
645100,PRLVT SEPA MUTUELLE,,,0,1389.47,2024-01-02
512000,FRAIS BANCAIRES,,,0,60.02,2024-12-15
606100,PRLV SEPA SA GROUPE LEGRAND,,,0,478.07,2024-02-19
445660,PRLV SEPA SA GROUPE LEGRAND,,,0,95.62,2024-02-19
625100,CB SARL CONSULTANT RH,,,0,503.92,2024-05-26
445660,CB SARL CONSULTANT RH,,,0,100.78,2024-05-26
613200,PRLV SEPA EURL MERCIER,,PRLV SEPA NBE:EURL MERCIER<br />LIB:LOYER JUIN 2024,0,2395.00,2024-06-01
445660,PRLV SEPA EURL MERCIER,,PRLV SEPA NBE:EURL MERCIER<br />LIB:LOYER JUIN 2024,0,479.00,2024-06-01
631000,PRLV SEPA DGFIP,,,0,1700.00,2024-01-25
613200,PRLV SEPA EURL MERCIER,,PRLV SEPA NBE:EURL MERCIER<br />LIB:LOYER JANVIER 2025,0,459.97,2025-01-02
445660,PRLV SEPA EURL MERCIER,,PRLV SEPA NBE:EURL MERCIER<br />LIB:LOYER JANVIER 2025,0,92.00,2025-01-02
606100,PRELEVEMENT SEPA SAS MOREAU,,,0,500.00,2025-12-31
445660,PRELEVEMENT SEPA SAS MOREAU,,,0,100.00,2025-12-31
613200,PRLV SEPA EURL BERNARD,,,0,3738.24,2024-04-04
445660,PRLV SEPA EURL BERNARD,,,0,747.65,2024-04-04
411001,VIRRECU SCI HENRY SECURITE,,,20341.74,0,2024-03-27
606100,CB VEOLIA,,,0,166.67,2025-10-23
445660,CB VEOLIA,,,0,33.33,2025-10-23
437000,PRELEVEMENT SEPA POLE EMPLOI,,,0,2555.52,2025-07-13
646000,PRLVT SEPA POLE EMPLOI,,,0,1379.51,2024-12-08
401001,PRELEVEMENT SEPA EURL GAUTHIER L,,PRLV SEPA NBE:EURL GAUTHIER LOGISTIQUE<br />LIB:REGLEMENT ACHAT,0,2920.00,2025-06-28
408000,FACTURE NON PARVENUE SAS MOREAU,,FACTURE NON PARVENUE NBE:SAS MOREAU<br />LIB:AVOIR A RECEVOIR,0,3833.67,2025-06-23
606100,PAIEMENT CB MACIF,,,0,215.12,2024-12-28
445660,PAIEMENT CB MACIF,,,0,43.03,2024-12-28
641000,VIR SEPA SALAIRE DECEMBRE,,,0,3888.54,2024-12-30
411004,VIR RECU SA NOEL IMPRIMERIE,,,23344.41,0,2024-11-26
404000,VIR SEPA SA GROUPE LEGRAND,,VIR SEPA NPY:SA GROUPE LEGRAND<br />LIB:ACHAT IMMOBILISATION,0,4859.76,2025-02-27
514000,REMISE CHEQUE,,REMISE CHQ N 821299<br />LIB:ENCAISSEMENT CHEQUE,9219.81,0,2025-04-21
606100,PRLV SEPA SAS MOREAU,,,0,274.01,2025-07-14
445660,PRLV SEPA SAS MOREAU,,,0,54.80,2025-07-14
213100,VIR SEPA SARL MARTIN,REF922506,,0,55000.00,2025-10-26
401002,VIR SEPA SARL FOURNIER BTP,,,0,21526.10,2025-01-03
758000,VIR RECU SAS TECHNOLOGY PLUS,REF149534,,1117.72,0,2025-02-18
606100,PRELEVEMENT SEPA SAS MOREAU,,PRLV SEPA NBE:SAS MOREAU<br />LIB:EAU ELECTRICITE,0,250.00,2025-11-29
445660,PRELEVEMENT SEPA SAS MOREAU,,PRLV SEPA NBE:SAS MOREAU<br />LIB:EAU ELECTRICITE,0,50.00,2025-11-29
164000,PRELEVEMENT SEPA ECHEANCE EMPRUN,,,0,5089.23,2025-01-22
661100,PRELEVEMENT SEPA ECHEANCE EMPRUN,,,0,1145.08,2025-01-22
616000,PRELEVEMENT SEPA ECHEANCE EMPRUN,,,0,127.23,2025-01-22
601100,CARTE SA GROUPE LEGRAND,,,0,1241.52,2025-08-27
445660,CARTE SA GROUPE LEGRAND,,,0,248.30,2025-08-27
401001,VIR SEPA EURL GAUTIER LOGISTIQUE,,VIR SEPA REF:FR53372269 NPY:EURL GAUTHIER LOGISTIQUE<br />LIB:ACOMPTE FOURNISSEUR,0,14974.79,2025-07-27
761000,VIREMENT RECU INTEETS,,,433.08,0,2025-06-22
401001,VIR SEPA EURL GAUTHIER LOGISTIQU,,,0,1741.20,2024-07-25
401001,VIR SEPA EURL GAUTHIER LOGISTIQU,,VIR SEPA REF:FR38110479 NPY:EURL GAUTHIER LOGISTIQUE<br />LIB:COMMANDE FOURNITURES LCC:BON COMMANDE 228684,0,17242.38,2025-03-21
411005,VIREMENT RECU SCI ROUSSEL ELECTR,,VIR SEPA NPY:SCI ROUSSEL ELECTRICITE IBE:DE59148090265642462589 BIC:DEUTDEFF PDO:DE RCN:FAC2024257<br />LIB:REGLEMENT FACTURE FAC2024257,23000.00,0,2025-11-14
467000,VIR SAS DUVAL,,VIR SEPA NPY:SAS DUVAL<br />LIB:COMPTE TRANSITOIRE,0,2382.77,2024-04-21
625200,PAIEMENT CB SAS FAURE,,,0,134.08,2024-04-29
445660,PAIEMENT CB SAS FAURE,,,0,26.82,2024-04-29
601100,PRELEVEMENT SEPA MAIF,,,0,276.06,2024-07-29
445660,PRELEVEMENT SEPA MAIF,,,0,55.21,2024-07-29
706000,VIR RECU SA GROUPE LEGRAND,REF443523,,175.19,0,2024-11-26
641000,VIR SEPA SALAIRE FEVRIER,,,0,2150.00,2024-02-29
616000,PRLVT SEPA AXA ASSURANCES,,PRLV SEPA NBE:AXA ASSURANCES<br />LIB:ASSURANCE 2024,0,1964.90,2024-06-20
621000,PRLVT SEPA SAS DUPONT,,,0,5572.23,2025-10-22
445660,PRLVT SEPA SAS DUPONT,,,0,1114.45,2025-10-22
641000,VIREMENT SEPA SALAIRE JUIN,,,0,2980.02,2025-06-27
601100,CB MAIF,,,0,490.22,2025-04-25
445660,CB MAIF,,,0,98.04,2025-04-25
211000,VIR SEPA SARL MARTIN,,VIR SEPA NPY:SARL MARTIN<br />LIB:TERRAIN,0,109577.68,2024-01-30
411001,VIR RECU SCI HENRY SECURITE,,VIR SEPA NPY:SCI HENRY SECURITE IBE:DE79571492966369656769 BIC:DEUTDEFF PDO:DE<br />LIB:REGLEMENT CLIENT FAC2024055,8038.52,0,2025-05-27
611000,PRLV SEPA SA GROUPE LEGRAND,,PRLV SEPA NBE:SA GROUPE LEGRAND<br />LIB:SOUS-TRAITANCE,0,13796.62,2024-12-01
445660,PRLV SEPA SA GROUPE LEGRAND,,PRLV SEPA NBE:SA GROUPE LEGRAND<br />LIB:SOUS-TRAITANCE,0,2759.32,2024-12-01
401002,PRLV SEPA SARL FOURNIER BTP,REF624585,,0,2575.91,2025-05-30
411001,VIR RECU SCI HENRY SECURITE,,,17985.03,0,2024-04-26
601100,PRLV SEPA SA GROUPE LEGRAD,,PRLV SEPA NBE:SA GROUPE LEGRAND<br />LIB:COMMANDE FAC2024569,0,1967.90,2025-04-26
445660,PRLV SEPA SA GROUPE LEGRAD,,PRLV SEPA NBE:SA GROUPE LEGRAND<br />LIB:COMMANDE FAC2024569,0,393.58,2025-04-26
437000,PRLV SEPA POLE EMPLOI,,,0,978.59,2024-02-08
512000,REMIS CHEQUE,REF858970,,17413.48,0,2025-05-26
625200,PAIEMENT CB SAS FAURE,,CB SAS FAURE<br />LIB:FRAIS HEBERGEMENT,0,294.91,2025-08-04
445660,PAIEMENT CB SAS FAURE,,CB SAS FAURE<br />LIB:FRAIS HEBERGEMENT,0,58.98,2025-08-04
401002,PRELEVEMENT SEPA SARL FOURNIER B,,,0,3237.55,2024-06-27
706000,VIR RECU SA INDUSTRIE NORD,,VIR SEPA NPY:SA INDUSTRIE NORD<br />LIB:HONORAIRES FEVRIER,3943.24,0,2024-02-25
601100,CB EDF,,,0,627.37,2024-04-26
445660,CB EDF,,,0,125.48,2024-04-26
761000,VIR RECU INTERETS,,,258.38,0,2025-10-07
706000,VIR RECU SA GROUPE ALIMENTAIRE,,VIR SEPA NPY:SA GROUPE ALIMENTAIRE<br />LIB:PRESTATIONS SERVICES FAC2024250,14898.42,0,2025-09-30
437000,PRELEVEMENT SEPA POLE EMPLOI,,PRLV SEPA NBE:FRANCE TRAVAIL<br />LIB:COTISATIONS CHOMAGE T1,0,1233.32,2025-02-11
411005,VIR RECU SCI ROUSSEL ELECTRICITE,,,29797.19,0,2025-12-30
408000,FACTURE NON PARVENUE SARL SIMON,,,0,4513.98,2024-10-09
708000,VIR RECU SAS DIGITAL SERVICES,,VIR SEPA NPY:SAS DIGITAL SERVICES<br />LIB:PRODUITS ACTIVITES ANNEXES,4527.71,0,2025-11-27
512000,VIREMENT RECU SAS FAURE,,VIR SEPA NPY:SAS FAURE<br />LIB:VIREMENT RECU,26359.44,0,2024-10-27
401004,PRLV SEPA SAS GARCIA INDUSTRIE,,,0,2080.12,2024-12-31
645000,PRELEVEMENT SEPA URSSAF,REF314593,,0,14432.80,2025-08-06
627000,PRLV SEPA OVH SAS,,,0,50.00,2024-02-15
708000,VIR RECU SARL TRANSPORT EXPRESS,,,4500.00,0,2025-05-29
401001,VIREMENT SEPA EURL GAUTHIER LOGI,REF921686,,0,4838.18,2024-10-26
445710,VIR RECU DGFIP,,,1227.56,0,2025-04-22
408000,FACTURE NON PARVENUE SAS MOREAU,REF583874,,0,1514.35,2025-06-07
514000,REMISE CHQUE,,,700.00,0,2025-01-28
621000,PRELEVEMENT SEPA SARL BONNET,,,0,1631.25,2025-04-16
445660,PRELEVEMENT SEPA SARL BONNET,,,0,326.25,2025-04-16
757000,VIREMENT RECU SA GROUPE ALIMENTA,,,6378.79,0,2025-08-28
218000,CARTE SAS DUPONT,REF407142,,0,13333.33,2025-04-10
445620,CARTE SAS DUPONT,REF407142,,0,2666.67,2025-04-10
512000,VIR INTENE,REF695673,VIR INTERNE REF:FR53870361<br />LIB:VIREMENT DE COMPTE A COMPTE,0,47235.31,2024-01-25
512000,VIR RECU SAS FAURE,,,29106.89,0,2025-07-10
601100,CB MAIF,REF694423,CB MAIF FACT:FAC2024737<br />LIB:ACHAT FOURNITURES,0,602.48,2024-01-28
445660,CB MAIF,REF694423,CB MAIF FACT:FAC2024737<br />LIB:ACHAT FOURNITURES,0,120.50,2024-01-28
641000,VIREMENT SEPA SALAIRE NOVEMBRE,,,0,3000.00,2024-11-26
211000,VIR SEPA SARL MARTIN,,,0,111530.69,2025-07-25
706000,VIREMENT RECU EURL DESIGN STUDIO,,VIR SEPA NPY:EURL DESIGN STUDIO<br />LIB:PRESTATIONS SERVICES FAC2024970,6251.74,0,2025-01-23
511500,ENCAISSEMENT CB,,,2746.10,0,2024-12-05
627000,ENCAISSEMENT CB,,,0,27.46,2024-12-05
486000,CHARGE CONSTATEE AVANCE,,,0,2381.02,2025-12-25
419000,VIR RECU SA AERO COMPOSANTS,,,17892.66,0,2024-01-31
411001,VIR RECU SCI HENRY SECURITE,,VIR SEPA NPY:SCI HENRY SECURITE IBE:DE79571492966369656769 BIC:DEUTDEFF PDO:DE<br />LIB:REGLEMENT CLIENT FAC2024082,18083.97,0,2024-03-27
403000,VIR SA GROUPE LEGRAND,,,0,10038.74,2024-08-01
512000,VIR RECU SAS FAURE,REF732094,,28255.86,0,2024-03-27
631000,PRLV SEPA DGFIP,,PRLV SEPA NBE:DGFIP<br />LIB:TAXE APPRENTISSAGE 2024,0,3114.39,2024-09-25
437000,PRELEVEMENT SEPA POLE EMPLOI,,,0,3762.97,2025-04-09
514000,REMISE CHEQUE,,,2730.48,0,2024-01-04
651000,VIR SARL SIMON,,,0,3701.80,2025-12-02
445660,VIR SARL SIMON,,,0,740.36,2025-12-02
616000,PRLVT SEPA AXA ASSURANCES,,,0,1117.47,2024-09-16
625200,CB CABINET EXPERTISE COMPTABLE,,,0,268.18,2024-01-21
445660,CB CABINET EXPERTISE COMPTABLE,,,0,53.64,2024-01-21
668000,FRAIS FINANCIERS,,,0,500.00,2024-07-14
411002,VIREMENT RECU SA GARNIER TRANSPO,,,16000.41,0,2025-04-25
627000,PRLV SEPA OVH SAS,,,0,200.00,2025-02-25
411007,VIR RECU SARL GARCIA DSTRIBUTION,,,16112.39,0,2024-12-31
512000,FRAIS BANCAIRES,REF483172,,0,184.86,2025-08-20
641100,VIREMENT SEPA SALAIRE DECEMBRE,,,0,1650.00,2025-12-30
601100,CB EDF,,CB EDF<br />LIB:ACHAT MARCHANDISES,0,3333.33,2024-10-01
445660,CB EDF,,CB EDF<br />LIB:ACHAT MARCHANDISES,0,666.67,2024-10-01
606100,PRLV SEPA ALLIANZ,,,0,578.47,2025-02-09
445660,PRLV SEPA ALLIANZ,,,0,115.70,2025-02-09
641000,VIREMENT SEPA SALAIRE OCTOBRE,,,0,3920.77,2025-10-27
401001,PRLV SEPA EURL GAUTHIER LOGISTIQ,,,0,4096.35,2025-01-11
641000,VIR SEPA SALAIRE JUIN,,VIR SEPA<br />LIB:REMUNERATION JUIN,0,1800.00,2025-06-25
401002,VIR SARL FOURNIER BTP,,VIR SEPA REF:FR32494259 NPY:SARL FOURNIER BTP<br />LIB:COMMANDE FOURNITURES LCC:BON COMMANDE 611793,0,23443.62,2025-11-28
601100,CB SA GROUPE LEGRAND,,,0,1264.87,2025-12-05
445660,CB SA GROUPE LEGRAND,,,0,252.97,2025-12-05
625100,PAIEMENT CB SARL GAUTIER,,,0,893.82,2024-02-26
445660,PAIEMENT CB SARL GAUTIER,,,0,178.76,2024-02-26
621000,PRELEVEMENT SEPA EURL BERNARD,,PRLV SEPA NBE:EURL BERNARD<br />LIB:PERSONNEL INTERIMAIRE,0,7489.03,2024-03-26
445660,PRELEVEMENT SEPA EURL BERNARD,,PRLV SEPA NBE:EURL BERNARD<br />LIB:PERSONNEL INTERIMAIRE,0,1497.81,2024-03-26
708000,VIR RECU SARL TRANSPORT EXPRESS,REF969728,VIR SEPA NPY:SARL TRANSPORT EXPRESS<br />LIB:PRODUITS ACTIVITES ANNEXES,4510.49,0,2024-04-27
416000,VIR RECU SARL COMMERCE DU SUD,,,3176.41,0,2024-10-02
401001,VIREMENT SEPA EURL GAUTHIER LOGI,,,0,9000.00,2024-01-25
614000,PRLV SEPA SA GROUPE LEGRAND,,,0,1541.34,2024-11-09
445660,PRLV SEPA SA GROUPE LEGRAND,,,0,308.27,2024-11-09
627000,PRLV SEPA SFR,,,0,50.38,2024-08-18
601100,PRELEVEMENT SEPA SA GROUPE LEGRA,,PRLV SEPA NBE:SA GROUPE LEGRAND<br />LIB:COMMANDE FAC2024714,0,5357.45,2025-08-12
445660,PRELEVEMENT SEPA SA GROUPE LEGRA,,PRLV SEPA NBE:SA GROUPE LEGRAND<br />LIB:COMMANDE FAC2024714,0,1071.49,2025-08-12
758000,VIR RECU SAS TECHNOLOGY PLUS,,,1730.28,0,2025-05-29
401004,PRLV SEPA SAS GARCIA INDUSTRIE,,PRLV SEPA CPY:FR56854111 RUM:FR56854111 NBE:SAS GARCIA INDUSTRIE<br />LIB:REGLEMENT FACTURE,0,13650.00,2025-09-09
512000,FRAIS BANCAIRES,,,0,150.00,2025-05-30
635000,PRELEVEMENT SEPA DGFIP,,,0,1217.67,2024-08-10
580000,VIR INTERNE,,,0,13500.00,2024-02-27
401002,VIR SEPA SARL FOURNIER BTP,,VIR SEPA REF:FR24415431 NPY:SARL FOURNIER BTP<br />LIB:COMMANDE FOURNITURES LCC:BON COMMANDE 781203,0,23621.65,2024-11-05
758700,VIREMENT RECU MACIF,,VIR SEPA NPY:MACIF<br />LIB:INDEMNITE SINISTRE FR67832873,14000.00,0,2025-12-29
512000,FRAIS BANCAIRES,,,0,81.95,2025-02-12
205000,VIR SEPA SA LEFEVRE,,VIR SEPA NPY:SA LEFEVRE<br />LIB:LOGICIEL FAC2024837,0,5575.50,2025-12-22
401001,PRLV SEPA EURL GAUTHIER LOGISTIQ,REF634448,,0,7890.45,2025-12-29
623000,CB SAS DUPONT,,CB SAS DUPONT<br />LIB:PUBLICITE ANNONCES,0,3934.91,2024-07-09
445660,CB SAS DUPONT,,CB SAS DUPONT<br />LIB:PUBLICITE ANNONCES,0,786.98,2024-07-09
401004,VIR SEPA SAS GARCIA INDUSTRIE,REF992627,,0,8160.85,2025-01-29
668000,FRAIS FINANCIERS,,,0,27.14,2025-06-30
601100,CB SA PICARD,,CB SA PICARD<br />LIB:ACHAT MARCHANDISES,0,152.72,2025-08-13
445660,CB SA PICARD,,CB SA PICARD<br />LIB:ACHAT MARCHANDISES,0,30.54,2025-08-13
661000,INTERETS EMPRUNT,REF469925,,0,1292.12,2024-10-26
706000,VIR RECU EURL ARTISAN BOIS,,VIR SEPA NPY:EURL ARTISAN BOIS<br />LIB:HONORAIRES FEVRIER,5772.84,0,2024-02-05
625200,CARTE EURL BERNARD,,,0,587.91,2025-02-26
445660,CARTE EURL BERNARD,,,0,117.58,2025-02-26
602000,CB SS MOREAU,REF496955,,0,11242.55,2024-03-29
445660,CB SS MOREAU,REF496955,,0,2248.51,2024-03-29
626100,PRLV SEPA SA LEFEVRE,,,0,36.42,2024-06-06
445660,PRLV SEPA SA LEFEVRE,,,0,7.28,2024-06-06
706000,VIREMENT RECU SA INDUSTRIE NORD,,,4076.12,0,2025-04-29
635000,PRLV SEPA DGFIP,,,0,489.58,2025-11-30
411008,VIREMENT RECU SCI PETIT ELECTRIC,,,8615.58,0,2024-04-13
530000,RETRAIT CAISSE,REF393677,,0,822.94,2025-10-31
401001,VIR SEPA EURL GAUTHIER LOGISTIQU,,,0,5791.27,2024-12-31
401001,PRELEVEMENT SEPA EURL GAUTHIER L,,PRLV SEPA CPY:FR15623060 NBE:EURL GAUTHIER LOGISTIQUE<br />LIB:FACTURE FAC2024910,0,6814.34,2024-10-23
606100,CB SA FOURNIER,,,0,223.00,2025-11-30
445660,CB SA FOURNIER,,,0,44.60,2025-11-30
411005,VIR RECU SCI ROUSSEL ELECTRICITE,REF824583,VIR SEPA NPY:SCI ROUSSEL ELECTRICITE IBE:DE59148090265642462589 BIC:DEUTDEFF PDO:DE<br />LIB:REGLEMENT CLIENT FAC2025687,20579.88,0,2024-08-04
621000,PRELEVEMENT SEPA EURL BERNARD,,PRLV SEPA NBE:EURL BERNARD<br />LIB:PERSONNEL INTERIMAIRE,0,2907.38,2024-05-24
445660,PRELEVEMENT SEPA EURL BERNARD,,PRLV SEPA NBE:EURL BERNARD<br />LIB:PERSONNEL INTERIMAIRE,0,581.48,2024-05-24
613200,PRLVT SEPA EURL MERCIER,,,0,3312.24,2024-09-05
445660,PRLVT SEPA EURL MERCIER,,,0,662.45,2024-09-05
602000,CB SA LEFEVRE,,,0,3935.43,2024-02-27
445660,CB SA LEFEVRE,,,0,787.09,2024-02-27
512000,FRAIS BANCAIRES,,,0,170.47,2024-08-31
611000,PRELEVEMENT SEPA SARL BONNET,,PRLV SEPA NBE:SARL BONNET<br />LIB:SOUS-TRAITANCE,0,9698.47,2024-10-11
445660,PRELEVEMENT SEPA SARL BONNET,,PRLV SEPA NBE:SARL BONNET<br />LIB:SOUS-TRAITANCE,0,1939.70,2024-10-11
641000,VIR SEPA SALAIRE OCTOBRE,,,0,3712.79,2025-10-31
401005,PRLV SEPA SCI GUERIN IMPRIMERIE,,PRLV SEPA CPY:FR90322228 NBE:SCI GUERIN IMPRIMERIE<br />LIB:FACTURE FAC2025862,0,4705.26,2025-12-01
701000,VIREMENT RECU SAS TECHNOLOGY PLU,,,207.18,0,2025-05-19
411005,VIREMENT RECU SCI ROUSSEL ELECTR,REF606787,VIR SEPA NPY:SCI ROUSSEL ELECTRICITE IBE:DE59148090265642462589 BIC:DEUTDEFF PDO:DE<br />LIB:REGLEMENT CLIENT FAC2025946,2829.66,0,2024-01-19
611000,PRLVT SEPA SARL BONNET,,PRLV SEPA NBE:SARL BONNET<br />LIB:SOUS-TRAITANCE,0,13350.00,2024-07-31
445660,PRLVT SEPA SARL BONNET,,PRLV SEPA NBE:SARL BONNET<br />LIB:SOUS-TRAITANCE,0,2670.00,2024-07-31
626000,PRLV SEPA LA POSTE,,,0,104.75,2024-02-29
445710,VIR SEPA DGFIP TVA,,,0,1200.00,2024-01-23
403000,VIR SEPA SCI ROUX,,,0,17930.60,2024-10-28
512000,VIR INTERNE,REF648379,VIR INTERNE REF:FR78408689<br />LIB:VIREMENT DE COMPTE A COMPTE,0,9213.56,2024-05-24
601100,CB SA GROUPE LEGRAND,,CB SA GROUPE LEGRAND FACT:FAC2025700<br />LIB:ACHAT FOURNITURES,0,1642.53,2024-10-28
445660,CB SA GROUPE LEGRAND,,CB SA GROUPE LEGRAND FACT:FAC2025700<br />LIB:ACHAT FOURNITURES,0,328.51,2024-10-28
631000,PRLV SEPA DGFIP,,,0,2800.00,2025-07-02
512000,REMISE CHEQUE,,,5229.92,0,2025-10-29
621000,PRELEVEMENT SEPA SAS DUPONT,,PRLV SEPA NBE:SAS DUPONT<br />LIB:PERSONNEL INTERIMAIRE,0,1294.67,2025-11-28
445660,PRELEVEMENT SEPA SAS DUPONT,,PRLV SEPA NBE:SAS DUPONT<br />LIB:PERSONNEL INTERIMAIRE,0,258.94,2025-11-28
611000,PRLVT SEPA SARL ONNET,,PRLV SEPA NBE:SARL BONNET<br />LIB:SOUS-TRAITANCE,0,3836.92,2024-06-28
445660,PRLVT SEPA SARL ONNET,,PRLV SEPA NBE:SARL BONNET<br />LIB:SOUS-TRAITANCE,0,767.39,2024-06-28
707000,VIREMENT RECU SAS TECHNOLOGY PLU,,,4421.54,0,2025-05-26
213100,VIR SEPA SARL MARTIN,,,0,112000.00,2025-05-02
641000,VIR SEPA SALAIRE AOUT,,VIR SEPA<br />LIB:REMUNERATION AOUT,0,2741.44,2024-08-29
641000,VIREMENT SEPA SALAIRE AOUT,REF387748,,0,3286.73,2024-08-26
401001,VIREMENT SEPA EURL GAUTHIER LOGI,REF613716,VIR SEPA REF:FR69544633 NPY:EURL GAUTHIER LOGISTIQUE<br />LIB:FACTURE FOURNISSEUR FAC2024889 LC2:ECHEANCE FEVRIER,0,2897.09,2024-02-27
403000,VIREMENT SEPA SA GROUPE LEGRAND,,,0,1344.54,2025-09-13
445510,VIR DGFIP TVA,,,0,2148.57,2025-07-24
621000,PRLV SEPA SARL BONNET,,PRLV SEPA NBE:SARL BONNET<br />LIB:PERSONNEL INTERIMAIRE,0,6675.94,2025-02-06
445660,PRLV SEPA SARL BONNET,,PRLV SEPA NBE:SARL BONNET<br />LIB:PERSONNEL INTERIMAIRE,0,1335.19,2025-02-06
411001,VIR RECU SCI HENRY SECURITE,,,13500.00,0,2025-05-04
411001,VIREMENT RECU SCI HENRY SECURITE,,VIR SEPA NPY:SCI HENRY SECURITE IBE:DE79571492966369656769 BIC:DEUTDEFF PDO:DE<br />LIB:REGLEMENT CLIENT FAC2025249,10257.46,0,2024-10-19
626000,PRLV SEPA LA OSTE,,,0,200.00,2024-12-18
741000,VIR RECU SUBVENTION,,,36041.01,0,2025-10-26
512000,VIR RECU SARL PETIT,,,13691.24,0,2024-01-22
641000,VIREMENT SEPA SALAIRE MARS,,,0,3554.30,2024-03-28
613200,PRLV SEPA EURL MERCIER,,,0,2476.84,2025-09-01
445660,PRLV SEPA EURL MERCIER,,,0,495.37,2025-09-01
401002,VIR SARL FOURNIER BTP,,,0,800.00,2025-05-06
401004,VIR SEPA SAS GARCIA INDUSTRIE,,,0,2953.48,2024-02-16
401003,VIR SEPA SARL GIRARD SECURITE,,VIR SEPA REF:FR40930788 NPY:SARL GIRARD SECURITE<br />LIB:ACOMPTE FOURNISSEUR,0,17566.91,2025-04-26
646000,PRLV SEPA POLE EMPLOI,,,0,1035.89,2024-08-07
701000,VIR RECU SA GROUPE ALIMENTAIRE,,,14400.00,0,2025-02-28
601100,CARTE EDF,,,0,1228.26,2025-07-04
445660,CARTE EDF,,,0,245.65,2025-07-04
421000,VIR SEPA SALAIRE AOUT,,VIR SEPA<br />LIB:SALAIRE AOUT 2024,0,1300.00,2024-08-31
704000,VIREMENT RECU SAS ECO ENERGIE,,,12000.00,0,2025-05-28
606100,PRLVT SEPA MACIF,REF293807,,0,529.31,2024-08-30
445660,PRLVT SEPA MACIF,REF293807,,0,105.86,2024-08-30
471000,OPERATION ATTENTE,,,0,2409.83,2024-05-15
421000,VIR SEPA SALAIRE MARS,,,0,3950.13,2025-03-30
411006,VIR RECU SARL LEFEVRE CONSEIL,,VIR SEPA NPY:SARL LEFEVRE CONSEIL IBE:FR9254472416792007230350052 BIC:BNPAFRPP PDO:FR<br />LIB:REGLEMENT CLIENT FAC2024030,5104.56,0,2024-01-12
625100,CB SARL GAUTIER,,CB SARL GAUTIER<br />LIB:DEPLACEMENT MISSION,0,643.45,2024-04-19
445660,CB SARL GAUTIER,,CB SARL GAUTIER<br />LIB:DEPLACEMENT MISSION,0,128.69,2024-04-19
512000,FRAIS BANCAIRES,,,0,111.65,2025-07-30
706000,VIR RECU EURL DESIGN STUDIO,REF784096,VIR SEPA NPY:EURL DESIGN STUDIO<br />LIB:PRESTATIONS SERVICES FAC2025467,18699.51,0,2025-01-27
641100,VIR SALAIRE AOUT,,,0,2093.85,2024-08-29
713000,VIR RECU SAS TECHNOLOGY PLUS,REF883631,,3096.12,0,2025-05-25
411002,VIREMENT RECU SA GARNIER TRANSPO,,VIR SEPA NPY:SA GARNIER TRANSPORTS IBE:BE48861929000308 BIC:GEBABEBB PDO:BE RCN:FAC2024954<br />LIB:REGLEMENT FACTURE FAC2024954,23622.58,0,2024-02-15
641100,VIR SEPA SALAIRE MARS,,,0,2511.68,2024-03-26
704000,VIR RECU SA CHIMIE FRANCE,,VIR SEPA NPY:SA CHIMIE FRANCE<br />LIB:TRAVAUX FAC2024718,45910.00,0,2025-11-17
401001,VIR SEPA EURL GAUTHIER LOGISTIQU,,,0,16238.92,2025-09-30
401005,VIREMENT SEPA SCI GUERIN IMPRIME,,VIR SEPA REF:FR30799738 NPY:SCI GUERIN IMPRIMERIE<br />LIB:COMMANDE FOURNITURES LCC:BON COMMANDE 606037,0,3877.13,2025-09-26
512100,VIR INTERNE,,,0,43309.09,2025-10-30
771000,VIR RECU EURL ARTISAN BOIS,,,16526.18,0,2024-01-17
626100,PRLV SEPA SA FOURNIER,REF110026,PRLV SEPA NBE:SA FOURNIER<br />LIB:FRAIS TELEPHONIQUES,0,159.56,2024-03-14
445660,PRLV SEPA SA FOURNIER,REF110026,PRLV SEPA NBE:SA FOURNIER<br />LIB:FRAIS TELEPHONIQUES,0,31.91,2024-03-14
401005,PRLV SEPA SCI GUERIN IMPRIMERIE,,,0,8000.00,2024-12-28
401001,VIR SEPA EURL GAUTHIER LOGISTIQU,REF490119,,0,3734.48,2024-09-17
408000,FACTURE NON PARVENUE SAS MOREAU,,,0,952.18,2025-12-25
411004,VIR RECU SA NOEL IMPRIMERIE,REF932828,VIR SEPA NPY:SA NOEL IMPRIMERIE IBE:FR8129201921818324290922311 BIC:SOGEFRPP PDO:FR RCN:FAC2024029<br />LIB:REGLEMENT FACTURE FAC2024029,48300.00,0,2024-11-21
627000,PRLV SEPA OVH SAS,,PRLV SEPA NBE:OVH SAS<br />LIB:HEBERGEMENT SERVEUR,0,50.00,2024-04-26
411001,VIR RECU SCI HENRY SECURITE,,VIR SEPA NPY:SCI HENRY SECURITE IBE:DE79571492966369656769 BIC:DEUTDEFF PDO:DE<br />LIB:REGLEMENT CLIENT FAC2024637,4468.68,0,2024-12-29
401001,PRLV SEPA EURL GAUTHIER LOGISTIQ,,PRLV SEPA NBE:EURL GAUTHIER LOGISTIQUE<br />LIB:REGLEMENT ACHAT,0,3278.34,2024-08-30
641100,VIR SALAIRE DECEMBRE,,VIR SEPA<br />LIB:REMUNERATION DECEMBRE,0,1985.75,2025-12-25
431000,PRELEVEMENT SEPA URSAF,,,0,21646.12,2025-01-15
601100,PRLV SEPA SA FOURNIER,,,0,5540.22,2025-10-26
445660,PRLV SEPA SA FOURNIER,,,0,1108.05,2025-10-26
421000,VIR SEPA SALAIRE AVRIL,,,0,3009.07,2024-04-25
641000,VIR SALAIRE AOUT,,VIR SEPA<br />LIB:SALAIRE AOUT 2025,0,4828.78,2025-08-26
411005,VIREMENT RECU SCI ROUSSEL EECTRI,REF675395,,10238.75,0,2024-04-30
411001,VIR RECU SCI HENRY SECURITE,,,38060.93,0,2024-12-23
512000,VIR INTERNE,,VIR INTERNE REF:FR71673933<br />LIB:VIREMENT DE COMPTE A COMPTE,0,23126.52,2024-03-11
401001,VIR SEPA EURL GAUTHIER LOGISTIQU,,,0,20729.08,2024-08-09
637000,PRLV SEPA DGFIP,,,0,931.36,2025-04-23
704000,VIR RECU SAS CONSEIL RH,,,22874.36,0,2025-07-26
625100,PAIEMENT CB MAIF,,,0,704.57,2025-08-26
445660,PAIEMENT CB MAIF,,,0,140.91,2025-08-26
707000,VIREMENT RECU SAS DIGITAL SERVIC,REF297431,,620.88,0,2025-01-31
707000,VIR RECU SA CHIMIE FRANCE,REF932517,VIR SEPA NPY:SA CHIMIE FRANCE<br />LIB:VENTE MARCHANDISES FAC2024919,12000.00,0,2024-06-23
641000,VIR SEPA SALAIRE MAI,,,0,1800.00,2024-05-27
621000,PRLV SEPA EURL BERNARD,,,0,1250.00,2024-05-15
445660,PRLV SEPA EURL BERNARD,,,0,250.00,2024-05-15
671000,VIR SAS LAMBERT,,VIR SEPA NPY:SAS LAMBERT<br />LIB:CHARGE EXCEPTIONNELLE,0,6087.76,2024-08-15
511500,ENCAISSEMENT CB,,REMISE CB DU 070325<br />LIB:ENCAISSEMENT CARTE,1347.57,0,2025-03-07
627000,ENCAISSEMENT CB,,REMISE CB DU 070325<br />LIB:ENCAISSEMENT CARTE,0,13.48,2025-03-07
275000,VIR SEPA SARL BONNET,,,0,6521.56,2024-01-22
411001,VIR RECU SCI HENRY SECURITE,,,27024.45,0,2024-05-24
411001,VIR RECU SCI HENRY SECURITE,,,2999.89,0,2024-10-28
606100,PAIEMENT CB MACIF,,CB MACIF<br />LIB:FOURNITURES NON STOCKABLES,0,293.99,2025-08-25
445660,PAIEMENT CB MACIF,,CB MACIF<br />LIB:FOURNITURES NON STOCKABLES,0,58.80,2025-08-25
615000,PRLV SEPA SA LEFEVRE,,,0,571.01,2025-08-13
445660,PRLV SEPA SA LEFEVRE,,,0,114.20,2025-08-13
631000,PRLV SEPA DGFIP,,,0,1660.32,2025-08-09
613200,PRLV SEPA SARL ANDRE,REF637022,,0,2134.82,2024-11-01
445660,PRLV SEPA SARL ANDRE,REF637022,,0,426.97,2024-11-01
606100,CARTE SAS MOREAU,,,0,338.43,2024-02-26
445660,CARTE SAS MOREAU,,,0,67.69,2024-02-26
641000,VIR SALAIRE JANVIER,,,0,5000.00,2024-01-30
621000,PRLV SEPA EURL BERNARD,,,0,875.00,2025-10-16
445660,PRLV SEPA EURL BERNARD,,,0,175.00,2025-10-16
601100,PRLV SEPA EDF,,,0,5486.02,2025-09-30
445660,PRLV SEPA EDF,,,0,1097.21,2025-09-30
641000,VIR SEPA SALAIRE JUIN,,,0,1978.47,2025-06-28
401002,PRLVSEPA SARL FOURNIER BTP,,,0,6281.79,2024-01-05
612000,PRELEVEMENT SEPA SAS LAMBERT,,,0,3149.62,2024-04-04
445660,PRELEVEMENT SEPA SAS LAMBERT,,,0,629.93,2024-04-04
211000,VIR SEPA SARL GAUTIER,,VIR SEPA NPY:SARL GAUTIER<br />LIB:TERRAIN,0,62188.68,2024-11-30
658000,VIR SEPA SAS MOREAU,REF603098,,0,1473.42,2025-04-14
601100,PRLVT SEPA SA GROUPE LEGRAND,,,0,1163.07,2024-12-10
445660,PRLVT SEPA SA GROUPE LEGRAND,,,0,232.61,2024-12-10
401002,PRLV SEPA SARL FOURNIER BTP,,,0,3000.00,2024-12-26
404000,VIR SEPA SA FOURNIER,,VIR SEPA NPY:SA FOURNIER<br />LIB:ACHAT IMMOBILISATION,0,16124.47,2024-05-31
621000,PRLV SEPA SARL BONNET,,,0,3102.36,2024-01-09
445660,PRLV SEPA SARL BONNET,,,0,620.47,2024-01-09
621000,PRLV SEPA SAS DUPONT,,,0,5833.33,2025-08-31
445660,PRLV SEPA SAS DUPONT,,,0,1166.67,2025-08-31
486000,CHARGE CONSTATEE AVANCE,,,0,4317.51,2024-12-31
512000,FRAIS BANCAIRES,REF468893,,0,110.47,2025-07-25
641000,VIR SALAIRE DECEMBRE,,,0,4500.00,2025-12-28
641100,VIR SEPA SALAIRE JUILLET,,,0,2848.49,2025-07-25
781000,REPRISE AMORTISSEMENT,,,8500.00,0,2024-12-26
411001,VIR RECU SCI HENRY SECURITE,,,18082.07,0,2024-01-29
411003,VIR RECU SARL GIRARD BTP,,,3528.50,0,2025-03-27
606100,PRLVT SEPA CABINET EXPERTISE COM,,,0,383.37,2025-01-04
445660,PRLVT SEPA CABINET EXPERTISE COM,,,0,76.67,2025-01-04
641000,VIR SEPA SALAIRE JANVIER,,,0,4854.14,2025-01-31
401002,VIR SEPA SARL FOURNIER BTP,,,0,8870.71,2025-08-04
601100,PRLVT SEPA SA GROUPE LEGRAND,,,0,3359.48,2024-03-31
445660,PRLVT SEPA SA GROUPE LEGRAND,,,0,671.90,2024-03-31
641000,VIR SEPA SALAIRE JANVIER,,VIR SEPA<br />LIB:REMUNERATION JANVIER,0,3422.89,2024-01-27
625100,CARTE EURL BERNARD,,,0,250.00,2025-02-23
445660,CARTE EURL BERNARD,,,0,50.00,2025-02-23
606100,PRLV SEPA SA FOURNIER,,,0,566.95,2025-05-30
445660,PRLV SEPA SA FOURNIER,,,0,113.39,2025-05-30
606100,PRELEEMENT SEPA SA FOURNIER,,,0,570.76,2025-11-14
445660,PRELEEMENT SEPA SA FOURNIER,,,0,114.15,2025-11-14
615000,PRLVT SEPA SARL ANDRE,,PRLV SEPA NBE:SARL ANDRE<br />LIB:ENTRETIEN REPARATIONS,0,840.90,2025-09-09
445660,PRLVT SEPA SARL ANDRE,,PRLV SEPA NBE:SARL ANDRE<br />LIB:ENTRETIEN REPARATIONS,0,168.18,2025-09-09
635000,PRELEVEMENT SEPA DGFIP,REF219015,,0,4000.00,2025-07-31
401008,PRELEVEMENT EPA SAS BLANC SECURI,,,0,2599.75,2025-10-26
713000,VIR RECU SARL MODE TEXTILE,,,2700.00,0,2025-01-21
641100,VIR SEPA SALAIRE MARS,,,0,2488.98,2024-03-31
511500,ENCAISSEMENT CB,,REMISE CB DU 040325<br />LIB:ENCAISSEMENT CARTE,620.00,0,2025-03-04
627000,ENCAISSEMENT CB,,REMISE CB DU 040325<br />LIB:ENCAISSEMENT CARTE,0,6.20,2025-03-04
707000,VIR RECU SAS AGENCE MEDIA,,VIR SEPA NPY:SAS AGENCE MEDIA<br />LIB:VENTE MARCHANDISES FAC2025808,256.12,0,2025-02-01
601100,PRLV SEPA SA GROUPE LEGRAND,,,0,946.94,2024-07-30
445660,PRLV SEPA SA GROUPE LEGRAND,,,0,189.39,2024-07-30
514000,REMISE CHEQUE,,REMISE CHQ N 437486<br />LIB:ENCAISSEMENT CHEQUE,201.90,0,2024-02-26
625100,CB EURL BERNARD,REF521312,CB EURL BERNARD<br />LIB:DEPLACEMENT MISSION,0,41.67,2025-06-29
445660,CB EURL BERNARD,REF521312,CB EURL BERNARD<br />LIB:DEPLACEMENT MISSION,0,8.33,2025-06-29
621000,PRLV SEPA EURL BERNARD,,,0,7700.82,2025-12-05
445660,PRLV SEPA EURL BERNARD,,,0,1540.16,2025-12-05
635000,PRLV SEPA DGFIP,,,0,2232.27,2024-02-29
606100,CB SA FOURNIER,,,0,209.50,2025-02-05
445660,CB SA FOURNIER,,,0,41.90,2025-02-05
606100,CB MACIF,REF800599,CB MACIF<br />LIB:FOURNITURES NON STOCKABLES,0,371.26,2025-12-28
445660,CB MACIF,REF800599,CB MACIF<br />LIB:FOURNITURES NON STOCKABLES,0,74.25,2025-12-28
401008,VIR SEPA SAS BLANC SECURITE,,,0,14850.00,2024-03-19
408000,FACTURE NON PARVENUE SAS MOREAU,,FACTURE NON PARVENUE NBE:SAS MOREAU<br />LIB:AVOIR A RECEVOIR,0,3718.89,2025-05-26
401003,PRLV SEPA SARL GIRARD SECURITE,,,0,2733.61,2025-06-15
411008,VIR RECU SCI PETIT ELECTRICITE,,,42180.00,0,2025-09-25
708000,VIR RECU SARL COMMERCE DU SUD,,,1154.12,0,2025-02-28
601100,CB SA GROUPE LEGRAND,,,0,593.22,2024-01-28
445660,CB SA GROUPE LEGRAND,,,0,118.64,2024-01-28
437000,PRELEVEMENT SEPA POLE EMPLOI,,,0,2798.21,2025-12-08
486000,CHARGE CONSTATEE AVANCE,,LIB:CHARGE CONSTATEE D AVANCE DECEMBRE 2025,0,1012.90,2025-12-21
401007,VIR SEPA SAS MASSON CONSEIL,REF209908,,0,6264.85,2024-06-29
411007,VIREMENT RECU SARL GARCIA DISTRI,,VIR SEPA NPY:SARL GARCIA DISTRIBUTION IBE:FR6177233592743758002949141 BIC:CCBPFRPP PDO:FR RCN:FAC2024026<br />LIB:REGLEMENT FACTURE FAC2024026,17100.00,0,2024-08-21
706000,VIREMENT RECU SAS DIGITAL SERVIC,,,7254.03,0,2024-05-05
631000,PRLV SEPA DGFIP,,,0,2650.00,2024-02-29
606100,CARTE SA FOURNIER,REF805664,,0,370.60,2024-11-30
445660,CARTE SA FOURNIER,REF805664,,0,74.12,2024-11-30
628000,CB SARL CONSULTANT RH,,,0,86.88,2024-12-20
445710,VIR RECU DGFIP,REF119780,,9949.46,0,2025-01-22
512000,VIR INTERNE,,VIR INTERNE REF:FR78036333<br />LIB:VIREMENT DE COMPTE A COMPTE,0,30563.96,2024-06-02
635000,PRLV SEPA DFIP,,PRLV SEPA NBE:DGFIP<br />LIB:AUTRES IMPOTS 2025,0,1109.29,2025-10-05
625100,CARTE SARL GAUTIER,,,0,188.12,2024-03-21
445660,CARTE SARL GAUTIER,,,0,37.62,2024-03-21
631000,PRLVT SEPA DGFIP,,,0,2500.00,2025-09-21
641000,VIREMENT SEPA SALAIRE AVRIL,,VIR SEPA<br />LIB:SALAIRE AVRIL 2024,0,4000.00,2024-04-28
601100,PRLVT SEPA MAIF,,PRLV SEPA NBE:MAIF<br />LIB:COMMANDE FAC2024504,0,1666.67,2025-01-28
445660,PRLVT SEPA MAIF,,PRLV SEPA NBE:MAIF<br />LIB:COMMANDE FAC2024504,0,333.33,2025-01-28
431000,PRLV SEPA URSSAF,,,0,14128.63,2025-01-06
401001,VIR SEPA EURL GAUTHIER LOGISTIQU,REF707403,,0,1000.00,2025-08-11
421000,VIREMENT SEPA SALAIRE JANVIER,,VIR SEPA<br />LIB:SALAIRE JANVIER 2024,0,4659.30,2024-01-31
613200,PRLVT SEPA SA FOURNIER,,,0,3710.47,2024-11-04
445660,PRLVT SEPA SA FOURNIER,,,0,742.09,2024-11-04
512000,REMISE CHEQUE,,,16395.82,0,2025-04-08
601100,PAIEMENT CB MAIF,,CB MAIF<br />LIB:ACHAT MARCHANDISES,0,2916.67,2025-09-27
445660,PAIEMENT CB MAIF,,CB MAIF<br />LIB:ACHAT MARCHANDISES,0,583.33,2025-09-27
601100,PRLV SEPA EDF,,PRLV SEPA NBE:EDF<br />LIB:COMMANDE FAC2024244,0,2932.16,2024-11-11
445660,PRLV SEPA EDF,,PRLV SEPA NBE:EDF<br />LIB:COMMANDE FAC2024244,0,586.43,2024-11-11
635000,PRLV SEPA DGFIP,,,0,3200.00,2024-11-25
641100,VIR SEPA SALAIRE JANVIER,,,0,3469.02,2025-01-26
401001,VIREMENT SEPA EURL GAUTHIER LOGI,,,0,8233.39,2024-04-20
641000,VIR SEPA SALAIRE JANVIER,REF165214,VIR SEPA<br />LIB:SALAIRE JANVIER 2025,0,3018.86,2025-01-27
707000,VIR RECU SAS TECHNOLOGY PLUS,,,20708.60,0,2024-04-05
261000,VIR SEPA SARL ANDRE,,,0,72305.39,2025-05-17
631000,PRLV SEPA DGFIP,,,0,2666.49,2025-12-20
613200,PRELEVEMENT SEPA EURL BERNARD,,,0,3308.62,2025-06-02
445660,PRELEVEMENT SEPA EURL BERNARD,,,0,661.73,2025-06-02
512000,FRAIS BANCAIRES,,,0,83.41,2024-04-30
205000,VIR SEPA SA LEFEVRE,,,0,26000.00,2024-02-25
471000,OPERATION ATTENTE,,LIB:OPERATION EN ATTENTE REF:FR24700338,0,4537.94,2025-11-18
661000,AGIOS BANCAIRES,,,0,500.00,2025-05-18
626100,PRLV SEPA SARL BONNET,,,0,47.49,2024-01-22
445660,PRLV SEPA SARL BONNET,,,0,9.50,2024-01-22
401001,VIR SEPA EURL GAUTHIER LOGISTIQU,,,0,1166.71,2024-05-26
635000,PRLV SEPA DGFIP,,PRLV SEPA NBE:DGFIP<br />LIB:AUTRES IMPOTS 2024,0,2411.10,2024-09-20
606100,CB SAS MOREAU,,,0,106.07,2025-05-24
445660,CB SAS MOREAU,,,0,21.22,2025-05-24
623000,CB ENGIE,,,0,2083.33,2025-09-07
445660,CB ENGIE,,,0,416.67,2025-09-07
707000,VIR RECU SA GROUPE LEGRAND,,VIR SEPA NPY:SA GROUPE LEGRAND<br />LIB:VENTE MARCHANDISES FAC2024320,2640.35,0,2024-10-27
606100,PRLV SEPA SA FOURNIER,,,0,261.62,2024-09-14
445660,PRLV SEPA SA FOURNIER,,,0,52.32,2024-09-14
631000,PRELEVEMENT SEPA DGFIP,REF470054,,0,1893.67,2025-02-28
401001,VIR EURL GAUTHIER LOGISTIQUE,REF651298,,0,2249.55,2024-04-16
707000,VIR RECU SAS TECHNOLOGY PLUS,,,1137.57,0,2024-12-28
661000,AGIOS BANCAIRES,,,0,500.00,2025-02-05
580000,VIR INTERNE,,,0,19312.36,2024-10-02
613200,PRLV SEPA EUL BERNARD,,,0,1916.67,2024-08-05
445660,PRLV SEPA EUL BERNARD,,,0,383.33,2024-08-05
645000,PRLV SEPA URSSAF,,,0,6268.48,2025-11-15
401002,PRLVT SEPA SARL FOURNIER BTP,REF596936,,0,7655.29,2025-09-03
401002,PRLVT SEPA SARL FOURNIER BTP,REF178065,,0,4213.87,2025-07-25
601100,CB SA GROUPE LEGRAND,,CB SA GROUPE LEGRAND<br />LIB:ACHAT MARCHANDISES,0,4135.27,2025-05-26
445660,CB SA GROUPE LEGRAND,,CB SA GROUPE LEGRAND<br />LIB:ACHAT MARCHANDISES,0,827.06,2025-05-26
601100,PRLV SEPA SA GROUPE LEGRAND,,,0,2696.62,2024-04-26
445660,PRLV SEPA SA GROUPE LEGRAND,,,0,539.32,2024-04-26
606100,PRLV SEPA SA FOURNIER,REF530687,,0,273.57,2024-06-29
445660,PRLV SEPA SA FOURNIER,REF530687,,0,54.72,2024-06-29
601100,CB MAIF,,CB MAIF FACT:FAC2025469<br />LIB:ACHAT FOURNITURES,0,402.54,2024-02-29
445660,CB MAIF,,CB MAIF FACT:FAC2025469<br />LIB:ACHAT FOURNITURES,0,80.51,2024-02-29
645000,PRLV SEPA URSSAF,,PRLV SEPA NBE:URSSAF<br />LIB:COTISATIONS PATRONALES T3 2024,0,9819.09,2024-08-09
611000,PRELEVEMENT SEPA SARL BONNET,,,0,7500.00,2025-08-21
445660,PRELEVEMENT SEPA SARL BONNET,,,0,1500.00,2025-08-21
486000,CHARGE CONSTATEE AVANCE,,LIB:CHARGE CONSTATEE D AVANCE DECEMBRE 2024,0,5000.00,2024-12-28
401002,VIREMENT SEPA SARL FOURNIER BTP,,,0,9537.25,2024-12-12
625100,CARTE SARL GAUTIER,,,0,144.17,2024-09-28
445660,CARTE SARL GAUTIER,,,0,28.84,2024-09-28
604000,PAIEMENT CB SARL CONSULTANT RH,,,0,2083.33,2025-10-18
445660,PAIEMENT CB SARL CONSULTANT RH,,,0,416.67,2025-10-18
164000,PRLV SEPA ECHEANCE EMPRUNT,REF160043,,0,1080.00,2024-05-01
661100,PRLV SEPA ECHEANCE EMPRUNT,REF160043,,0,243.00,2024-05-01
616000,PRLV SEPA ECHEANCE EMPRUNT,REF160043,,0,27.00,2024-05-01
411001,VIREMENT RECU SCI HENRY SECURITE,,,9584.05,0,2024-07-25
701000,VIR RECU SAS AGENCE MEDIA,,,1513.96,0,2025-08-27
213100,VIR SARL MARTIN,,VIR SEPA NPY:SARL MARTIN<br />LIB:CONSTRUCTION,0,82590.60,2024-03-21
635000,PRELEVEMENT SEPA DGFIP,,,0,3106.41,2025-08-07
606100,PRELEVEMENT SEPA CABINET EXPERTI,,PRLV SEPA NBE:CABINET EXPERTISE COMPTABLE<br />LIB:EAU ELECTRICITE,0,170.10,2024-08-26
445660,PRELEVEMENT SEPA CABINET EXPERTI,,PRLV SEPA NBE:CABINET EXPERTISE COMPTABLE<br />LIB:EAU ELECTRICITE,0,34.02,2024-08-26
651000,VIR SEPA SARL BONNET,,,0,3369.00,2025-10-15
445660,VIR SEPA SARL BONNET,,,0,673.80,2025-10-15
645000,PRLV SEPA URSSAF,REF292871,PRLV SEPA NBE:URSSAF<br />LIB:COTISATIONS PATRONALES T4 2025,0,11415.65,2025-12-13
275000,VIR SEPA SA LEFEVRE,,,0,3734.98,2024-01-26
651000,VIR SEPA SARL BONNET,,,0,673.87,2025-11-29
445660,VIR SEPA SARL BONNET,,,0,134.77,2025-11-29
401001,VIR SEPA EURL GAUTHIER LOGISTIQU,REF124293,VIR SEPA REF:FR35043704 NPY:EURL GAUTHIER LOGISTIQUE<br />LIB:ACOMPTE FOURNISSEUR,0,2390.75,2024-04-19
512000,VIR INTERNE,REF840632,VIR INTERNE REF:FR70914632<br />LIB:VIREMENT DE COMPTE A COMPTE,0,24142.24,2025-08-28
408000,FACTURE NON PARVENUE SARL GAUTIE,,,0,4138.87,2025-05-18
651000,VIREMENT SEPA SAS MOREAU,,,0,833.33,2025-08-30
445660,VIREMENT SEPA SAS MOREAU,,,0,166.67,2025-08-30
761000,VIR RECU INTERETS,,,57.79,0,2024-03-10
601100,CBMAIF,,,0,1272.96,2025-04-09
445660,CBMAIF,,,0,254.59,2025-04-09
626000,PRELEVEMENT SEPA SAS FAURE,,PRLV SEPA NBE:SAS FAURE<br />LIB:TELECOMMUNICATIONS,0,256.55,2024-09-30
628000,CB SARL GAUTIER,REF794177,,0,16.40,2024-12-31
421000,VIR SEPA SALAIRE FEVRIER,,VIR SEPA<br />LIB:SALAIRE FEVRIER 2024,0,2114.64,2024-02-28
580000,VIR INTERNE,,VIR INTERNE<br />LIB:VIREMENT INTERNE,0,3639.88,2025-04-16
706000,VIREMENT RECU EURL DESIG STUDIO,,,2912.23,0,2025-06-14
411002,VIR RECU SA GARNIER TRANSPORTS,REF831304,VIR SEPA NPY:SA GARNIER TRANSPORTS IBE:BE48861929000308 BIC:GEBABEBB PDO:BE<br />LIB:REGLEMENT CLIENT FAC2025655,7768.80,0,2024-09-28
623000,CB FREE MOBILE,,,0,765.43,2025-01-26
445660,CB FREE MOBILE,,,0,153.09,2025-01-26
627000,PRELEVEMENT SEPA SFR,,,0,80.00,2025-04-30
761000,VIR RECU INTERETS,,,450.29,0,2024-08-10
613200,PRELEVEMENT SEPA SARL BONNET,,,0,2037.30,2024-11-03
445660,PRELEVEMENT SEPA SARL BONNET,,,0,407.46,2024-11-03
613200,PRLV SEPA EURL BERNARD,,PRLV SEPA NBE:EURL BERNARD<br />LIB:LOYER JUIN 2025,0,1333.82,2025-06-03
445660,PRLV SEPA EURL BERNARD,,PRLV SEPA NBE:EURL BERNARD<br />LIB:LOYER JUIN 2025,0,266.76,2025-06-03
401001,VIR SEPA EURL GAUTHIER LOGISTIQU,,,0,2520.31,2025-03-26
775000,VIR RECU SARL COMMERCE DU SUD,,,20587.98,0,2024-06-19
